key,scroll,segment,recipe,pitch_um,height_ds8,width_ds8,window_px_ds8,n_windows,max_coverage,status
PHerc0172/segments/20251107110950-w064_20251107110950052_flatboi/ink-detection/downsampled/PHerc0172-20251107110950-7.91um-53keV-volume-20241024131839-20250713185324-timesformer_scroll5_july_retreat-tile64-stride16-ds8.jpg,PHerc0172,20251107110950-w064_20251107110950052_flatboi,other,,,,,0,,no_pitch
PHerc0172/segments/20251107110950-w064_20251107110950052_flatboi/ink-detection/downsampled/PHerc0172-20251107110950-7.91um-53keV-volume-20241024131839-20251222202946-timesformer_scroll5_november19-tile64-stride16-ds8.jpg,PHerc0172,20251107110950-w064_20251107110950052_flatboi,other,,,,,0,,no_pitch
PHerc0139/segments/20250108000000-w025_2025010863/ink-detection/downsampled/PHerc0139-20250108000000-1.129um-0.22m-59keV-volume-20260413113053-L1-20260709123958-mrg20736-1um-s1z2-tile256-stride128-ds8.jpg,PHerc0139,20250108000000-w025_2025010863,1um_s1z2,2.258,3765,3521,1088,6,0.992,scored
PHerc0139/segments/20250108000000-w025_2025010863/ink-detection/downsampled/PHerc0139-20250108000000-2.399um-0.22m-78keV-volume-20260102150214-20260417190342-new_canon_autoresearch_recipe-tile256-stride128-ds8.jpg,PHerc0139,20250108000000-w025_2025010863,canon,2.399,3540,3310,1024,25,1.0,scored
PHerc0139/segments/20250108000001-w026_2025010854/ink-detection/downsampled/PHerc0139-20250108000001-1.129um-0.22m-59keV-volume-20260413113053-L1-20260709123958-mrg20736-1um-s1z2-tile256-stride128-ds8.jpg,PHerc0139,20250108000001-w026_2025010854,1um_s1z2,2.258,3850,3788,1088,5,0.999,scored
PHerc0139/segments/20250108000001-w026_2025010854/ink-detection/downsampled/PHerc0139-20250108000001-2.399um-0.22m-78keV-volume-20260102150214-20260417190342-new_canon_autoresearch_recipe-tile256-stride128-ds8.jpg,PHerc0139,20250108000001-w026_2025010854,canon,2.399,3620,3560,1024,29,1.0,scored
PHerc0139/segments/20250108000002-w027_2025010845/ink-detection/downsampled/PHerc0139-20250108000002-1.129um-0.22m-59keV-volume-20260413113053-L1-20260709123958-mrg20736-1um-s1z2-tile256-stride128-ds8.jpg,PHerc0139,20250108000002-w027_2025010845,1um_s1z2,2.258,3786,3776,1088,5,1.0,scored
PHerc0139/segments/20250108000002-w027_2025010845/ink-detection/downsampled/PHerc0139-20250108000002-2.399um-0.22m-78keV-volume-20260102150214-20260417190342-new_canon_autoresearch_recipe-tile256-stride128-ds8.jpg,PHerc0139,20250108000002-w027_2025010845,canon,2.399,3560,3550,1024,25,1.0,scored
PHerc0139/segments/20250108000003-w028_2025010836/ink-detection/downsampled/PHerc0139-20250108000003-1.129um-0.22m-59keV-volume-20260413113053-L1-20260709123958-mrg20736-1um-s1z2-tile256-stride128-ds8.jpg,PHerc0139,20250108000003-w028_2025010836,1um_s1z2,2.258,3754,3808,1088,6,1.0,scored
PHerc0139/segments/20250108000003-w028_2025010836/ink-detection/downsampled/PHerc0139-20250108000003-2.399um-0.22m-78keV-volume-20260102150214-20260417190342-new_canon_autoresearch_recipe-tile256-stride128-ds8.jpg,PHerc0139,20250108000003-w028_2025010836,canon,2.399,3530,3580,1024,25,1.0,scored
PHerc0139/segments/20250108000004-w029_2025010827/ink-detection/downsampled/PHerc0139-20250108000004-1.129um-0.22m-59keV-volume-20260413113053-L1-20260709123958-mrg20736-1um-s1z2-tile256-stride128-ds8.jpg,PHerc0139,20250108000004-w029_2025010827,1um_s1z2,2.258,3733,3840,1088,6,1.0,scored
PHerc0139/segments/20250108000004-w029_2025010827/ink-detection/downsampled/PHerc0139-20250108000004-2.399um-0.22m-78keV-volume-20260102150214-20260417190342-new_canon_autoresearch_recipe-tile256-stride128-ds8.jpg,PHerc0139,20250108000004-w029_2025010827,canon,2.399,3510,3610,1024,28,1.0,scored
PHerc0139/segments/20250108000005-w030_2025010818/ink-detection/downsampled/PHerc0139-20250108000005-1.129um-0.22m-59keV-volume-20260413113053-L1-20260709123958-mrg20736-1um-s1z2-tile256-stride128-ds8.jpg,PHerc0139,20250108000005-w030_2025010818,1um_s1z2,2.258,3690,3861,1088,6,1.0,scored
PHerc0139/segments/20250108000005-w030_2025010818/ink-detection/downsampled/PHerc0139-20250108000005-2.399um-0.22m-78keV-volume-20260102150214-20260417190342-new_canon_autoresearch_recipe-tile256-stride128-ds8.jpg,PHerc0139,20250108000005-w030_2025010818,canon,2.399,3470,3630,1024,28,1.0,scored
PHerc0139/segments/20250223000000-w059_2025022312/ink-detection/downsampled/PHerc0139-20250223000000-1.129um-0.22m-59keV-volume-20260413113053-L1-20260709123958-mrg20736-1um-s1z2-tile256-stride128-ds8.jpg,PHerc0139,20250223000000-w059_2025022312,1um_s1z2,2.258,3733,5180,1088,14,0.917,scored
PHerc0139/segments/20250223000000-w059_2025022312/ink-detection/downsampled/PHerc0139-20250223000000-2.399um-0.22m-78keV-volume-20260102150214-20260417190342-new_canon_autoresearch_recipe-tile256-stride128-ds8.jpg,PHerc0139,20250223000000-w059_2025022312,canon,2.399,3510,4870,1024,38,1.0,scored
PHerc0139/segments/20250831000000-w040_2025083102/ink-detection/downsampled/PHerc0139-20250831000000-1.129um-0.22m-59keV-volume-20260413113053-L1-20260709123958-mrg20736-1um-s1z2-tile256-stride128-ds8.jpg,PHerc0139,20250831000000-w040_2025083102,1um_s1z2,2.258,3308,4128,1088,11,0.935,scored
PHerc0139/segments/20250831000000-w040_2025083102/ink-detection/downsampled/PHerc0139-20250831000000-2.399um-0.22m-78keV-volume-20260102150214-20260417190342-new_canon_autoresearch_recipe-tile256-stride128-ds8.jpg,PHerc0139,20250831000000-w040_2025083102,canon,2.399,3110,3880,1024,30,1.0,scored
PHerc0139/segments/20251226000000-w055_2025122611/ink-detection/downsampled/PHerc0139-20251226000000-1.129um-0.22m-59keV-volume-20260413113053-L1-20260709123958-mrg20736-1um-s1z2-tile256-stride128-ds8.jpg,PHerc0139,20251226000000-w055_2025122611,1um_s1z2,2.258,3989,5394,1088,9,1.0,scored
PHerc0139/segments/20251226000000-w055_2025122611/ink-detection/downsampled/PHerc0139-20251226000000-2.399um-0.22m-78keV-volume-20260102150214-20260417190342-new_canon_autoresearch_recipe-tile256-stride128-ds8.jpg,PHerc0139,20251226000000-w055_2025122611,canon,2.399,3750,5070,1024,47,1.0,scored
PHerc0139/segments/20260108000000-w041_2026010816/ink-detection/downsampled/PHerc0139-20260108000000-1.129um-0.22m-59keV-volume-20260413113053-L1-20260709123958-mrg20736-1um-s1z2-tile256-stride128-ds8.jpg,PHerc0139,20260108000000-w041_2026010816,1um_s1z2,2.258,3201,4149,1088,10,0.976,scored
PHerc0139/segments/20260108000000-w041_2026010816/ink-detection/downsampled/PHerc0139-20260108000000-2.399um-0.22m-78keV-volume-20260102150214-20260417190342-new_canon_autoresearch_recipe-tile256-stride128-ds8.jpg,PHerc0139,20260108000000-w041_2026010816,canon,2.399,3010,3900,1024,24,1.0,scored
PHerc0139/segments/20260112000000-w043_2026011217/ink-detection/downsampled/PHerc0139-20260112000000-1.129um-0.22m-59keV-volume-20260413113053-L1-20260709123958-mrg20736-1um-s1z2-tile256-stride128-ds8.jpg,PHerc0139,20260112000000-w043_2026011217,1um_s1z2,2.258,3159,4201,1088,9,0.984,scored
PHerc0139/segments/20260112000000-w043_2026011217/ink-detection/downsampled/PHerc0139-20260112000000-2.399um-0.22m-78keV-volume-20260102150214-20260417190342-new_canon_autoresearch_recipe-tile256-stride128-ds8.jpg,PHerc0139,20260112000000-w043_2026011217,canon,2.399,2970,3950,1024,24,1.0,scored
PHerc0139/segments/20260115000000-w044_2026011522/ink-detection/downsampled/PHerc0139-20260115000000-1.129um-0.22m-59keV-volume-20260413113053-L1-20260709123958-mrg20736-1um-s1z2-tile256-stride128-ds8.jpg,PHerc0139,20260115000000-w044_2026011522,1um_s1z2,2.258,3126,4223,1088,8,0.992,scored
PHerc0139/segments/20260115000000-w044_2026011522/ink-detection/downsampled/PHerc0139-20260115000000-2.399um-0.22m-78keV-volume-20260102150214-20260417190342-new_canon_autoresearch_recipe-tile256-stride128-ds8.jpg,PHerc0139,20260115000000-w044_2026011522,canon,2.399,2940,3970,1024,24,1.0,scored
PHerc0139/segments/20260115000001-w056_2026011514/ink-detection/downsampled/PHerc0139-20260115000001-1.129um-0.22m-59keV-volume-20260413113053-L1-20260709123958-mrg20736-1um-s1z2-tile256-stride128-ds8.jpg,PHerc0139,20260115000001-w056_2026011514,1um_s1z2,2.258,3711,5043,1088,8,1.0,scored
PHerc0139/segments/20260115000001-w056_2026011514/ink-detection/downsampled/PHerc0139-20260115000001-2.399um-0.22m-78keV-volume-20260102150214-20260417190342-new_canon_autoresearch_recipe-tile256-stride128-ds8.jpg,PHerc0139,20260115000001-w056_2026011514,canon,2.399,3490,4740,1024,37,1.0,scored
PHerc0139/segments/20260126000000-w045_2026012619/ink-detection/downsampled/PHerc0139-20260126000000-1.129um-0.22m-59keV-volume-20260413113053-L1-20260709123958-mrg20736-1um-s1z2-tile256-stride128-ds8.jpg,PHerc0139,20260126000000-w045_2026012619,1um_s1z2,2.258,3095,4265,1088,6,0.998,scored
PHerc0139/segments/20260126000000-w045_2026012619/ink-detection/downsampled/PHerc0139-20260126000000-2.399um-0.22m-78keV-volume-20260102150214-20260417190342-new_canon_autoresearch_recipe-tile256-stride128-ds8.jpg,PHerc0139,20260126000000-w045_2026012619,canon,2.399,2910,4010,1024,24,1.0,scored
PHerc0139/segments/20260127000000-w057_2026012713/ink-detection/downsampled/PHerc0139-20260127000000-1.129um-0.22m-59keV-volume-20260413113053-L1-20260709123958-mrg20736-1um-s1z2-tile256-stride128-ds8.jpg,PHerc0139,20260127000000-w057_2026012713,1um_s1z2,2.258,3925,5064,1088,16,0.94,scored
PHerc0139/segments/20260127000000-w057_2026012713/ink-detection/downsampled/PHerc0139-20260127000000-2.399um-0.22m-78keV-volume-20260102150214-20260417190342-new_canon_autoresearch_recipe-tile256-stride128-ds8.jpg,PHerc0139,20260127000000-w057_2026012713,canon,2.399,3690,4760,1024,46,1.0,scored
PHerc0139/segments/20260130000000-w031_2026013019/ink-detection/downsampled/PHerc0139-20260130000000-1.129um-0.22m-59keV-volume-20260413113053-L1-20260709123958-mrg20736-1um-s1z2-tile256-stride128-ds8.jpg,PHerc0139,20260130000000-w031_2026013019,1um_s1z2,2.258,3659,3883,1088,6,1.0,scored
PHerc0139/segments/20260130000000-w031_2026013019/ink-detection/downsampled/PHerc0139-20260130000000-2.399um-0.22m-78keV-volume-20260102150214-20260417190342-new_canon_autoresearch_recipe-tile256-stride128-ds8.jpg,PHerc0139,20260130000000-w031_2026013019,canon,2.399,3440,3650,1024,28,1.0,scored
PHerc0139/segments/20260203000000-w032_2026020303/ink-detection/downsampled/PHerc0139-20260203000000-1.129um-0.22m-59keV-volume-20260413113053-L1-20260709123958-mrg20736-1um-s1z2-tile256-stride128-ds8.jpg,PHerc0139,20260203000000-w032_2026020303,1um_s1z2,2.258,3669,3936,1088,6,1.0,scored
PHerc0139/segments/20260203000000-w032_2026020303/ink-detection/downsampled/PHerc0139-20260203000000-2.399um-0.22m-78keV-volume-20260102150214-20260417190342-new_canon_autoresearch_recipe-tile256-stride128-ds8.jpg,PHerc0139,20260203000000-w032_2026020303,canon,2.399,3450,3700,1024,29,1.0,scored
PHerc0139/segments/20260206000000-w042_2026020613/ink-detection/downsampled/PHerc0139-20260206000000-1.129um-0.22m-59keV-volume-20260413113053-L1-20260709123958-mrg20736-1um-s1z2-tile256-stride128-ds8.jpg,PHerc0139,20260206000000-w042_2026020613,1um_s1z2,2.258,3095,4074,1088,6,0.998,scored
PHerc0139/segments/20260206000000-w042_2026020613/ink-detection/downsampled/PHerc0139-20260206000000-2.399um-0.22m-78keV-volume-20260102150214-20260417190342-new_canon_autoresearch_recipe-tile256-stride128-ds8.jpg,PHerc0139,20260206000000-w042_2026020613,canon,2.399,2910,3830,1024,24,1.0,scored
PHerc0139/segments/20260206000001-w047_2026020613/ink-detection/downsampled/PHerc0139-20260206000001-1.129um-0.22m-59keV-volume-20260413113053-L1-20260709123958-mrg20736-1um-s1z2-tile256-stride128-ds8.jpg,PHerc0139,20260206000001-w047_2026020613,1um_s1z2,2.258,3020,4361,1088,7,1.0,scored
PHerc0139/segments/20260206000001-w047_2026020613/ink-detection/downsampled/PHerc0139-20260206000001-2.399um-0.22m-78keV-volume-20260102150214-20260417190342-new_canon_autoresearch_recipe-tile256-stride128-ds8.jpg,PHerc0139,20260206000001-w047_2026020613,canon,2.399,2840,4100,1024,28,1.0,scored
PHerc0139/segments/20260206000002-w054_2026020617/ink-detection/downsampled/PHerc0139-20260206000002-1.129um-0.22m-59keV-volume-20260413113053-L1-20260709123958-mrg20736-1um-s1z2-tile256-stride128-ds8.jpg,PHerc0139,20260206000002-w054_2026020617,1um_s1z2,2.258,3956,5765,1088,17,0.956,scored
PHerc0139/segments/20260206000002-w054_2026020617/ink-detection/downsampled/PHerc0139-20260206000002-2.399um-0.22m-78keV-volume-20260102150214-20260417190342-new_canon_autoresearch_recipe-tile256-stride128-ds8.jpg,PHerc0139,20260206000002-w054_2026020617,canon,2.399,3720,5420,1024,53,1.0,scored
PHerc0139/segments/20260210000000-w058_2026021020/ink-detection/downsampled/PHerc0139-20260210000000-1.129um-0.22m-59keV-volume-20260413113053-L1-20260709123958-mrg20736-1um-s1z2-tile256-stride128-ds8.jpg,PHerc0139,20260210000000-w058_2026021020,1um_s1z2,2.258,3883,5106,1088,16,0.927,scored
PHerc0139/segments/20260210000000-w058_2026021020/ink-detection/downsampled/PHerc0139-20260210000000-2.399um-0.22m-78keV-volume-20260102150214-20260417190342-new_canon_autoresearch_recipe-tile256-stride128-ds8.jpg,PHerc0139,20260210000000-w058_2026021020,canon,2.399,3650,4800,1024,45,1.0,scored
PHerc0139/segments/20260215000000-w024_2026021572/ink-detection/downsampled/PHerc0139-20260215000000-1.129um-0.22m-59keV-volume-20260413113053-L1-20260709123958-mrg20736-1um-s1z2-tile256-stride128-ds8.jpg,PHerc0139,20260215000000-w024_2026021572,1um_s1z2,2.258,3669,3425,1088,5,1.0,scored
PHerc0139/segments/20260215000000-w024_2026021572/ink-detection/downsampled/PHerc0139-20260215000000-2.399um-0.22m-78keV-volume-20260102150214-20260417190342-new_canon_autoresearch_recipe-tile256-stride128-ds8.jpg,PHerc0139,20260215000000-w024_2026021572,canon,2.399,3450,3220,1024,24,1.0,scored
PHerc0139/segments/20260219000000-w033_2026021913/ink-detection/downsampled/PHerc0139-20260219000000-1.129um-0.22m-59keV-volume-20260413113053-L1-20260709123958-mrg20736-1um-s1z2-tile256-stride128-ds8.jpg,PHerc0139,20260219000000-w033_2026021913,1um_s1z2,2.258,3669,3968,1088,6,1.0,scored
PHerc0139/segments/20260219000000-w033_2026021913/ink-detection/downsampled/PHerc0139-20260219000000-2.399um-0.22m-78keV-volume-20260102150214-20260417190342-new_canon_autoresearch_recipe-tile256-stride128-ds8.jpg,PHerc0139,20260219000000-w033_2026021913,canon,2.399,3450,3730,1024,29,1.0,scored
PHerc0139/segments/20260219000001-w048_2026021912/ink-detection/downsampled/PHerc0139-20260219000001-1.129um-0.22m-59keV-volume-20260413113053-L1-20260709123958-mrg20736-1um-s1z2-tile256-stride128-ds8.jpg,PHerc0139,20260219000001-w048_2026021912,1um_s1z2,2.258,2956,4404,1088,7,1.0,scored
PHerc0139/segments/20260219000001-w048_2026021912/ink-detection/downsampled/PHerc0139-20260219000001-2.399um-0.22m-78keV-volume-20260102150214-20260417190342-new_canon_autoresearch_recipe-tile256-stride128-ds8.jpg,PHerc0139,20260219000001-w048_2026021912,canon,2.399,2780,4140,1024,28,1.0,scored
PHerc0139/segments/20260220000000-w053_2026022021/ink-detection/downsampled/PHerc0139-20260220000000-1.129um-0.22m-59keV-volume-20260413113053-L1-20260709123958-mrg20736-1um-s1z2-tile256-stride128-ds8.jpg,PHerc0139,20260220000000-w053_2026022021,1um_s1z2,2.258,3850,5361,1088,10,0.999,scored
PHerc0139/segments/20260220000000-w053_2026022021/ink-detection/downsampled/PHerc0139-20260220000000-2.399um-0.22m-78keV-volume-20260102150214-20260417190342-new_canon_autoresearch_recipe-tile256-stride128-ds8.jpg,PHerc0139,20260220000000-w053_2026022021,canon,2.399,3620,5040,1024,47,1.0,scored
PHerc0139/segments/20260227000000-w052_2026022705/ink-detection/downsampled/PHerc0139-20260227000000-1.129um-0.22m-59keV-volume-20260413113053-L1-20260709123958-mrg20736-1um-s1z2-tile256-stride128-ds8.jpg,PHerc0139,20260227000000-w052_2026022705,1um_s1z2,2.258,3978,5053,1088,16,0.878,scored
PHerc0139/segments/20260227000000-w052_2026022705/ink-detection/downsampled/PHerc0139-20260227000000-2.399um-0.22m-78keV-volume-20260102150214-20260417190342-new_canon_autoresearch_recipe-tile256-stride128-ds8.jpg,PHerc0139,20260227000000-w052_2026022705,canon,2.399,3740,4750,1024,47,1.0,scored
PHerc0139/segments/20260302000000-w039_2026030210/ink-detection/downsampled/PHerc0139-20260302000000-1.129um-0.22m-59keV-volume-20260413113053-L1-20260709123958-mrg20736-1um-s1z2-tile256-stride128-ds8.jpg,PHerc0139,20260302000000-w039_2026030210,1um_s1z2,2.258,4424,3989,1088,12,0.906,scored
PHerc0139/segments/20260302000000-w039_2026030210/ink-detection/downsampled/PHerc0139-20260302000000-2.399um-0.22m-78keV-volume-20260102150214-20260417190342-new_canon_autoresearch_recipe-tile256-stride128-ds8.jpg,PHerc0139,20260302000000-w039_2026030210,canon,2.399,4160,3750,1024,30,1.0,scored
PHerc0139/segments/20260302000001-w050_2026030220/ink-detection/downsampled/PHerc0139-20260302000001-1.129um-0.22m-59keV-volume-20260413113053-L1-20260709123958-mrg20736-1um-s1z2-tile256-stride128-ds8.jpg,PHerc0139,20260302000001-w050_2026030220,1um_s1z2,2.258,2744,2010,1088,2,0.985,scored
PHerc0139/segments/20260302000001-w050_2026030220/ink-detection/downsampled/PHerc0139-20260302000001-2.399um-0.22m-78keV-volume-20260102150214-20260417190342-new_canon_autoresearch_recipe-tile256-stride128-ds8.jpg,PHerc0139,20260302000001-w050_2026030220,canon,2.399,2580,1890,1024,8,1.0,scored
PHerc0139/segments/20260303000000-w034_2026030317/ink-detection/downsampled/PHerc0139-20260303000000-1.129um-0.22m-59keV-volume-20260413113053-L1-20260709123958-mrg20736-1um-s1z2-tile256-stride128-ds8.jpg,PHerc0139,20260303000000-w034_2026030317,1um_s1z2,2.258,3638,3989,1088,6,1.0,scored
PHerc0139/segments/20260303000000-w034_2026030317/ink-detection/downsampled/PHerc0139-20260303000000-2.399um-0.22m-78keV-volume-20260102150214-20260417190342-new_canon_autoresearch_recipe-tile256-stride128-ds8.jpg,PHerc0139,20260303000000-w034_2026030317,canon,2.399,3420,3750,1024,29,1.0,scored
PHerc0139/segments/20260306000000-w038_2026030608/ink-detection/downsampled/PHerc0139-20260306000000-1.129um-0.22m-59keV-volume-20260413113053-L1-20260709123958-mrg20736-1um-s1z2-tile256-stride128-ds8.jpg,PHerc0139,20260306000000-w038_2026030608,1um_s1z2,2.258,3201,3851,1088,8,0.991,scored
PHerc0139/segments/20260306000000-w038_2026030608/ink-detection/downsampled/PHerc0139-20260306000000-2.399um-0.22m-78keV-volume-20260102150214-20260417190342-new_canon_autoresearch_recipe-tile256-stride128-ds8.jpg,PHerc0139,20260306000000-w038_2026030608,canon,2.399,3010,3620,1024,24,1.0,scored
PHerc0139/segments/20260306000001-w051_2026030600/ink-detection/downsampled/PHerc0139-20260306000001-1.129um-0.22m-59keV-volume-20260413113053-L1-20260709123958-mrg20736-1um-s1z2-tile256-stride128-ds8.jpg,PHerc0139,20260306000001-w051_2026030600,1um_s1z2,2.258,3914,4968,1088,16,0.931,scored
PHerc0139/segments/20260306000001-w051_2026030600/ink-detection/downsampled/PHerc0139-20260306000001-2.399um-0.22m-78keV-volume-20260102150214-20260417190342-new_canon_autoresearch_recipe-tile256-stride128-ds8.jpg,PHerc0139,20260306000001-w051_2026030600,canon,2.399,3680,4670,1024,47,1.0,scored
PHerc0139/segments/20260310000000-w037_2026031015/ink-detection/downsampled/PHerc0139-20260310000000-1.129um-0.22m-59keV-volume-20260413113053-L1-20260709123958-mrg20736-1um-s1z2-tile256-stride128-ds8.jpg,PHerc0139,20260310000000-w037_2026031015,1um_s1z2,2.258,3169,3723,1088,5,0.993,scored
PHerc0139/segments/20260310000000-w037_2026031015/ink-detection/downsampled/PHerc0139-20260310000000-2.399um-0.22m-78keV-volume-20260102150214-20260417190342-new_canon_autoresearch_recipe-tile256-stride128-ds8.jpg,PHerc0139,20260310000000-w037_2026031015,canon,2.399,2980,3500,1024,20,1.0,scored
PHerc0139/segments/20260311000000-w023_202603112281/ink-detection/downsampled/PHerc0139-20260311000000-1.129um-0.22m-59keV-volume-20260413113053-L1-20260709123958-mrg20736-1um-s1z2-tile256-stride128-ds8.jpg,PHerc0139,20260311000000-w023_202603112281,1um_s1z2,2.258,3584,3298,1088,5,1.0,scored
PHerc0139/segments/20260311000000-w023_202603112281/ink-detection/downsampled/PHerc0139-20260311000000-2.399um-0.22m-78keV-volume-20260102150214-20260417190342-new_canon_autoresearch_recipe-tile256-stride128-ds8.jpg,PHerc0139,20260311000000-w023_202603112281,canon,2.399,3370,3100,1024,23,1.0,scored
PHerc0139/segments/20260316000000-w036_2026031607/ink-detection/downsampled/PHerc0139-20260316000000-1.129um-0.22m-59keV-volume-20260413113053-L1-20260709123958-mrg20736-1um-s1z2-tile256-stride128-ds8.jpg,PHerc0139,20260316000000-w036_2026031607,1um_s1z2,2.258,3095,3606,1088,5,1.0,scored
PHerc0139/segments/20260316000000-w036_2026031607/ink-detection/downsampled/PHerc0139-20260316000000-2.399um-0.22m-78keV-volume-20260102150214-20260417190342-new_canon_autoresearch_recipe-tile256-stride128-ds8.jpg,PHerc0139,20260316000000-w036_2026031607,canon,2.399,2910,3390,1024,20,1.0,scored
PHerc0139/segments/20260317000000-w035_2026031718/ink-detection/downsampled/PHerc0139-20260317000000-1.129um-0.22m-59keV-volume-20260413113053-L1-20260709123958-mrg20736-1um-s1z2-tile256-stride128-ds8.jpg,PHerc0139,20260317000000-w035_2026031718,1um_s1z2,2.258,3010,2713,1088,3,1.0,scored
PHerc0139/segments/20260317000000-w035_2026031718/ink-detection/downsampled/PHerc0139-20260317000000-2.399um-0.22m-78keV-volume-20260102150214-20260417190342-new_canon_autoresearch_recipe-tile256-stride128-ds8.jpg,PHerc0139,20260317000000-w035_2026031718,canon,2.399,2830,2550,1024,12,1.0,scored
PHerc0139/segments/20260318000000-w049_20260318/ink-detection/downsampled/PHerc0139-20260318000000-1.129um-0.22m-59keV-volume-20260413113053-L1-20260709123958-mrg20736-1um-s1z2-tile256-stride128-ds8.jpg,PHerc0139,20260318000000-w049_20260318,1um_s1z2,2.258,2925,4861,1088,7,1.0,scored
PHerc0139/segments/20260318000000-w049_20260318/ink-detection/downsampled/PHerc0139-20260318000000-2.399um-0.22m-78keV-volume-20260102150214-20260417190342-new_canon_autoresearch_recipe-tile256-stride128-ds8.jpg,PHerc0139,20260318000000-w049_20260318,canon,2.399,2750,4570,1024,28,1.0,scored
PHerc0139/segments/20260325000000-w046_20260325/ink-detection/downsampled/PHerc0139-20260325000000-1.129um-0.22m-59keV-volume-20260413113053-L1-20260709123958-mrg20736-1um-s1z2-tile256-stride128-ds8.jpg,PHerc0139,20260325000000-w046_20260325,1um_s1z2,2.258,3095,4276,1088,6,0.996,scored
PHerc0139/segments/20260325000000-w046_20260325/ink-detection/downsampled/PHerc0139-20260325000000-2.399um-0.22m-78keV-volume-20260102150214-20260417190342-new_canon_autoresearch_recipe-tile256-stride128-ds8.jpg,PHerc0139,20260325000000-w046_20260325,canon,2.399,2910,4020,1024,24,1.0,scored
PHerc0139/segments/20260422000000-title_2026042222_zmid_flatboi/ink-detection/downsampled/PHerc0139-20260422000000-2.399um-0.22m-78keV-volume-20260102150214-20260417190342-new_canon_autoresearch_recipe-tile256-stride128-ds8.jpg,PHerc0139,20260422000000-title_2026042222_zmid_flatboi,canon,2.399,870,2610,1024,4,0.932,scored
PHerc0172/segments/20250917143559-w062_20250917143559205_flatboi/ink-detection/downsampled/PHerc0172-20250917143559-7.91um-53keV-volume-20241024131838-20250713185324-timesformer_scroll5_july_retreat-tile64-stride16-ds8.jpg,PHerc0172,20250917143559-w062_20250917143559205_flatboi,other,7.91,1575,1718,311,85,1.0,scored
PHerc0172/segments/20250917143559-w062_20250917143559205_flatboi/ink-detection/downsampled/PHerc0172-20250917143559-7.91um-53keV-volume-20241024131838-20251222202946-timesformer_scroll5_november19-tile64-stride16-ds8.jpg,PHerc0172,20250917143559-w062_20250917143559205_flatboi,other,7.91,1575,1718,311,85,1.0,scored
PHerc0172/segments/20250926112011-w078_20250926112011918_flatboi/ink-detection/downsampled/PHerc0172-20250926112011-7.91um-53keV-volume-20241024131838-20250713185324-timesformer_scroll5_july_retreat-tile64-stride16-ds8.jpg,PHerc0172,20250926112011-w078_20250926112011918_flatboi,other,7.91,1713,1563,311,76,1.0,scored
PHerc0172/segments/20250926112011-w078_20250926112011918_flatboi/ink-detection/downsampled/PHerc0172-20250926112011-7.91um-53keV-volume-20241024131838-20251222202946-timesformer_scroll5_november19-tile64-stride16-ds8.jpg,PHerc0172,20250926112011-w078_20250926112011918_flatboi,other,7.91,1713,1563,311,76,1.0,scored
PHerc0172/segments/20250926113336-w079_20250926113336891_flatboi/ink-detection/downsampled/PHerc0172-20250926113336-7.91um-53keV-volume-20241024131838-20250713185324-timesformer_scroll5_july_retreat-tile64-stride16-ds8.jpg,PHerc0172,20250926113336-w079_20250926113336891_flatboi,other,7.91,1815,2048,311,71,1.0,scored
PHerc0172/segments/20250926113336-w079_20250926113336891_flatboi/ink-detection/downsampled/PHerc0172-20250926113336-7.91um-53keV-volume-20241024131838-20251222202946-timesformer_scroll5_november19-tile64-stride16-ds8.jpg,PHerc0172,20250926113336-w079_20250926113336891_flatboi,other,7.91,1815,2048,311,71,1.0,scored
PHerc0172/segments/20250926114310-w080_20250926114310705_flatboi/ink-detection/downsampled/PHerc0172-20250926114310-7.91um-53keV-volume-20241024131838-20250713185324-timesformer_scroll5_july_retreat-tile64-stride16-ds8.jpg,PHerc0172,20250926114310-w080_20250926114310705_flatboi,other,7.91,1560,1428,311,57,1.0,scored
PHerc0172/segments/20250926114310-w080_20250926114310705_flatboi/ink-detection/downsampled/PHerc0172-20250926114310-7.91um-53keV-volume-20241024131838-20251222202946-timesformer_scroll5_november19-tile64-stride16-ds8.jpg,PHerc0172,20250926114310-w080_20250926114310705_flatboi,other,7.91,1560,1428,311,57,1.0,scored
PHerc0172/segments/20250926122938-w082_20250926122938619_flatboi/ink-detection/downsampled/PHerc0172-20250926122938-7.91um-53keV-volume-20241024131838-20250713185324-timesformer_scroll5_july_retreat-tile64-stride16-ds8.jpg,PHerc0172,20250926122938-w082_20250926122938619_flatboi,other,7.91,1790,1440,311,65,1.0,scored
PHerc0172/segments/20250926122938-w082_20250926122938619_flatboi/ink-detection/downsampled/PHerc0172-20250926122938-7.91um-53keV-volume-20241024131838-20251222202946-timesformer_scroll5_november19-tile64-stride16-ds8.jpg,PHerc0172,20250926122938-w082_20250926122938619_flatboi,other,7.91,1790,1440,311,65,1.0,scored
PHerc0172/segments/20250926132117-w083_20250926132117595_flatboi/ink-detection/downsampled/PHerc0172-20250926132117-7.91um-53keV-volume-20241024131838-20250713185324-timesformer_scroll5_july_retreat-tile64-stride16-ds8.jpg,PHerc0172,20250926132117-w083_20250926132117595_flatboi,other,7.91,1743,1453,311,68,1.0,scored
PHerc0172/segments/20250926132117-w083_20250926132117595_flatboi/ink-detection/downsampled/PHerc0172-20250926132117-7.91um-53keV-volume-20241024131838-20251222202946-timesformer_scroll5_november19-tile64-stride16-ds8.jpg,PHerc0172,20250926132117-w083_20250926132117595_flatboi,other,7.91,1743,1453,311,68,1.0,scored
PHerc0172/segments/20250926145427-w084_20250926145427439_flatboi/ink-detection/downsampled/PHerc0172-20250926145427-7.91um-53keV-volume-20241024131838-20250713185324-timesformer_scroll5_july_retreat-tile64-stride16-ds8.jpg,PHerc0172,20250926145427-w084_20250926145427439_flatboi,other,7.91,1208,1503,311,35,1.0,scored
PHerc0172/segments/20250926145427-w084_20250926145427439_flatboi/ink-detection/downsampled/PHerc0172-20250926145427-7.91um-53keV-volume-20241024131838-20251222202946-timesformer_scroll5_november19-tile64-stride16-ds8.jpg,PHerc0172,20250926145427-w084_20250926145427439_flatboi,other,7.91,1208,1503,311,35,1.0,scored
PHerc0172/segments/20250926150345-w086_20250926150345176_flatboi/ink-detection/downsampled/PHerc0172-20250926150345-7.91um-53keV-volume-20241024131838-20250713185324-timesformer_scroll5_july_retreat-tile64-stride16-ds8.jpg,PHerc0172,20250926150345-w086_20250926150345176_flatboi,other,7.91,1558,1213,311,50,1.0,scored
PHerc0172/segments/20250926150345-w086_20250926150345176_flatboi/ink-detection/downsampled/PHerc0172-20250926150345-7.91um-53keV-volume-20241024131838-20251222202946-timesformer_scroll5_november19-tile64-stride16-ds8.jpg,PHerc0172,20250926150345-w086_20250926150345176_flatboi,other,7.91,1558,1213,311,50,1.0,scored
PHerc0172/segments/20250926153406-w088_20250926153406704_flatboi/ink-detection/downsampled/PHerc0172-20250926153406-7.91um-53keV-volume-20241024131838-20250713185324-timesformer_scroll5_july_retreat-tile64-stride16-ds8.jpg,PHerc0172,20250926153406-w088_20250926153406704_flatboi,other,7.91,1820,1563,311,59,1.0,scored
PHerc0172/segments/20250926153406-w088_20250926153406704_flatboi/ink-detection/downsampled/PHerc0172-20250926153406-7.91um-53keV-volume-20241024131838-20251222202946-timesformer_scroll5_november19-tile64-stride16-ds8.jpg,PHerc0172,20250926153406-w088_20250926153406704_flatboi,other,7.91,1820,1563,311,59,1.0,scored
PHerc0172/segments/20251106133152-w077_20251106133152767_flatboi/ink-detection/downsampled/PHerc0172-20251106133152-7.91um-53keV-volume-20241024131838-20250713185324-timesformer_scroll5_july_retreat-tile64-stride16-ds8.jpg,PHerc0172,20251106133152-w077_20251106133152767_flatboi,other,7.91,1993,1475,311,69,1.0,scored
PHerc0172/segments/20251106133152-w077_20251106133152767_flatboi/ink-detection/downsampled/PHerc0172-20251106133152-7.91um-53keV-volume-20241024131838-20251222202946-timesformer_scroll5_november19-tile64-stride16-ds8.jpg,PHerc0172,20251106133152-w077_20251106133152767_flatboi,other,7.91,1993,1475,311,69,1.0,scored
PHerc0172/segments/20251106170358-w076_20251106170358232_flatboi/ink-detection/downsampled/PHerc0172-20251106170358-7.91um-53keV-volume-20241024131838-20250713185324-timesformer_scroll5_july_retreat-tile64-stride16-ds8.jpg,PHerc0172,20251106170358-w076_20251106170358232_flatboi,other,7.91,1683,1520,311,64,1.0,scored
PHerc0172/segments/20251106170358-w076_20251106170358232_flatboi/ink-detection/downsampled/PHerc0172-20251106170358-7.91um-53keV-volume-20241024131838-20251222202946-timesformer_scroll5_november19-tile64-stride16-ds8.jpg,PHerc0172,20251106170358-w076_20251106170358232_flatboi,other,7.91,1683,1520,311,64,1.0,scored
PHerc0172/segments/20251107063327-w063_20251107063327215_flatboi/ink-detection/downsampled/PHerc0172-20251107063327-7.91um-53keV-volume-20241024131838-20250713185324-timesformer_scroll5_july_retreat-tile64-stride16-ds8.jpg,PHerc0172,20251107063327-w063_20251107063327215_flatboi,other,7.91,1605,1760,311,90,1.0,scored
PHerc0172/segments/20251107063327-w063_20251107063327215_flatboi/ink-detection/downsampled/PHerc0172-20251107063327-7.91um-53keV-volume-20241024131838-20251222202946-timesformer_scroll5_november19-tile64-stride16-ds8.jpg,PHerc0172,20251107063327-w063_20251107063327215_flatboi,other,7.91,1605,1760,311,90,1.0,scored
PHerc0172/segments/20251107110950-w064_20251107110950052_flatboi/ink-detection/downsampled/PHerc0172-20251107110950-7.91um-53keV-volume-20241024131838-20250713185324-timesformer_scroll5_july_retreat-tile64-stride16-ds8.jpg,PHerc0172,20251107110950-w064_20251107110950052_flatboi,other,7.91,1678,1868,311,99,1.0,scored
PHerc0172/segments/20251107110950-w064_20251107110950052_flatboi/ink-detection/downsampled/PHerc0172-20251107110950-7.91um-53keV-volume-20241024131838-20251222202946-timesformer_scroll5_november19-tile64-stride16-ds8.jpg,PHerc0172,20251107110950-w064_20251107110950052_flatboi,other,7.91,1678,1868,311,99,1.0,scored
PHerc0172/segments/20251107175958-w061_20251107175958270_flatboi/ink-detection/downsampled/PHerc0172-20251107175958-7.91um-53keV-volume-20241024131838-20250713185324-timesformer_scroll5_july_retreat-tile64-stride16-ds8.jpg,PHerc0172,20251107175958-w061_20251107175958270_flatboi,other,7.91,1505,1585,311,72,1.0,scored
PHerc0172/segments/20251107175958-w061_20251107175958270_flatboi/ink-detection/downsampled/PHerc0172-20251107175958-7.91um-53keV-volume-20241024131838-20251222202946-timesformer_scroll5_november19-tile64-stride16-ds8.jpg,PHerc0172,20251107175958-w061_20251107175958270_flatboi,other,7.91,1505,1585,311,72,1.0,scored
PHerc0172/segments/20251109232817-w065_20251109232817724_flatboi/ink-detection/downsampled/PHerc0172-20251109232817-7.91um-53keV-volume-20241024131838-20250713185324-timesformer_scroll5_july_retreat-tile64-stride16-ds8.jpg,PHerc0172,20251109232817-w065_20251109232817724_flatboi,other,7.91,1898,1858,311,97,1.0,scored
PHerc0172/segments/20251109232817-w065_20251109232817724_flatboi/ink-detection/downsampled/PHerc0172-20251109232817-7.91um-53keV-volume-20241024131838-20251222202946-timesformer_scroll5_november19-tile64-stride16-ds8.jpg,PHerc0172,20251109232817-w065_20251109232817724_flatboi,other,7.91,1898,1858,311,97,1.0,scored
PHerc0172/segments/20251110110112-w066_20251110110112608_flatboi/ink-detection/downsampled/PHerc0172-20251110110112-7.91um-53keV-volume-20241024131838-20250713185324-timesformer_scroll5_july_retreat-tile64-stride16-ds8.jpg,PHerc0172,20251110110112-w066_20251110110112608_flatboi,other,7.91,2093,1873,311,105,1.0,scored
PHerc0172/segments/20251110110112-w066_20251110110112608_flatboi/ink-detection/downsampled/PHerc0172-20251110110112-7.91um-53keV-volume-20241024131838-20251222202946-timesformer_scroll5_november19-tile64-stride16-ds8.jpg,PHerc0172,20251110110112-w066_20251110110112608_flatboi,other,7.91,2093,1873,311,105,1.0,scored
PHerc0172/segments/20251110135146-w085_20251110135146457_flatboi/ink-detection/downsampled/PHerc0172-20251110135146-7.91um-53keV-volume-20241024131838-20250713185324-timesformer_scroll5_july_retreat-tile64-stride16-ds8.jpg,PHerc0172,20251110135146-w085_20251110135146457_flatboi,other,7.91,1580,1210,311,51,1.0,scored
PHerc0172/segments/20251110135146-w085_20251110135146457_flatboi/ink-detection/downsampled/PHerc0172-20251110135146-7.91um-53keV-volume-20241024131838-20251222202946-timesformer_scroll5_november19-tile64-stride16-ds8.jpg,PHerc0172,20251110135146-w085_20251110135146457_flatboi,other,7.91,1580,1210,311,51,1.0,scored
PHerc0172/segments/20251110135803-w067_20251110135803677_flatboi/ink-detection/downsampled/PHerc0172-20251110135803-7.91um-53keV-volume-20241024131838-20250713185324-timesformer_scroll5_july_retreat-tile64-stride16-ds8.jpg,PHerc0172,20251110135803-w067_20251110135803677_flatboi,other,7.91,1643,1858,311,90,1.0,scored
PHerc0172/segments/20251110135803-w067_20251110135803677_flatboi/ink-detection/downsampled/PHerc0172-20251110135803-7.91um-53keV-volume-20241024131838-20251222202946-timesformer_scroll5_november19-tile64-stride16-ds8.jpg,PHerc0172,20251110135803-w067_20251110135803677_flatboi,other,7.91,1643,1858,311,90,1.0,scored
PHerc0172/segments/20251111010954-w068_20251111010954408_flatboi/ink-detection/downsampled/PHerc0172-20251111010954-7.91um-53keV-volume-20241024131838-20250713185324-timesformer_scroll5_july_retreat-tile64-stride16-ds8.jpg,PHerc0172,20251111010954-w068_20251111010954408_flatboi,other,7.91,1635,1865,311,99,1.0,scored
PHerc0172/segments/20251111010954-w068_20251111010954408_flatboi/ink-detection/downsampled/PHerc0172-20251111010954-7.91um-53keV-volume-20241024131838-20251222202946-timesformer_scroll5_november19-tile64-stride16-ds8.jpg,PHerc0172,20251111010954-w068_20251111010954408_flatboi,other,7.91,1635,1865,311,99,1.0,scored
PHerc0172/segments/20251111151836-w069_20251111151836406_flatboi/ink-detection/downsampled/PHerc0172-20251111151836-7.91um-53keV-volume-20241024131838-20250713185324-timesformer_scroll5_july_retreat-tile64-stride16-ds8.jpg,PHerc0172,20251111151836-w069_20251111151836406_flatboi,other,7.91,2045,2183,311,125,1.0,scored
PHerc0172/segments/20251111151836-w069_20251111151836406_flatboi/ink-detection/downsampled/PHerc0172-20251111151836-7.91um-53keV-volume-20241024131838-20251222202946-timesformer_scroll5_november19-tile64-stride16-ds8.jpg,PHerc0172,20251111151836-w069_20251111151836406_flatboi,other,7.91,2045,2183,311,125,1.0,scored
PHerc0172/segments/20251111210734-w070_20251111210734722_flatboi/ink-detection/downsampled/PHerc0172-20251111210734-7.91um-53keV-volume-20241024131838-20250713185324-timesformer_scroll5_july_retreat-tile64-stride16-ds8.jpg,PHerc0172,20251111210734-w070_20251111210734722_flatboi,other,7.91,1615,1873,311,99,1.0,scored
PHerc0172/segments/20251111210734-w070_20251111210734722_flatboi/ink-detection/downsampled/PHerc0172-20251111210734-7.91um-53keV-volume-20241024131838-20251222202946-timesformer_scroll5_november19-tile64-stride16-ds8.jpg,PHerc0172,20251111210734-w070_20251111210734722_flatboi,other,7.91,1615,1873,311,99,1.0,scored
PHerc0172/segments/20251112000002-w087_20251112000002214_flatboi/ink-detection/downsampled/PHerc0172-20251112000002-7.91um-53keV-volume-20241024131838-20250713185324-timesformer_scroll5_july_retreat-tile64-stride16-ds8.jpg,PHerc0172,20251112000002-w087_20251112000002214_flatboi,other,7.91,1553,1203,311,50,1.0,scored
PHerc0172/segments/20251112000002-w087_20251112000002214_flatboi/ink-detection/downsampled/PHerc0172-20251112000002-7.91um-53keV-volume-20241024131838-20251222202946-timesformer_scroll5_november19-tile64-stride16-ds8.jpg,PHerc0172,20251112000002-w087_20251112000002214_flatboi,other,7.91,1553,1203,311,50,1.0,scored
PHerc0172/segments/20251112163527-w071_20251112163527854_flatboi/ink-detection/downsampled/PHerc0172-20251112163527-7.91um-53keV-volume-20241024131838-20250713185324-timesformer_scroll5_july_retreat-tile64-stride16-ds8.jpg,PHerc0172,20251112163527-w071_20251112163527854_flatboi,other,7.91,1613,1885,311,99,1.0,scored
PHerc0172/segments/20251112163527-w071_20251112163527854_flatboi/ink-detection/downsampled/PHerc0172-20251112163527-7.91um-53keV-volume-20241024131838-20251222202946-timesformer_scroll5_november19-tile64-stride16-ds8.jpg,PHerc0172,20251112163527-w071_20251112163527854_flatboi,other,7.91,1613,1885,311,99,1.0,scored
PHerc0172/segments/20251113021010-w072_20251113021010674_flatboi/ink-detection/downsampled/PHerc0172-20251113021010-7.91um-53keV-volume-20241024131838-20250713185324-timesformer_scroll5_july_retreat-tile64-stride16-ds8.jpg,PHerc0172,20251113021010-w072_20251113021010674_flatboi,other,7.91,1595,1885,311,99,1.0,scored
PHerc0172/segments/20251113021010-w072_20251113021010674_flatboi/ink-detection/downsampled/PHerc0172-20251113021010-7.91um-53keV-volume-20241024131838-20251222202946-timesformer_scroll5_november19-tile64-stride16-ds8.jpg,PHerc0172,20251113021010-w072_20251113021010674_flatboi,other,7.91,1595,1885,311,99,1.0,scored
PHerc0172/segments/20251113130119-w073_20251113130119516_flatboi/ink-detection/downsampled/PHerc0172-20251113130119-7.91um-53keV-volume-20241024131838-20250713185324-timesformer_scroll5_july_retreat-tile64-stride16-ds8.jpg,PHerc0172,20251113130119-w073_20251113130119516_flatboi,other,7.91,1590,1893,311,99,1.0,scored
PHerc0172/segments/20251113130119-w073_20251113130119516_flatboi/ink-detection/downsampled/PHerc0172-20251113130119-7.91um-53keV-volume-20241024131838-20251222202946-timesformer_scroll5_november19-tile64-stride16-ds8.jpg,PHerc0172,20251113130119-w073_20251113130119516_flatboi,other,7.91,1590,1893,311,99,1.0,scored
PHerc0172/segments/20251113152136-w074_20251113152136889_flatboi/ink-detection/downsampled/PHerc0172-20251113152136-7.91um-53keV-volume-20241024131838-20250713185324-timesformer_scroll5_july_retreat-tile64-stride16-ds8.jpg,PHerc0172,20251113152136-w074_20251113152136889_flatboi,other,7.91,1585,1880,311,99,1.0,scored
PHerc0172/segments/20251113152136-w074_20251113152136889_flatboi/ink-detection/downsampled/PHerc0172-20251113152136-7.91um-53keV-volume-20241024131838-20251222202946-timesformer_scroll5_november19-tile64-stride16-ds8.jpg,PHerc0172,20251113152136-w074_20251113152136889_flatboi,other,7.91,1585,1880,311,99,1.0,scored
PHerc0172/segments/20251113204233-w075_20251113204233755_flatboi/ink-detection/downsampled/PHerc0172-20251113204233-7.91um-53keV-volume-20241024131838-20250713185324-timesformer_scroll5_july_retreat-tile64-stride16-ds8.jpg,PHerc0172,20251113204233-w075_20251113204233755_flatboi,other,7.91,1573,1878,311,99,1.0,scored
PHerc0172/segments/20251113204233-w075_20251113204233755_flatboi/ink-detection/downsampled/PHerc0172-20251113204233-7.91um-53keV-volume-20241024131838-20251222202946-timesformer_scroll5_november19-tile64-stride16-ds8.jpg,PHerc0172,20251113204233-w075_20251113204233755_flatboi,other,7.91,1573,1878,311,99,1.0,scored
PHerc0172/segments/20251114202035-w081_20251114202035261_flatboi/ink-detection/downsampled/PHerc0172-20251114202035-7.91um-53keV-volume-20241024131838-20250713185324-timesformer_scroll5_july_retreat-tile64-stride16-ds8.jpg,PHerc0172,20251114202035-w081_20251114202035261_flatboi,other,7.91,1470,1428,311,52,1.0,scored
PHerc0172/segments/20251114202035-w081_20251114202035261_flatboi/ink-detection/downsampled/PHerc0172-20251114202035-7.91um-53keV-volume-20241024131838-20251222202946-timesformer_scroll5_november19-tile64-stride16-ds8.jpg,PHerc0172,20251114202035-w081_20251114202035261_flatboi,other,7.91,1470,1428,311,52,1.0,scored
PHerc0172/segments/20251115002740-auto_grown_20251115002740308_0_flatboi/ink-detection/downsampled/PHerc0172-20251115002740-7.91um-53keV-volume-20241024131838-20250713185324-timesformer_scroll5_july_retreat-tile64-stride16-ds8.jpg,PHerc0172,20251115002740-auto_grown_20251115002740308_0_flatboi,other,7.91,1388,6150,311,266,1.0,scored
PHerc0172/segments/20251115002740-auto_grown_20251115002740308_0_flatboi/ink-detection/downsampled/PHerc0172-20251115002740-7.91um-53keV-volume-20241024131838-20251222202946-timesformer_scroll5_november19-tile64-stride16-ds8.jpg,PHerc0172,20251115002740-auto_grown_20251115002740308_0_flatboi,other,7.91,1388,6150,311,266,1.0,scored
PHerc0172/segments/20251115002741-auto_grown_20251115002740308_1_flatboi/ink-detection/downsampled/PHerc0172-20251115002741-7.91um-53keV-volume-20241024131838-20250713185324-timesformer_scroll5_july_retreat-tile64-stride16-ds8.jpg,PHerc0172,20251115002741-auto_grown_20251115002740308_1_flatboi,other,7.91,1573,7038,311,376,1.0,scored
PHerc0172/segments/20251115002741-auto_grown_20251115002740308_1_flatboi/ink-detection/downsampled/PHerc0172-20251115002741-7.91um-53keV-volume-20241024131838-20251222202946-timesformer_scroll5_november19-tile64-stride16-ds8.jpg,PHerc0172,20251115002741-auto_grown_20251115002740308_1_flatboi,other,7.91,1573,7038,311,376,1.0,scored
PHerc0172/segments/20251115002742-auto_grown_20251115002740308_2_flatboi/ink-detection/downsampled/PHerc0172-20251115002742-7.91um-53keV-volume-20241024131838-20250713185324-timesformer_scroll5_july_retreat-tile64-stride16-ds8.jpg,PHerc0172,20251115002742-auto_grown_20251115002740308_2_flatboi,other,7.91,1548,6975,311,340,1.0,scored
PHerc0172/segments/20251115002742-auto_grown_20251115002740308_2_flatboi/ink-detection/downsampled/PHerc0172-20251115002742-7.91um-53keV-volume-20241024131838-20251222202946-timesformer_scroll5_november19-tile64-stride16-ds8.jpg,PHerc0172,20251115002742-auto_grown_20251115002740308_2_flatboi,other,7.91,1548,6975,311,340,1.0,scored
PHerc0172/segments/20251115002743-auto_grown_20251115002740308_3_flatboi/ink-detection/downsampled/PHerc0172-20251115002743-7.91um-53keV-volume-20241024131838-20250713185324-timesformer_scroll5_july_retreat-tile64-stride16-ds8.jpg,PHerc0172,20251115002743-auto_grown_20251115002740308_3_flatboi,other,7.91,1620,7195,311,385,1.0,scored
PHerc0172/segments/20251115002743-auto_grown_20251115002740308_3_flatboi/ink-detection/downsampled/PHerc0172-20251115002743-7.91um-53keV-volume-20241024131838-20251222202946-timesformer_scroll5_november19-tile64-stride16-ds8.jpg,PHerc0172,20251115002743-auto_grown_20251115002740308_3_flatboi,other,7.91,1620,7195,311,385,1.0,scored
PHerc0172/segments/20251115002744-auto_grown_20251115002740308_4_flatboi/ink-detection/downsampled/PHerc0172-20251115002744-7.91um-53keV-volume-20241024131838-20250713185324-timesformer_scroll5_july_retreat-tile64-stride16-ds8.jpg,PHerc0172,20251115002744-auto_grown_20251115002740308_4_flatboi,other,7.91,2000,7318,311,394,1.0,scored
PHerc0172/segments/20251115002744-auto_grown_20251115002740308_4_flatboi/ink-detection/downsampled/PHerc0172-20251115002744-7.91um-53keV-volume-20241024131838-20251222202946-timesformer_scroll5_november19-tile64-stride16-ds8.jpg,PHerc0172,20251115002744-auto_grown_20251115002740308_4_flatboi,other,7.91,2000,7318,311,394,1.0,scored
PHerc0172/segments/20251115002745-auto_grown_20251115002740308_5_flatboi/ink-detection/downsampled/PHerc0172-20251115002745-7.91um-53keV-volume-20241024131838-20250713185324-timesformer_scroll5_july_retreat-tile64-stride16-ds8.jpg,PHerc0172,20251115002745-auto_grown_20251115002740308_5_flatboi,other,7.91,1593,7663,311,414,1.0,scored
PHerc0172/segments/20251115002745-auto_grown_20251115002740308_5_flatboi/ink-detection/downsampled/PHerc0172-20251115002745-7.91um-53keV-volume-20241024131838-20251222202946-timesformer_scroll5_november19-tile64-stride16-ds8.jpg,PHerc0172,20251115002745-auto_grown_20251115002740308_5_flatboi,other,7.91,1593,7663,311,414,1.0,scored
PHerc0172/segments/20251115002746-auto_grown_20251115002740308_6_flatboi/ink-detection/downsampled/PHerc0172-20251115002746-7.91um-53keV-volume-20241024131838-20250713185324-timesformer_scroll5_july_retreat-tile64-stride16-ds8.jpg,PHerc0172,20251115002746-auto_grown_20251115002740308_6_flatboi,other,7.91,1395,6943,311,261,1.0,scored
PHerc0172/segments/20251115002746-auto_grown_20251115002740308_6_flatboi/ink-detection/downsampled/PHerc0172-20251115002746-7.91um-53keV-volume-20241024131838-20251222202946-timesformer_scroll5_november19-tile64-stride16-ds8.jpg,PHerc0172,20251115002746-auto_grown_20251115002740308_6_flatboi,other,7.91,1395,6943,311,261,1.0,scored
PHerc0172/segments/20251115002747-auto_grown_20251115002740308_7_flatboi/ink-detection/downsampled/PHerc0172-20251115002747-7.91um-53keV-volume-20241024131838-20250713185324-timesformer_scroll5_july_retreat-tile64-stride16-ds8.jpg,PHerc0172,20251115002747-auto_grown_20251115002740308_7_flatboi,other,7.91,1530,7043,311,346,1.0,scored
PHerc0172/segments/20251115002747-auto_grown_20251115002740308_7_flatboi/ink-detection/downsampled/PHerc0172-20251115002747-7.91um-53keV-volume-20241024131838-20251222202946-timesformer_scroll5_november19-tile64-stride16-ds8.jpg,PHerc0172,20251115002747-auto_grown_20251115002740308_7_flatboi,other,7.91,1530,7043,311,346,1.0,scored
PHerc0172/segments/20251115002748-auto_grown_20251115002740308_8_flatboi/ink-detection/downsampled/PHerc0172-20251115002748-7.91um-53keV-volume-20241024131838-20250713185324-timesformer_scroll5_july_retreat-tile64-stride16-ds8.jpg,PHerc0172,20251115002748-auto_grown_20251115002740308_8_flatboi,other,7.91,1593,4668,311,257,1.0,scored
PHerc0172/segments/20251115002748-auto_grown_20251115002740308_8_flatboi/ink-detection/downsampled/PHerc0172-20251115002748-7.91um-53keV-volume-20241024131838-20251222202946-timesformer_scroll5_november19-tile64-stride16-ds8.jpg,PHerc0172,20251115002748-auto_grown_20251115002740308_8_flatboi,other,7.91,1593,4668,311,257,1.0,scored
PHerc0172/segments/20251203230500-w089_20251203230500465_flatboi/ink-detection/downsampled/PHerc0172-20251203230500-7.91um-53keV-volume-20241024131838-20250713185324-timesformer_scroll5_july_retreat-tile64-stride16-ds8.jpg,PHerc0172,20251203230500-w089_20251203230500465_flatboi,other,7.91,1615,1528,311,55,1.0,scored
PHerc0172/segments/20251203230500-w089_20251203230500465_flatboi/ink-detection/downsampled/PHerc0172-20251203230500-7.91um-53keV-volume-20241024131838-20251222202946-timesformer_scroll5_november19-tile64-stride16-ds8.jpg,PHerc0172,20251203230500-w089_20251203230500465_flatboi,other,7.91,1615,1528,311,55,1.0,scored
PHerc0172/segments/20251204060522-w090_20251204060522416_flatboi/ink-detection/downsampled/PHerc0172-20251204060522-7.91um-53keV-volume-20241024131838-20250713185324-timesformer_scroll5_july_retreat-tile64-stride16-ds8.jpg,PHerc0172,20251204060522-w090_20251204060522416_flatboi,other,7.91,1608,1523,311,55,1.0,scored
PHerc0172/segments/20251204060522-w090_20251204060522416_flatboi/ink-detection/downsampled/PHerc0172-20251204060522-7.91um-53keV-volume-20241024131838-20251222202946-timesformer_scroll5_november19-tile64-stride16-ds8.jpg,PHerc0172,20251204060522-w090_20251204060522416_flatboi,other,7.91,1608,1523,311,55,1.0,scored
PHerc0172/segments/20251204071911-w091_20251204071911070_flatboi/ink-detection/downsampled/PHerc0172-20251204071911-7.91um-53keV-volume-20241024131838-20250713185324-timesformer_scroll5_july_retreat-tile64-stride16-ds8.jpg,PHerc0172,20251204071911-w091_20251204071911070_flatboi,other,7.91,1598,1520,311,56,1.0,scored
PHerc0172/segments/20251204071911-w091_20251204071911070_flatboi/ink-detection/downsampled/PHerc0172-20251204071911-7.91um-53keV-volume-20241024131838-20251222202946-timesformer_scroll5_november19-tile64-stride16-ds8.jpg,PHerc0172,20251204071911-w091_20251204071911070_flatboi,other,7.91,1598,1520,311,56,1.0,scored
PHerc0172/segments/20251204101314-w092_20251204101314959_flatboi/ink-detection/downsampled/PHerc0172-20251204101314-7.91um-53keV-volume-20241024131838-20250713185324-timesformer_scroll5_july_retreat-tile64-stride16-ds8.jpg,PHerc0172,20251204101314-w092_20251204101314959_flatboi,other,7.91,1693,1570,311,60,1.0,scored
PHerc0172/segments/20251204101314-w092_20251204101314959_flatboi/ink-detection/downsampled/PHerc0172-20251204101314-7.91um-53keV-volume-20241024131838-20251222202946-timesformer_scroll5_november19-tile64-stride16-ds8.jpg,PHerc0172,20251204101314-w092_20251204101314959_flatboi,other,7.91,1693,1570,311,60,1.0,scored
PHerc0172/segments/20251204192708-w093_20251204192708445_flatboi/ink-detection/downsampled/PHerc0172-20251204192708-7.91um-53keV-volume-20241024131838-20250713185324-timesformer_scroll5_july_retreat-tile64-stride16-ds8.jpg,PHerc0172,20251204192708-w093_20251204192708445_flatboi,other,7.91,1883,2163,311,57,1.0,scored
PHerc0172/segments/20251204192708-w093_20251204192708445_flatboi/ink-detection/downsampled/PHerc0172-20251204192708-7.91um-53keV-volume-20241024131838-20251222202946-timesformer_scroll5_november19-tile64-stride16-ds8.jpg,PHerc0172,20251204192708-w093_20251204192708445_flatboi,other,7.91,1883,2163,311,57,1.0,scored
PHerc0172/segments/20251205115859-w094_20251205115859448_flatboi/ink-detection/downsampled/PHerc0172-20251205115859-7.91um-53keV-volume-20241024131838-20250713185324-timesformer_scroll5_july_retreat-tile64-stride16-ds8.jpg,PHerc0172,20251205115859-w094_20251205115859448_flatboi,other,7.91,1408,1300,311,42,1.0,scored
PHerc0172/segments/20251205115859-w094_20251205115859448_flatboi/ink-detection/downsampled/PHerc0172-20251205115859-7.91um-53keV-volume-20241024131838-20251222202946-timesformer_scroll5_november19-tile64-stride16-ds8.jpg,PHerc0172,20251205115859-w094_20251205115859448_flatboi,other,7.91,1408,1300,311,42,1.0,scored
PHerc0172/segments/20251206184729-w095_20251206184729906_flatboi/ink-detection/downsampled/PHerc0172-20251206184729-7.91um-53keV-volume-20241024131838-20250713185324-timesformer_scroll5_july_retreat-tile64-stride16-ds8.jpg,PHerc0172,20251206184729-w095_20251206184729906_flatboi,other,7.91,1810,1428,311,49,1.0,scored
PHerc0172/segments/20251206184729-w095_20251206184729906_flatboi/ink-detection/downsampled/PHerc0172-20251206184729-7.91um-53keV-volume-20241024131838-20251222202946-timesformer_scroll5_november19-tile64-stride16-ds8.jpg,PHerc0172,20251206184729-w095_20251206184729906_flatboi,other,7.91,1810,1428,311,49,1.0,scored
PHerc0172/segments/20251207123912-w060_20251207123912611_flatboi/ink-detection/downsampled/PHerc0172-20251207123912-7.91um-53keV-volume-20241024131838-20250713185324-timesformer_scroll5_july_retreat-tile64-stride16-ds8.jpg,PHerc0172,20251207123912-w060_20251207123912611_flatboi,other,7.91,1375,1445,311,56,1.0,scored
PHerc0172/segments/20251207123912-w060_20251207123912611_flatboi/ink-detection/downsampled/PHerc0172-20251207123912-7.91um-53keV-volume-20241024131838-20251222202946-timesformer_scroll5_november19-tile64-stride16-ds8.jpg,PHerc0172,20251207123912-w060_20251207123912611_flatboi,other,7.91,1375,1445,311,56,1.0,scored
PHerc0172/segments/20251210142414-w059_20251210142414060_flatboi/ink-detection/downsampled/PHerc0172-20251210142414-7.91um-53keV-volume-20241024131838-20250713185324-timesformer_scroll5_july_retreat-tile64-stride16-ds8.jpg,PHerc0172,20251210142414-w059_20251210142414060_flatboi,other,7.91,1190,1650,311,54,1.0,scored
PHerc0172/segments/20251210142414-w059_20251210142414060_flatboi/ink-detection/downsampled/PHerc0172-20251210142414-7.91um-53keV-volume-20241024131838-20251222202946-timesformer_scroll5_november19-tile64-stride16-ds8.jpg,PHerc0172,20251210142414-w059_20251210142414060_flatboi,other,7.91,1190,1650,311,54,1.0,scored
PHerc0172/segments/20251210153304-w058_20251210153304503_flatboi/ink-detection/downsampled/PHerc0172-20251210153304-7.91um-53keV-volume-20241024131838-20250713185324-timesformer_scroll5_july_retreat-tile64-stride16-ds8.jpg,PHerc0172,20251210153304-w058_20251210153304503_flatboi,other,7.91,1365,1650,311,63,1.0,scored
PHerc0172/segments/20251210153304-w058_20251210153304503_flatboi/ink-detection/downsampled/PHerc0172-20251210153304-7.91um-53keV-volume-20241024131838-20251222202946-timesformer_scroll5_november19-tile64-stride16-ds8.jpg,PHerc0172,20251210153304-w058_20251210153304503_flatboi,other,7.91,1365,1650,311,63,1.0,scored
PHerc0172/segments/20251210160810-w057_20251210160810301_flatboi/ink-detection/downsampled/PHerc0172-20251210160810-7.91um-53keV-volume-20241024131838-20250713185324-timesformer_scroll5_july_retreat-tile64-stride16-ds8.jpg,PHerc0172,20251210160810-w057_20251210160810301_flatboi,other,7.91,1360,1628,311,63,1.0,scored
PHerc0172/segments/20251210160810-w057_20251210160810301_flatboi/ink-detection/downsampled/PHerc0172-20251210160810-7.91um-53keV-volume-20241024131838-20251222202946-timesformer_scroll5_november19-tile64-stride16-ds8.jpg,PHerc0172,20251210160810-w057_20251210160810301_flatboi,other,7.91,1360,1628,311,63,1.0,scored
PHerc0172/segments/20251211095724-w056_20251211095724922_flatboi/ink-detection/downsampled/PHerc0172-20251211095724-7.91um-53keV-volume-20241024131838-20250713185324-timesformer_scroll5_july_retreat-tile64-stride16-ds8.jpg,PHerc0172,20251211095724-w056_20251211095724922_flatboi,other,7.91,1333,1613,311,63,1.0,scored
PHerc0172/segments/20251211095724-w056_20251211095724922_flatboi/ink-detection/downsampled/PHerc0172-20251211095724-7.91um-53keV-volume-20241024131838-20251222202946-timesformer_scroll5_november19-tile64-stride16-ds8.jpg,PHerc0172,20251211095724-w056_20251211095724922_flatboi,other,7.91,1333,1613,311,63,1.0,scored
PHerc0172/segments/20251211111451-w055_20251211111451620_flatboi/ink-detection/downsampled/PHerc0172-20251211111451-7.91um-53keV-volume-20241024131838-20250713185324-timesformer_scroll5_july_retreat-tile64-stride16-ds8.jpg,PHerc0172,20251211111451-w055_20251211111451620_flatboi,other,7.91,1343,1588,311,63,1.0,scored
PHerc0172/segments/20251211111451-w055_20251211111451620_flatboi/ink-detection/downsampled/PHerc0172-20251211111451-7.91um-53keV-volume-20241024131838-20251222202946-timesformer_scroll5_november19-tile64-stride16-ds8.jpg,PHerc0172,20251211111451-w055_20251211111451620_flatboi,other,7.91,1343,1588,311,63,1.0,scored
PHerc0172/segments/20251211135303-w054_20251211135303394_flatboi/ink-detection/downsampled/PHerc0172-20251211135303-7.91um-53keV-volume-20241024131838-20250713185324-timesformer_scroll5_july_retreat-tile64-stride16-ds8.jpg,PHerc0172,20251211135303-w054_20251211135303394_flatboi,other,7.91,1325,1565,311,62,1.0,scored
PHerc0172/segments/20251211135303-w054_20251211135303394_flatboi/ink-detection/downsampled/PHerc0172-20251211135303-7.91um-53keV-volume-20241024131838-20251222202946-timesformer_scroll5_november19-tile64-stride16-ds8.jpg,PHerc0172,20251211135303-w054_20251211135303394_flatboi,other,7.91,1325,1565,311,62,1.0,scored
PHerc0172/segments/20251211152543-w053_20251211152543204_flatboi/ink-detection/downsampled/PHerc0172-20251211152543-7.91um-53keV-volume-20241024131838-20250713185324-timesformer_scroll5_july_retreat-tile64-stride16-ds8.jpg,PHerc0172,20251211152543-w053_20251211152543204_flatboi,other,7.91,1325,1543,311,56,1.0,scored
PHerc0172/segments/20251211152543-w053_20251211152543204_flatboi/ink-detection/downsampled/PHerc0172-20251211152543-7.91um-53keV-volume-20241024131838-20251222202946-timesformer_scroll5_november19-tile64-stride16-ds8.jpg,PHerc0172,20251211152543-w053_20251211152543204_flatboi,other,7.91,1325,1543,311,56,1.0,scored
PHerc0172/segments/20251212105627-w052_20251212105627148_flatboi/ink-detection/downsampled/PHerc0172-20251212105627-7.91um-53keV-volume-20241024131838-20250713185324-timesformer_scroll5_july_retreat-tile64-stride16-ds8.jpg,PHerc0172,20251212105627-w052_20251212105627148_flatboi,other,7.91,1323,1525,311,56,1.0,scored
PHerc0172/segments/20251212105627-w052_20251212105627148_flatboi/ink-detection/downsampled/PHerc0172-20251212105627-7.91um-53keV-volume-20241024131838-20251222202946-timesformer_scroll5_november19-tile64-stride16-ds8.jpg,PHerc0172,20251212105627-w052_20251212105627148_flatboi,other,7.91,1323,1525,311,56,1.0,scored
PHerc0343P/segments/20250511003658-tifxyz/ink-detection/downsampled/PHerc0343P-20250511003658-2.215um-0.4m-111keV-volume-20260304131111-20260417190342-new_canon_autoresearch_recipe-tile256-stride128-ds8.jpg,PHerc0343P,20250511003658-tifxyz,canon,2.215,1678,1003,1109,2,0.78,scored
PHerc0343P/segments/20250902170435--5_b2/ink-detection/downsampled/PHerc0343P-20250902170435-2.215um-0.4m-111keV-volume-20260304131111-20260417190342-new_canon_autoresearch_recipe-tile256-stride128-ds8.jpg,PHerc0343P,20250902170435--5_b2,canon,2.215,1600,1180,1109,1,0.797,scored
PHerc0343P/segments/20250902170441--4_b2/ink-detection/downsampled/PHerc0343P-20250902170441-2.215um-0.4m-111keV-volume-20260304131111-20260417190342-new_canon_autoresearch_recipe-tile256-stride128-ds8.jpg,PHerc0343P,20250902170441--4_b2,canon,2.215,1610,1228,1109,1,0.761,scored
PHerc0343P/segments/20250902170447--3_b2/ink-detection/downsampled/PHerc0343P-20250902170447-2.215um-0.4m-111keV-volume-20260304131111-20260417190342-new_canon_autoresearch_recipe-tile256-stride128-ds8.jpg,PHerc0343P,20250902170447--3_b2,canon,2.215,1735,1268,1109,2,0.837,scored
PHerc0343P/segments/20250902171202--2_b2/ink-detection/downsampled/PHerc0343P-20250902171202-2.215um-0.4m-111keV-volume-20260304131111-20260417190342-new_canon_autoresearch_recipe-tile256-stride128-ds8.jpg,PHerc0343P,20250902171202--2_b2,canon,2.215,1678,1130,1109,2,0.757,scored
PHerc0343P/segments/20250902171204--1_b2/ink-detection/downsampled/PHerc0343P-20250902171204-2.215um-0.4m-111keV-volume-20260304131111-20260417190342-new_canon_autoresearch_recipe-tile256-stride128-ds8.jpg,PHerc0343P,20250902171204--1_b2,canon,2.215,1630,1140,1109,1,0.795,scored
PHerc0343P/segments/20250904233748-0_b2/ink-detection/downsampled/PHerc0343P-20250904233748-2.215um-0.4m-111keV-volume-20260304131111-20260417190342-new_canon_autoresearch_recipe-tile256-stride128-ds8.jpg,PHerc0343P,20250904233748-0_b2,canon,2.215,1765,1218,1109,2,0.827,scored
PHerc0343P/segments/20250905172054-1_b2/ink-detection/downsampled/PHerc0343P-20250905172054-2.215um-0.4m-111keV-volume-20260304131111-20260417190342-new_canon_autoresearch_recipe-tile256-stride128-ds8.jpg,PHerc0343P,20250905172054-1_b2,canon,2.215,1473,1110,1109,1,0.718,scored
PHerc0500P2/segments/20250609204953-z_dbg_gen_00612/ink-detection/downsampled/PHerc0500P2-20250609204953-2.215um-0.4m-111keV-volume-20250526151718-20260417190342-new_canon_autoresearch_recipe-tile256-stride128-ds8.jpg,PHerc0500P2,20250609204953-z_dbg_gen_00612,canon,2.215,2385,1638,1109,0,0.529,low_coverage
PHerc0500P2/segments/20250611132918-z_dbg_gen_00302_inp_hr/ink-detection/downsampled/PHerc0500P2-20250611132918-2.215um-0.4m-111keV-volume-20250526151718-20260417190342-new_canon_autoresearch_recipe-tile256-stride128-ds8.jpg,PHerc0500P2,20250611132918-z_dbg_gen_00302_inp_hr,canon,2.215,2653,1720,1109,4,0.959,scored
PHerc0500P2/segments/20250611133823-z_dbg_gen_00130_inp_hr/ink-detection/downsampled/PHerc0500P2-20250611133823-2.215um-0.4m-111keV-volume-20250526151718-20260417190342-new_canon_autoresearch_recipe-tile256-stride128-ds8.jpg,PHerc0500P2,20250611133823-z_dbg_gen_00130_inp_hr,canon,2.215,2833,950,1109,1,0.766,scored
PHerc0500P2/segments/20250611134135-z_dbg_gen_00331_inp_hr/ink-detection/downsampled/PHerc0500P2-20250611134135-2.215um-0.4m-111keV-volume-20250526151718-20260417190342-new_canon_autoresearch_recipe-tile256-stride128-ds8.jpg,PHerc0500P2,20250611134135-z_dbg_gen_00331_inp_hr,canon,2.215,2853,1728,1109,4,0.848,scored
PHerc0500P2/segments/20250611153340-z_dbg_gen_00275/ink-detection/downsampled/PHerc0500P2-20250611153340-2.215um-0.4m-111keV-volume-20250526151718-20260417190342-new_canon_autoresearch_recipe-tile256-stride128-ds8.jpg,PHerc0500P2,20250611153340-z_dbg_gen_00275,canon,2.215,2098,1253,1109,0,0.464,low_coverage
PHerc0500P2/segments/20250611153346-z_dbg_gen_00286_inp_hr/ink-detection/downsampled/PHerc0500P2-20250611153346-2.215um-0.4m-111keV-volume-20250526151718-20260417190342-new_canon_autoresearch_recipe-tile256-stride128-ds8.jpg,PHerc0500P2,20250611153346-z_dbg_gen_00286_inp_hr,canon,2.215,2248,1475,1109,2,0.947,scored
PHerc0500P2/segments/20250611153347-z_dbg_gen_00105_inp_hr/ink-detection/downsampled/PHerc0500P2-20250611153347-2.215um-0.4m-111keV-volume-20250526151718-20260417190342-new_canon_autoresearch_recipe-tile256-stride128-ds8.jpg,PHerc0500P2,20250611153347-z_dbg_gen_00105_inp_hr,canon,2.215,2310,1083,1109,0,0.692,low_coverage
PHerc0500P2/segments/20250611154256-z_dbg_gen_00354_inp_hr/ink-detection/downsampled/PHerc0500P2-20250611154256-2.215um-0.4m-111keV-volume-20250526151718-20260417190342-new_canon_autoresearch_recipe-tile256-stride128-ds8.jpg,PHerc0500P2,20250611154256-z_dbg_gen_00354_inp_hr,canon,2.215,2818,1875,1109,4,0.964,scored
PHerc0500P2/segments/20250611161023-z_dbg_gen_00205_inp_hr/ink-detection/downsampled/PHerc0500P2-20250611161023-2.215um-0.4m-111keV-volume-20250526151718-20260417190342-new_canon_autoresearch_recipe-tile256-stride128-ds8.jpg,PHerc0500P2,20250611161023-z_dbg_gen_00205_inp_hr,canon,2.215,2725,800,1109,0,0.666,low_coverage
PHerc0500P2/segments/20250611161415-z_dbg_gen_00411_inp_hr/ink-detection/downsampled/PHerc0500P2-20250611161415-2.215um-0.4m-111keV-volume-20250526151718-20260417190342-new_canon_autoresearch_recipe-tile256-stride128-ds8.jpg,PHerc0500P2,20250611161415-z_dbg_gen_00411_inp_hr,canon,2.215,2513,1555,1109,3,0.934,scored
PHerc0500P2/segments/20250611170257-z_dbg_gen_00308_inp_hr/ink-detection/downsampled/PHerc0500P2-20250611170257-2.215um-0.4m-111keV-volume-20250526151718-20260417190342-new_canon_autoresearch_recipe-tile256-stride128-ds8.jpg,PHerc0500P2,20250611170257-z_dbg_gen_00308_inp_hr,canon,2.215,4340,3225,1109,5,0.925,scored
PHerc0500P2/segments/20250611171318-z_dbg_gen_00440_inp_hr/ink-detection/downsampled/PHerc0500P2-20250611171318-2.215um-0.4m-111keV-volume-20250526151718-20260417190342-new_canon_autoresearch_recipe-tile256-stride128-ds8.jpg,PHerc0500P2,20250611171318-z_dbg_gen_00440_inp_hr,canon,2.215,1763,1418,1109,2,0.81,scored
PHerc0500P2/segments/20250611171745-z_dbg_gen_00225_inp_hr/ink-detection/downsampled/PHerc0500P2-20250611171745-2.215um-0.4m-111keV-volume-20250526151718-20260417190342-new_canon_autoresearch_recipe-tile256-stride128-ds8.jpg,PHerc0500P2,20250611171745-z_dbg_gen_00225_inp_hr,canon,2.215,2468,1033,1109,2,0.761,scored
PHerc0500P2/segments/20250611172135-z_dbg_gen_00346_inp_hr/ink-detection/downsampled/PHerc0500P2-20250611172135-2.215um-0.4m-111keV-volume-20250526151718-20260417190342-new_canon_autoresearch_recipe-tile256-stride128-ds8.jpg,PHerc0500P2,20250611172135-z_dbg_gen_00346_inp_hr,canon,2.215,2705,1603,1109,2,0.934,scored
PHerc0500P2/segments/20250611173014-z_dbg_gen_00506_inp_hr/ink-detection/downsampled/PHerc0500P2-20250611173014-2.215um-0.4m-111keV-volume-20250526151718-20260417190342-new_canon_autoresearch_recipe-tile256-stride128-ds8.jpg,PHerc0500P2,20250611173014-z_dbg_gen_00506_inp_hr,canon,2.215,3008,2363,1109,3,0.93,scored
PHerc0500P2/segments/20250628074500-500P2_front/ink-detection/downsampled/PHerc0500P2-20250628074500-2.215um-0.4m-111keV-volume-20250526151718-20260417190342-new_canon_autoresearch_recipe-tile256-stride128-ds8.jpg,PHerc0500P2,20250628074500-500P2_front,canon,2.215,3305,1883,1109,5,1.0,scored
PHerc0500P2/segments/20250628074500-500P2_front/ink-detection/downsampled/PHerc0500P2-20250628074500-2.215um-0.4m-111keV-volume-20250526151718-20260709123958-mrg20736-1um-s1z2-tile256-stride128-ds8.jpg,PHerc0500P2,20250628074500-500P2_front,1um_s1z2,2.215,3305,1883,1109,5,1.0,scored
PHerc0500P2/segments/20250716055227-z_dbg_gen_00260_inp_hr/ink-detection/downsampled/PHerc0500P2-20250716055227-2.215um-0.4m-111keV-volume-20250526151718-20260417190342-new_canon_autoresearch_recipe-tile256-stride128-ds8.jpg,PHerc0500P2,20250716055227-z_dbg_gen_00260_inp_hr,canon,2.215,1398,930,1109,0,0.59,low_coverage
PHerc0500P2/segments/20250716055228-z_dbg_gen_00333_inp_hr/ink-detection/downsampled/PHerc0500P2-20250716055228-2.215um-0.4m-111keV-volume-20250526151718-20260417190342-new_canon_autoresearch_recipe-tile256-stride128-ds8.jpg,PHerc0500P2,20250716055228-z_dbg_gen_00333_inp_hr,canon,2.215,1450,1165,1109,1,0.727,scored
PHerc0500P2/segments/20250716055229-z_dbg_gen_00371_inp_hr/ink-detection/downsampled/PHerc0500P2-20250716055229-2.215um-0.4m-111keV-volume-20250526151718-20260417190342-new_canon_autoresearch_recipe-tile256-stride128-ds8.jpg,PHerc0500P2,20250716055229-z_dbg_gen_00371_inp_hr,canon,2.215,2695,985,1109,2,0.809,scored
PHerc0500P2/segments/20250716055230-z_dbg_gen_00377_inp_hr/ink-detection/downsampled/PHerc0500P2-20250716055230-2.215um-0.4m-111keV-volume-20250526151718-20260417190342-new_canon_autoresearch_recipe-tile256-stride128-ds8.jpg,PHerc0500P2,20250716055230-z_dbg_gen_00377_inp_hr,canon,2.215,2715,1758,1109,3,0.922,scored
PHerc0500P2/segments/20250716055231-z_dbg_gen_00473_inp_hr/ink-detection/downsampled/PHerc0500P2-20250716055231-2.215um-0.4m-111keV-volume-20250526151718-20260417190342-new_canon_autoresearch_recipe-tile256-stride128-ds8.jpg,PHerc0500P2,20250716055231-z_dbg_gen_00473_inp_hr,canon,2.215,2818,1743,1109,4,0.95,scored
PHerc0500P2/segments/20250716055232-z_dbg_gen_00505_inp_hr/ink-detection/downsampled/PHerc0500P2-20250716055232-2.215um-0.4m-111keV-volume-20250526151718-20260417190342-new_canon_autoresearch_recipe-tile256-stride128-ds8.jpg,PHerc0500P2,20250716055232-z_dbg_gen_00505_inp_hr,canon,2.215,2648,1828,1109,3,0.943,scored
PHerc0500P2/segments/20250716055233-z_dbg_gen_00565_inp_hr/ink-detection/downsampled/PHerc0500P2-20250716055233-2.215um-0.4m-111keV-volume-20250526151718-20260417190342-new_canon_autoresearch_recipe-tile256-stride128-ds8.jpg,PHerc0500P2,20250716055233-z_dbg_gen_00565_inp_hr,canon,2.215,2340,1933,1109,3,0.884,scored
PHerc0500P2/segments/20250716055234-z_dbg_gen_00709_inp_hr/ink-detection/downsampled/PHerc0500P2-20250716055234-2.215um-0.4m-111keV-volume-20250526151718-20260417190342-new_canon_autoresearch_recipe-tile256-stride128-ds8.jpg,PHerc0500P2,20250716055234-z_dbg_gen_00709_inp_hr,canon,2.215,1970,1203,1109,2,0.855,scored
PHerc0500P2/segments/20250716055235-z_dbg_gen_00779_inp_hr/ink-detection/downsampled/PHerc0500P2-20250716055235-2.215um-0.4m-111keV-volume-20250526151718-20260417190342-new_canon_autoresearch_recipe-tile256-stride128-ds8.jpg,PHerc0500P2,20250716055235-z_dbg_gen_00779_inp_hr,canon,2.215,2963,3085,1109,5,0.943,scored
PHerc0500P2/segments/20250919184428-0500P2-wrap01_0919/ink-detection/downsampled/PHerc0500P2-20250919184428-2.215um-0.4m-111keV-volume-20250526151718-20260417190342-new_canon_autoresearch_recipe-tile256-stride128-ds8.jpg,PHerc0500P2,20250919184428-0500P2-wrap01_0919,canon,2.215,145,175,1109,0,0.0,too_small
PHerc0500P2/segments/20250919184429-0500P2-wrap02_0919/ink-detection/downsampled/PHerc0500P2-20250919184429-2.215um-0.4m-111keV-volume-20250526151718-20260417190342-new_canon_autoresearch_recipe-tile256-stride128-ds8.jpg,PHerc0500P2,20250919184429-0500P2-wrap02_0919,canon,2.215,215,293,1109,0,0.0,too_small
PHerc0500P2/segments/20250919184430-0500P2-wrap03_0919/ink-detection/downsampled/PHerc0500P2-20250919184430-2.215um-0.4m-111keV-volume-20250526151718-20260417190342-new_canon_autoresearch_recipe-tile256-stride128-ds8.jpg,PHerc0500P2,20250919184430-0500P2-wrap03_0919,canon,2.215,293,410,1109,0,0.0,too_small
PHerc0500P2/segments/20250919184431-0500P2-wrap04_0919/ink-detection/downsampled/PHerc0500P2-20250919184431-2.215um-0.4m-111keV-volume-20250526151718-20260417190342-new_canon_autoresearch_recipe-tile256-stride128-ds8.jpg,PHerc0500P2,20250919184431-0500P2-wrap04_0919,canon,2.215,685,503,1109,0,0.0,too_small
PHerc0500P2/segments/20250919184432-0500P2-wrap05_0919/ink-detection/downsampled/PHerc0500P2-20250919184432-2.215um-0.4m-111keV-volume-20250526151718-20260417190342-new_canon_autoresearch_recipe-tile256-stride128-ds8.jpg,PHerc0500P2,20250919184432-0500P2-wrap05_0919,canon,2.215,520,595,1109,0,0.0,too_small
PHerc0500P2/segments/20250919184433-0500P2-wrap06_0919/ink-detection/downsampled/PHerc0500P2-20250919184433-2.215um-0.4m-111keV-volume-20250526151718-20260417190342-new_canon_autoresearch_recipe-tile256-stride128-ds8.jpg,PHerc0500P2,20250919184433-0500P2-wrap06_0919,canon,2.215,493,488,1109,0,0.0,too_small
PHerc0500P2/segments/20250919184434-0500P2-wrap07_0919/ink-detection/downsampled/PHerc0500P2-20250919184434-2.215um-0.4m-111keV-volume-20250526151718-20260417190342-new_canon_autoresearch_recipe-tile256-stride128-ds8.jpg,PHerc0500P2,20250919184434-0500P2-wrap07_0919,canon,2.215,520,463,1109,0,0.0,too_small
PHerc0500P2/segments/20250919184435-0500P2-wrap08_0919/ink-detection/downsampled/PHerc0500P2-20250919184435-2.215um-0.4m-111keV-volume-20250526151718-20260417190342-new_canon_autoresearch_recipe-tile256-stride128-ds8.jpg,PHerc0500P2,20250919184435-0500P2-wrap08_0919,canon,2.215,510,488,1109,0,0.0,too_small
PHerc0500P2/segments/20250919184436-0500P2-wrap09_0919/ink-detection/downsampled/PHerc0500P2-20250919184436-2.215um-0.4m-111keV-volume-20250526151718-20260417190342-new_canon_autoresearch_recipe-tile256-stride128-ds8.jpg,PHerc0500P2,20250919184436-0500P2-wrap09_0919,canon,2.215,545,338,1109,0,0.0,too_small
PHerc0500P2/segments/20250920020222-0500P2-wrap10_0919/ink-detection/downsampled/PHerc0500P2-20250920020222-2.215um-0.4m-111keV-volume-20250526151718-20260417190342-new_canon_autoresearch_recipe-tile256-stride128-ds8.jpg,PHerc0500P2,20250920020222-0500P2-wrap10_0919,canon,2.215,510,335,1109,0,0.0,too_small
PHerc0500P2/segments/20250920020223-0500P2-wrap12_0919/ink-detection/downsampled/PHerc0500P2-20250920020223-2.215um-0.4m-111keV-volume-20250526151718-20260417190342-new_canon_autoresearch_recipe-tile256-stride128-ds8.jpg,PHerc0500P2,20250920020223-0500P2-wrap12_0919,canon,2.215,478,370,1109,0,0.0,too_small
PHerc0500P2/segments/20250920020224-0500P2-wrap13_0919/ink-detection/downsampled/PHerc0500P2-20250920020224-2.215um-0.4m-111keV-volume-20250526151718-20260417190342-new_canon_autoresearch_recipe-tile256-stride128-ds8.jpg,PHerc0500P2,20250920020224-0500P2-wrap13_0919,canon,2.215,463,360,1109,0,0.0,too_small
PHerc0500P2/segments/20250922024644-0500P2-wrap11_0919/ink-detection/downsampled/PHerc0500P2-20250922024644-2.215um-0.4m-111keV-volume-20250526151718-20260417190342-new_canon_autoresearch_recipe-tile256-stride128-ds8.jpg,PHerc0500P2,20250922024644-0500P2-wrap11_0919,canon,2.215,375,545,1109,0,0.0,too_small
PHerc0814/segments/20250925161630-auto_grown_20250925161630635/ink-detection/downsampled/PHerc0814-20250925161630-1.129um-0.22m-59keV-volume-20260521123630-L1-20260709123958-mrg20736-1um-s1z2-tile256-stride128-ds8.jpg,PHerc0814,20250925161630-auto_grown_20250925161630635,1um_s1z2,2.258,2669,9828,1088,2,0.788,scored
PHerc0814/segments/20250925161630-auto_grown_20250925161630635/ink-detection/downsampled/PHerc0814-20250925161630-2.399um-0.22m-78keV-volume-20260309142202-20260417190342-new_canon_autoresearch_recipe-tile256-stride128-ds8.jpg,PHerc0814,20250925161630-auto_grown_20250925161630635,canon,2.399,2510,9240,1024,5,0.847,scored
PHerc0814/segments/20250925182632-auto_grown_20250925182632715/ink-detection/downsampled/PHerc0814-20250925182632-1.129um-0.22m-59keV-volume-20260521123630-L1-20260709123958-mrg20736-1um-s1z2-tile256-stride128-ds8.jpg,PHerc0814,20250925182632-auto_grown_20250925182632715,1um_s1z2,2.258,2473,11214,1088,0,0.628,low_coverage
PHerc0814/segments/20250925182632-auto_grown_20250925182632715/ink-detection/downsampled/PHerc0814-20250925182632-2.399um-0.22m-78keV-volume-20260309142202-20260417190342-new_canon_autoresearch_recipe-tile256-stride128-ds8.jpg,PHerc0814,20250925182632-auto_grown_20250925182632715,canon,2.399,2325,10543,1024,6,0.846,scored
PHerc0814/segments/20250925204843-auto_grown_20250925204843950/ink-detection/downsampled/PHerc0814-20250925204843-1.129um-0.22m-59keV-volume-20260521123630-L1-20260709123958-mrg20736-1um-s1z2-tile256-stride128-ds8.jpg,PHerc0814,20250925204843-auto_grown_20250925204843950,1um_s1z2,2.258,2400,16478,1088,0,0.422,low_coverage
PHerc0814/segments/20250925204843-auto_grown_20250925204843950/ink-detection/downsampled/PHerc0814-20250925204843-2.399um-0.22m-78keV-volume-20260309142202-20260417190342-new_canon_autoresearch_recipe-tile256-stride128-ds8.jpg,PHerc0814,20250925204843-auto_grown_20250925204843950,canon,2.399,2258,15493,1024,5,0.825,scored
PHerc0814/segments/20250925212701-auto_grown_20250925212701145/ink-detection/downsampled/PHerc0814-20250925212701-1.129um-0.22m-59keV-volume-20260521123630-L1-20260709123958-mrg20736-1um-s1z2-tile256-stride128-ds8.jpg,PHerc0814,20250925212701-auto_grown_20250925212701145,1um_s1z2,2.258,2110,3569,1088,0,0.675,low_coverage
PHerc0814/segments/20250925212701-auto_grown_20250925212701145/ink-detection/downsampled/PHerc0814-20250925212701-2.399um-0.22m-78keV-volume-20260309142202-20260417190342-new_canon_autoresearch_recipe-tile256-stride128-ds8.jpg,PHerc0814,20250925212701-auto_grown_20250925212701145,canon,2.399,1985,3355,1024,0,0.664,low_coverage
PHerc0814/segments/20250925222237-auto_grown_20250925222237459/ink-detection/downsampled/PHerc0814-20250925222237-1.129um-0.22m-59keV-volume-20260521123630-L1-20260709123958-mrg20736-1um-s1z2-tile256-stride128-ds8.jpg,PHerc0814,20250925222237-auto_grown_20250925222237459,1um_s1z2,2.258,2028,6155,1088,5,0.798,scored
PHerc0814/segments/20250925222237-auto_grown_20250925222237459/ink-detection/downsampled/PHerc0814-20250925222237-2.399um-0.22m-78keV-volume-20260309142202-20260417190342-new_canon_autoresearch_recipe-tile256-stride128-ds8.jpg,PHerc0814,20250925222237-auto_grown_20250925222237459,canon,2.399,1908,5788,1024,5,0.793,scored
PHerc0814/segments/20250926051122-auto_grown_20250926051122829/ink-detection/downsampled/PHerc0814-20250926051122-1.129um-0.22m-59keV-volume-20260521123630-L1-20260709123958-mrg20736-1um-s1z2-tile256-stride128-ds8.jpg,PHerc0814,20250926051122-auto_grown_20250926051122829,1um_s1z2,2.258,2794,26781,1088,7,0.804,scored
PHerc0814/segments/20250926051122-auto_grown_20250926051122829/ink-detection/downsampled/PHerc0814-20250926051122-2.399um-0.22m-78keV-volume-20260309142202-20260417190342-new_canon_autoresearch_recipe-tile256-stride128-ds8.jpg,PHerc0814,20250926051122-auto_grown_20250926051122829,canon,2.399,2628,25178,1024,12,0.839,scored
PHerc0814/segments/20250926165636-auto_trace_20250926165636789/ink-detection/downsampled/PHerc0814-20250926165636-1.129um-0.22m-59keV-volume-20260521123630-L1-20260709123958-mrg20736-1um-s1z2-tile256-stride128-ds8.jpg,PHerc0814,20250926165636-auto_trace_20250926165636789,1um_s1z2,2.258,2493,14079,1088,0,0.441,low_coverage
PHerc0814/segments/20250926165636-auto_trace_20250926165636789/ink-detection/downsampled/PHerc0814-20250926165636-2.399um-0.22m-78keV-volume-20260309142202-20260417190342-new_canon_autoresearch_recipe-tile256-stride128-ds8.jpg,PHerc0814,20250926165636-auto_trace_20250926165636789,canon,2.399,2345,13235,1024,10,0.782,scored
PHerc0814/segments/20250926203608-auto_grown_20250926203608932/ink-detection/downsampled/PHerc0814-20250926203608-1.129um-0.22m-59keV-volume-20260521123630-L1-20260709123958-mrg20736-1um-s1z2-tile256-stride128-ds8.jpg,PHerc0814,20250926203608-auto_grown_20250926203608932,1um_s1z2,2.258,2390,12650,1088,0,0.6,low_coverage
PHerc0814/segments/20250926203608-auto_grown_20250926203608932/ink-detection/downsampled/PHerc0814-20250926203608-2.399um-0.22m-78keV-volume-20260309142202-20260417190342-new_canon_autoresearch_recipe-tile256-stride128-ds8.jpg,PHerc0814,20250926203608-auto_grown_20250926203608932,canon,2.399,2248,11893,1024,6,0.819,scored
PHerc0814/segments/20250928235953-auto_grown_20250928235953722/ink-detection/downsampled/PHerc0814-20250928235953-1.129um-0.22m-59keV-volume-20260521123630-L1-20260709123958-mrg20736-1um-s1z2-tile256-stride128-ds8.jpg,PHerc0814,20250928235953-auto_grown_20250928235953722,1um_s1z2,2.258,2608,27289,1088,6,0.781,scored
PHerc0814/segments/20250928235953-auto_grown_20250928235953722/ink-detection/downsampled/PHerc0814-20250928235953-2.399um-0.22m-78keV-volume-20260309142202-20260417190342-new_canon_autoresearch_recipe-tile256-stride128-ds8.jpg,PHerc0814,20250928235953-auto_grown_20250928235953722,canon,2.399,2453,25655,1024,15,0.843,scored
PHerc0814/segments/20250928235954-auto_grown_20250928235953722_copy/ink-detection/downsampled/PHerc0814-20250928235954-1.129um-0.22m-59keV-volume-20260521123630-L1-20260709123958-mrg20736-1um-s1z2-tile256-stride128-ds8.jpg,PHerc0814,20250928235954-auto_grown_20250928235953722_copy,1um_s1z2,2.258,311,463,1088,0,0.0,too_small
PHerc0814/segments/20250928235954-auto_grown_20250928235953722_copy/ink-detection/downsampled/PHerc0814-20250928235954-2.399um-0.22m-78keV-volume-20260309142202-20260417190342-new_canon_autoresearch_recipe-tile256-stride128-ds8.jpg,PHerc0814,20250928235954-auto_grown_20250928235953722_copy,canon,2.399,293,435,1024,0,0.0,too_small
PHerc0814/segments/20250929040153-auto_grown_20250929040153260/ink-detection/downsampled/PHerc0814-20250929040153-1.129um-0.22m-59keV-volume-20260521123630-L1-20260709123958-mrg20736-1um-s1z2-tile256-stride128-ds8.jpg,PHerc0814,20250929040153-auto_grown_20250929040153260,1um_s1z2,2.258,1738,5814,1088,2,0.75,scored
PHerc0814/segments/20250929040153-auto_grown_20250929040153260/ink-detection/downsampled/PHerc0814-20250929040153-2.399um-0.22m-78keV-volume-20260309142202-20260417190342-new_canon_autoresearch_recipe-tile256-stride128-ds8.jpg,PHerc0814,20250929040153-auto_grown_20250929040153260,canon,2.399,1635,5465,1024,2,0.758,scored
PHerc0814/segments/20250930083742-auto_grown_20250930083742882/ink-detection/downsampled/PHerc0814-20250930083742-1.129um-0.22m-59keV-volume-20260521123630-L1-20260709123958-mrg20736-1um-s1z2-tile256-stride128-ds8.jpg,PHerc0814,20250930083742-auto_grown_20250930083742882,1um_s1z2,2.258,2618,10624,1088,2,0.712,scored
PHerc0814/segments/20250930083742-auto_grown_20250930083742882/ink-detection/downsampled/PHerc0814-20250930083742-2.399um-0.22m-78keV-volume-20260309142202-20260417190342-new_canon_autoresearch_recipe-tile256-stride128-ds8.jpg,PHerc0814,20250930083742-auto_grown_20250930083742882,canon,2.399,2460,9988,1024,3,0.767,scored
PHerc0814/segments/20251001060526-auto_grown_20251001060526760/ink-detection/downsampled/PHerc0814-20251001060526-1.129um-0.22m-59keV-volume-20260521123630-L1-20260709123958-mrg20736-1um-s1z2-tile256-stride128-ds8.jpg,PHerc0814,20251001060526-auto_grown_20251001060526760,1um_s1z2,2.258,2441,12765,1088,0,0.697,low_coverage
PHerc0814/segments/20251001060526-auto_grown_20251001060526760/ink-detection/downsampled/PHerc0814-20251001060526-2.399um-0.22m-78keV-volume-20260309142202-20260417190342-new_canon_autoresearch_recipe-tile256-stride128-ds8.jpg,PHerc0814,20251001060526-auto_grown_20251001060526760,canon,2.399,2295,12000,1024,0,0.691,low_coverage
PHerc0814/segments/20260225160055-auto_grown_20260225160055913/ink-detection/downsampled/PHerc0814-20260225160055-1.129um-0.22m-59keV-volume-20260521123630-L1-20260709123958-mrg20736-1um-s1z2-tile256-stride128-ds8.jpg,PHerc0814,20260225160055-auto_grown_20260225160055913,1um_s1z2,2.258,340,338,1088,0,0.0,too_small
PHerc0814/segments/20260225160055-auto_grown_20260225160055913/ink-detection/downsampled/PHerc0814-20260225160055-2.399um-0.22m-78keV-volume-20260309142202-20260417190342-new_canon_autoresearch_recipe-tile256-stride128-ds8.jpg,PHerc0814,20260225160055-auto_grown_20260225160055913,canon,2.399,320,318,1024,0,0.0,too_small
PHerc0814/segments/20260226000000-46527_2um_try2/ink-detection/downsampled/PHerc0814-20260226000000-1.129um-0.22m-59keV-volume-20260521123630-L1-20260709123958-mrg20736-1um-s1z2-tile256-stride128-ds8.jpg,PHerc0814,20260226000000-46527_2um_try2,1um_s1z2,2.258,1133,1838,1088,0,0.456,low_coverage
PHerc0814/segments/20260226000000-46527_2um_try2/ink-detection/downsampled/PHerc0814-20260226000000-2.399um-0.22m-78keV-volume-20260309142202-20260417190342-new_canon_autoresearch_recipe-tile256-stride128-ds8.jpg,PHerc0814,20260226000000-46527_2um_try2,canon,2.399,1065,1728,1024,1,0.725,scored
PHerc0814/segments/20260226110425-auto_grown_20260226110425097_abf/ink-detection/downsampled/PHerc0814-20260226110425-1.129um-0.22m-59keV-volume-20260521123630-L1-20260709123958-mrg20736-1um-s1z2-tile256-stride128-ds8.jpg,PHerc0814,20260226110425-auto_grown_20260226110425097_abf,1um_s1z2,2.258,306,495,1088,0,0.0,too_small
PHerc0814/segments/20260226110425-auto_grown_20260226110425097_abf/ink-detection/downsampled/PHerc0814-20260226110425-2.399um-0.22m-78keV-volume-20260309142202-20260417190342-new_canon_autoresearch_recipe-tile256-stride128-ds8.jpg,PHerc0814,20260226110425-auto_grown_20260226110425097_abf,canon,2.399,288,465,1024,0,0.0,too_small
PHerc0814/segments/20260226113324-auto_grown_20260226113324624_abf/ink-detection/downsampled/PHerc0814-20260226113324-1.129um-0.22m-59keV-volume-20260521123630-L1-20260709123958-mrg20736-1um-s1z2-tile256-stride128-ds8.jpg,PHerc0814,20260226113324-auto_grown_20260226113324624_abf,1um_s1z2,2.258,309,510,1088,0,0.0,too_small
PHerc0814/segments/20260226113324-auto_grown_20260226113324624_abf/ink-detection/downsampled/PHerc0814-20260226113324-2.399um-0.22m-78keV-volume-20260309142202-20260417190342-new_canon_autoresearch_recipe-tile256-stride128-ds8.jpg,PHerc0814,20260226113324-auto_grown_20260226113324624_abf,canon,2.399,290,480,1024,0,0.0,too_small
PHerc0814/segments/20260226121302-auto_grown_20260226121302716_abf/ink-detection/downsampled/PHerc0814-20260226121302-1.129um-0.22m-59keV-volume-20260521123630-L1-20260709123958-mrg20736-1um-s1z2-tile256-stride128-ds8.jpg,PHerc0814,20260226121302-auto_grown_20260226121302716_abf,1um_s1z2,2.258,314,510,1088,0,0.0,too_small
PHerc0814/segments/20260226121302-auto_grown_20260226121302716_abf/ink-detection/downsampled/PHerc0814-20260226121302-2.399um-0.22m-78keV-volume-20260309142202-20260417190342-new_canon_autoresearch_recipe-tile256-stride128-ds8.jpg,PHerc0814,20260226121302-auto_grown_20260226121302716_abf,canon,2.399,295,480,1024,0,0.0,too_small
PHerc0814/segments/20260226123353-auto_grown_20260226123353106/ink-detection/downsampled/PHerc0814-20260226123353-1.129um-0.22m-59keV-volume-20260521123630-L1-20260709123958-mrg20736-1um-s1z2-tile256-stride128-ds8.jpg,PHerc0814,20260226123353-auto_grown_20260226123353106,1um_s1z2,2.258,243,578,1088,0,0.0,too_small
PHerc0814/segments/20260226123353-auto_grown_20260226123353106/ink-detection/downsampled/PHerc0814-20260226123353-2.399um-0.22m-78keV-volume-20260309142202-20260417190342-new_canon_autoresearch_recipe-tile256-stride128-ds8.jpg,PHerc0814,20260226123353-auto_grown_20260226123353106,canon,2.399,228,543,1024,0,0.0,too_small
PHerc1667/segments/20240304141531-w013_20240304141531_flatboi/ink-detection/downsampled/PHerc1667-20240304141531-1.129um-0.22m-59keV-volume-20260323082859-L1-20260709123958-mrg20736-1um-s1z2-tile256-stride128-ds8.jpg,PHerc1667,20240304141531-w013_20240304141531_flatboi,1um_s1z2,2.258,5561,10501,1088,85,1.0,scored
PHerc1667/segments/20240304141531-w013_20240304141531_flatboi/ink-detection/downsampled/PHerc1667-20240304141531-2.399um-0.22m-78keV-volume-20251217075048-20260417190342-new_canon_autoresearch_recipe-tile256-stride128-ds8.jpg,PHerc1667,20240304141531-w013_20240304141531_flatboi,canon,2.399,5200,9950,1024,162,1.0,scored
PHerc1667/segments/20240304144031-w018_20240304144031_flatboi/ink-detection/downsampled/PHerc1667-20240304144031-1.129um-0.22m-59keV-volume-20260323082859-L1-20260709123958-mrg20736-1um-s1z2-tile256-stride128-ds8.jpg,PHerc1667,20240304144031-w018_20240304144031_flatboi,1um_s1z2,2.258,5664,12944,1088,96,1.0,scored
PHerc1667/segments/20240304144031-w018_20240304144031_flatboi/ink-detection/downsampled/PHerc1667-20240304144031-2.399um-0.22m-78keV-volume-20251217075048-20260417190342-new_canon_autoresearch_recipe-tile256-stride128-ds8.jpg,PHerc1667,20240304144031-w018_20240304144031_flatboi,canon,2.399,5298,12263,1024,194,1.0,scored
PHerc1667/segments/20240304161941-w023_20240304161941_flatboi/ink-detection/downsampled/PHerc1667-20240304161941-1.129um-0.22m-59keV-volume-20260323082859-L1-20260709123958-mrg20736-1um-s1z2-tile256-stride128-ds8.jpg,PHerc1667,20240304161941-w023_20240304161941_flatboi,1um_s1z2,2.258,5595,13504,1088,95,1.0,scored
PHerc1667/segments/20240304161941-w023_20240304161941_flatboi/ink-detection/downsampled/PHerc1667-20240304161941-2.399um-0.22m-78keV-volume-20251217075048-20260417190342-new_canon_autoresearch_recipe-tile256-stride128-ds8.jpg,PHerc1667,20240304161941-w023_20240304161941_flatboi,canon,2.399,5233,12795,1024,187,1.0,scored
PHerc1667/segments/20251206103305-w012_20251206103305555_flatboi/ink-detection/downsampled/PHerc1667-20251206103305-1.129um-0.22m-59keV-volume-20260323082859-L1-20260709123958-mrg20736-1um-s1z2-tile256-stride128-ds8.jpg,PHerc1667,20251206103305-w012_20251206103305555_flatboi,1um_s1z2,2.258,5265,2070,1088,10,1.0,scored
PHerc1667/segments/20251206103305-w012_20251206103305555_flatboi/ink-detection/downsampled/PHerc1667-20251206103305-2.399um-0.22m-78keV-volume-20251217075048-20260417190342-new_canon_autoresearch_recipe-tile256-stride128-ds8.jpg,PHerc1667,20251206103305-w012_20251206103305555_flatboi,canon,2.399,4923,1963,1024,16,1.0,scored
PHerc1667/segments/20251208130119-w028_20251208130119156_flatboi/ink-detection/downsampled/PHerc1667-20251208130119-1.129um-0.22m-59keV-volume-20260323082859-L1-20260709123958-mrg20736-1um-s1z2-tile256-stride128-ds8.jpg,PHerc1667,20251208130119-w028_20251208130119156_flatboi,1um_s1z2,2.258,5001,4001,1088,22,1.0,scored
PHerc1667/segments/20251208130119-w028_20251208130119156_flatboi/ink-detection/downsampled/PHerc1667-20251208130119-2.399um-0.22m-78keV-volume-20251217075048-20260417190342-new_canon_autoresearch_recipe-tile256-stride128-ds8.jpg,PHerc1667,20251208130119-w028_20251208130119156_flatboi,canon,2.399,4678,3793,1024,43,1.0,scored
PHerc1667/segments/20251212185248-w029_20251212185248662_flatboi/ink-detection/downsampled/PHerc1667-20251212185248-1.129um-0.22m-59keV-volume-20260323082859-L1-20260709123958-mrg20736-1um-s1z2-tile256-stride128-ds8.jpg,PHerc1667,20251212185248-w029_20251212185248662_flatboi,1um_s1z2,2.258,5079,4131,1088,15,1.0,scored
PHerc1667/segments/20251212185248-w029_20251212185248662_flatboi/ink-detection/downsampled/PHerc1667-20251212185248-2.399um-0.22m-78keV-volume-20251217075048-20260417190342-new_canon_autoresearch_recipe-tile256-stride128-ds8.jpg,PHerc1667,20251212185248-w029_20251212185248662_flatboi,canon,2.399,4750,3915,1024,39,1.0,scored
PHerc1667/segments/20251220020000-w030_2025122002_flatboi/ink-detection/downsampled/PHerc1667-20251220020000-1.129um-0.22m-59keV-volume-20260323082859-L1-20260709123958-mrg20736-1um-s1z2-tile256-stride128-ds8.jpg,PHerc1667,20251220020000-w030_2025122002_flatboi,1um_s1z2,2.258,5054,4183,1088,16,0.998,scored
PHerc1667/segments/20251220020000-w030_2025122002_flatboi/ink-detection/downsampled/PHerc1667-20251220020000-2.399um-0.22m-78keV-volume-20251217075048-20260417190342-new_canon_autoresearch_recipe-tile256-stride128-ds8.jpg,PHerc1667,20251220020000-w030_2025122002_flatboi,canon,2.399,4725,3965,1024,37,1.0,scored
PHerc1667/segments/20251223230000-w031_2025122323_flatboi/ink-detection/downsampled/PHerc1667-20251223230000-1.129um-0.22m-59keV-volume-20260323082859-L1-20260709123958-mrg20736-1um-s1z2-tile256-stride128-ds8.jpg,PHerc1667,20251223230000-w031_2025122323_flatboi,1um_s1z2,2.258,5009,4244,1088,11,0.992,scored
PHerc1667/segments/20251223230000-w031_2025122323_flatboi/ink-detection/downsampled/PHerc1667-20251223230000-2.399um-0.22m-78keV-volume-20251217075048-20260417190342-new_canon_autoresearch_recipe-tile256-stride128-ds8.jpg,PHerc1667,20251223230000-w031_2025122323_flatboi,canon,2.399,4685,4023,1024,29,1.0,scored
PHerc1667/segments/20260105050000-w032_2026010505_flatboi/ink-detection/downsampled/PHerc1667-20260105050000-1.129um-0.22m-59keV-volume-20260323082859-L1-20260709123958-mrg20736-1um-s1z2-tile256-stride128-ds8.jpg,PHerc1667,20260105050000-w032_2026010505_flatboi,1um_s1z2,2.258,5088,4329,1088,9,0.952,scored
PHerc1667/segments/20260105050000-w032_2026010505_flatboi/ink-detection/downsampled/PHerc1667-20260105050000-2.399um-0.22m-78keV-volume-20251217075048-20260417190342-new_canon_autoresearch_recipe-tile256-stride128-ds8.jpg,PHerc1667,20260105050000-w032_2026010505_flatboi,canon,2.399,4758,4103,1024,34,1.0,scored
PHerc1667/segments/20260108140509-w011_20260108140509268_flatboi/ink-detection/downsampled/PHerc1667-20260108140509-1.129um-0.22m-59keV-volume-20260323082859-L1-20260709123958-mrg20736-1um-s1z2-tile256-stride128-ds8.jpg,PHerc1667,20260108140509-w011_20260108140509268_flatboi,1um_s1z2,2.258,5280,1940,1088,9,1.0,scored
PHerc1667/segments/20260108140509-w011_20260108140509268_flatboi/ink-detection/downsampled/PHerc1667-20260108140509-2.399um-0.22m-78keV-volume-20251217075048-20260417190342-new_canon_autoresearch_recipe-tile256-stride128-ds8.jpg,PHerc1667,20260108140509-w011_20260108140509268_flatboi,canon,2.399,4938,1840,1024,16,1.0,scored
PHerc1667/segments/20260110010000-w033_2026011001_flatboi/ink-detection/downsampled/PHerc1667-20260110010000-1.129um-0.22m-59keV-volume-20260323082859-L1-20260709123958-mrg20736-1um-s1z2-tile256-stride128-ds8.jpg,PHerc1667,20260110010000-w033_2026011001_flatboi,1um_s1z2,2.258,4825,4165,1088,9,0.904,scored
PHerc1667/segments/20260110010000-w033_2026011001_flatboi/ink-detection/downsampled/PHerc1667-20260110010000-2.399um-0.22m-78keV-volume-20251217075048-20260417190342-new_canon_autoresearch_recipe-tile256-stride128-ds8.jpg,PHerc1667,20260110010000-w033_2026011001_flatboi,canon,2.399,4513,3948,1024,22,0.997,scored
PHerc1667/segments/20260115160000-w034_2026011516_flatboi/ink-detection/downsampled/PHerc1667-20260115160000-1.129um-0.22m-59keV-volume-20260323082859-L1-20260709123958-mrg20736-1um-s1z2-tile256-stride128-ds8.jpg,PHerc1667,20260115160000-w034_2026011516_flatboi,1um_s1z2,2.258,4798,4276,1088,6,0.848,scored
PHerc1667/segments/20260115160000-w034_2026011516_flatboi/ink-detection/downsampled/PHerc1667-20260115160000-2.399um-0.22m-78keV-volume-20251217075048-20260417190342-new_canon_autoresearch_recipe-tile256-stride128-ds8.jpg,PHerc1667,20260115160000-w034_2026011516_flatboi,canon,2.399,4488,4055,1024,18,1.0,scored
PHerc1667/segments/20260116230000-w035_2026011623_flatboi/ink-detection/downsampled/PHerc1667-20260116230000-1.129um-0.22m-59keV-volume-20260323082859-L1-20260709123958-mrg20736-1um-s1z2-tile256-stride128-ds8.jpg,PHerc1667,20260116230000-w035_2026011623_flatboi,1um_s1z2,2.258,4901,4295,1088,8,0.785,scored
PHerc1667/segments/20260116230000-w035_2026011623_flatboi/ink-detection/downsampled/PHerc1667-20260116230000-2.399um-0.22m-78keV-volume-20251217075048-20260417190342-new_canon_autoresearch_recipe-tile256-stride128-ds8.jpg,PHerc1667,20260116230000-w035_2026011623_flatboi,canon,2.399,4585,4070,1024,14,0.996,scored
PHerc1667/segments/20260119120000-w036_2026011912_flatboi/ink-detection/downsampled/PHerc1667-20260119120000-1.129um-0.22m-59keV-volume-20260323082859-L1-20260709123958-mrg20736-1um-s1z2-tile256-stride128-ds8.jpg,PHerc1667,20260119120000-w036_2026011912_flatboi,1um_s1z2,2.258,5334,4371,1088,4,0.753,scored
PHerc1667/segments/20260119120000-w036_2026011912_flatboi/ink-detection/downsampled/PHerc1667-20260119120000-2.399um-0.22m-78keV-volume-20251217075048-20260417190342-new_canon_autoresearch_recipe-tile256-stride128-ds8.jpg,PHerc1667,20260119120000-w036_2026011912_flatboi,canon,2.399,4988,4145,1024,14,0.934,scored
PHerc1667/segments/20260123230000-w037_2026012323_flatboi/ink-detection/downsampled/PHerc1667-20260123230000-1.129um-0.22m-59keV-volume-20260323082859-L1-20260709123958-mrg20736-1um-s1z2-tile256-stride128-ds8.jpg,PHerc1667,20260123230000-w037_2026012323_flatboi,1um_s1z2,2.258,4581,4191,1088,1,0.77,scored
PHerc1667/segments/20260123230000-w037_2026012323_flatboi/ink-detection/downsampled/PHerc1667-20260123230000-2.399um-0.22m-78keV-volume-20251217075048-20260417190342-new_canon_autoresearch_recipe-tile256-stride128-ds8.jpg,PHerc1667,20260123230000-w037_2026012323_flatboi,canon,2.399,4283,3973,1024,5,0.907,scored
PHerc1667/segments/20260128140000-w038_2026012814_flatboi/ink-detection/downsampled/PHerc1667-20260128140000-1.129um-0.22m-59keV-volume-20260323082859-L1-20260709123958-mrg20736-1um-s1z2-tile256-stride128-ds8.jpg,PHerc1667,20260128140000-w038_2026012814_flatboi,1um_s1z2,2.258,4701,4340,1088,0,0.669,low_coverage
PHerc1667/segments/20260128140000-w038_2026012814_flatboi/ink-detection/downsampled/PHerc1667-20260128140000-2.399um-0.22m-78keV-volume-20251217075048-20260417190342-new_canon_autoresearch_recipe-tile256-stride128-ds8.jpg,PHerc1667,20260128140000-w038_2026012814_flatboi,canon,2.399,4398,4113,1024,8,0.853,scored
PHerc1667/segments/20260130150000-w039_2026013015_flatboi/ink-detection/downsampled/PHerc1667-20260130150000-1.129um-0.22m-59keV-volume-20260323082859-L1-20260709123958-mrg20736-1um-s1z2-tile256-stride128-ds8.jpg,PHerc1667,20260130150000-w039_2026013015_flatboi,1um_s1z2,2.258,4823,4390,1088,0,0.547,low_coverage
PHerc1667/segments/20260130150000-w039_2026013015_flatboi/ink-detection/downsampled/PHerc1667-20260130150000-2.399um-0.22m-78keV-volume-20251217075048-20260417190342-new_canon_autoresearch_recipe-tile256-stride128-ds8.jpg,PHerc1667,20260130150000-w039_2026013015_flatboi,canon,2.399,4513,4160,1024,3,0.765,scored
PHerc1667/segments/20260203210000-w040_2026020321_flatboi/ink-detection/downsampled/PHerc1667-20260203210000-1.129um-0.22m-59keV-volume-20260323082859-L1-20260709123958-mrg20736-1um-s1z2-tile256-stride128-ds8.jpg,PHerc1667,20260203210000-w040_2026020321_flatboi,1um_s1z2,2.258,4695,4159,1088,0,0.315,low_coverage
PHerc1667/segments/20260203210000-w040_2026020321_flatboi/ink-detection/downsampled/PHerc1667-20260203210000-2.399um-0.22m-78keV-volume-20251217075048-20260417190342-new_canon_autoresearch_recipe-tile256-stride128-ds8.jpg,PHerc1667,20260203210000-w040_2026020321_flatboi,canon,2.399,4390,3940,1024,0,0.606,low_coverage
PHerc1667/segments/20260205070000-w041_2026020507_flatboi/ink-detection/downsampled/PHerc1667-20260205070000-1.129um-0.22m-59keV-volume-20260323082859-L1-20260709123958-mrg20736-1um-s1z2-tile256-stride128-ds8.jpg,PHerc1667,20260205070000-w041_2026020507_flatboi,1um_s1z2,2.258,4573,4030,1088,0,0.292,low_coverage
PHerc1667/segments/20260205070000-w041_2026020507_flatboi/ink-detection/downsampled/PHerc1667-20260205070000-2.399um-0.22m-78keV-volume-20251217075048-20260417190342-new_canon_autoresearch_recipe-tile256-stride128-ds8.jpg,PHerc1667,20260205070000-w041_2026020507_flatboi,canon,2.399,4275,3818,1024,0,0.419,low_coverage
PHercParis4/segments/20230702185753/ink-detection/downsampled/PHercParis4-20230702185753-1.129um-0.23m-78keV-volume-20260608103018-L1-20260709123958-mrg20736-1um-s1z2-tile256-stride128-ds8.jpg,PHercParis4,20230702185753,1um_s1z2,2.258,6718,4831,1088,42,1.0,scored
PHercParis4/segments/20230702185753/ink-detection/downsampled/PHercParis4-20230702185753-2.4um-0.22m-78keV-volume-20260411134726-20260417190342-new_canon_autoresearch_recipe-tile256-stride128-ds8.jpg,PHercParis4,20230702185753,canon,2.4,6325,4550,1024,76,1.0,scored
PHercParis4/segments/20230929220926/ink-detection/downsampled/PHercParis4-20230929220926-2.4um-0.22m-78keV-volume-20260411134726-20260417190342-new_canon_autoresearch_recipe-tile256-stride128-ds8.jpg,PHercParis4,20230929220926,canon,2.4,4010,9475,1024,94,1.0,scored
PHercParis4/segments/20231005123336/ink-detection/downsampled/PHercParis4-20231005123336-2.4um-0.22m-78keV-volume-20260411134726-20260417190342-new_canon_autoresearch_recipe-tile256-stride128-ds8.jpg,PHercParis4,20231005123336,canon,2.4,4360,12160,1024,141,1.0,scored
PHercParis4/segments/20231007101619/ink-detection/downsampled/PHercParis4-20231007101619-1.129um-0.23m-78keV-volume-20260608103018-L1-20260709123958-mrg20736-1um-s1z2-tile256-stride128-ds8.jpg,PHercParis4,20231007101619,1um_s1z2,2.258,6908,14356,1088,95,1.0,scored
PHercParis4/segments/20231007101619/ink-detection/downsampled/PHercParis4-20231007101619-2.4um-0.22m-78keV-volume-20260411134726-20260417190342-new_canon_autoresearch_recipe-tile256-stride128-ds8.jpg,PHercParis4,20231007101619,canon,2.4,6505,13518,1024,252,1.0,scored
PHercParis4/segments/20231012184424/ink-detection/downsampled/PHercParis4-20231012184424-1.129um-0.23m-78keV-volume-20260608103018-L1-20260709123958-mrg20736-1um-s1z2-tile256-stride128-ds8.jpg,PHercParis4,20231012184424,1um_s1z2,2.258,6744,10053,1088,82,1.0,scored
PHercParis4/segments/20231012184424/ink-detection/downsampled/PHercParis4-20231012184424-2.4um-0.22m-78keV-volume-20260411134726-20260417190342-new_canon_autoresearch_recipe-tile256-stride128-ds8.jpg,PHercParis4,20231012184424,canon,2.4,6350,9465,1024,180,1.0,scored
PHercParis4/segments/20231016151002/ink-detection/downsampled/PHercParis4-20231016151002-2.4um-0.22m-78keV-volume-20260411134726-20260417190342-new_canon_autoresearch_recipe-tile256-stride128-ds8.jpg,PHercParis4,20231016151002,canon,2.4,3995,6495,1024,63,1.0,scored
PHercParis4/segments/20231022170901/ink-detection/downsampled/PHercParis4-20231022170901-2.4um-0.22m-78keV-volume-20260411134726-20260417190342-new_canon_autoresearch_recipe-tile256-stride128-ds8.jpg,PHercParis4,20231022170901,canon,2.4,2673,14478,1024,108,1.0,scored
PHercParis4/segments/20231031143852/ink-detection/downsampled/PHercParis4-20231031143852-1.129um-0.23m-78keV-volume-20260608103018-L1-20260709123958-mrg20736-1um-s1z2-tile256-stride128-ds8.jpg,PHercParis4,20231031143852,1um_s1z2,2.258,4536,5843,1088,47,1.0,scored
PHercParis4/segments/20231031143852/ink-detection/downsampled/PHercParis4-20231031143852-2.4um-0.22m-78keV-volume-20260411134726-20260417190342-new_canon_autoresearch_recipe-tile256-stride128-ds8.jpg,PHercParis4,20231031143852,canon,2.4,4273,5503,1024,59,1.0,scored
PHercParis4/segments/20231106155351/ink-detection/downsampled/PHercParis4-20231106155351-1.129um-0.23m-78keV-volume-20260608103018-L1-20260709123958-mrg20736-1um-s1z2-tile256-stride128-ds8.jpg,PHercParis4,20231106155351,1um_s1z2,2.258,4554,6803,1088,60,1.0,scored
PHercParis4/segments/20231106155351/ink-detection/downsampled/PHercParis4-20231106155351-2.4um-0.22m-78keV-volume-20260411134726-20260417190342-new_canon_autoresearch_recipe-tile256-stride128-ds8.jpg,PHercParis4,20231106155351,canon,2.4,4288,6405,1024,73,1.0,scored
PHercParis4/segments/20231210121321/ink-detection/downsampled/PHercParis4-20231210121321-1.129um-0.23m-78keV-volume-20260608103018-L1-20260709123958-mrg20736-1um-s1z2-tile256-stride128-ds8.jpg,PHercParis4,20231210121321,1um_s1z2,2.258,6770,5308,1088,26,1.0,scored
PHercParis4/segments/20231210121321/ink-detection/downsampled/PHercParis4-20231210121321-2.4um-0.22m-78keV-volume-20260411134726-20260417190342-new_canon_autoresearch_recipe-tile256-stride128-ds8.jpg,PHercParis4,20231210121321,canon,2.4,6375,4998,1024,79,1.0,scored
PHercParis4/segments/20231221180251/ink-detection/downsampled/PHercParis4-20231221180251-1.129um-0.23m-78keV-volume-20260608103018-L1-20260709123958-mrg20736-1um-s1z2-tile256-stride128-ds8.jpg,PHercParis4,20231221180251,1um_s1z2,2.258,4243,5584,1088,48,1.0,scored
PHercParis4/segments/20231221180251/ink-detection/downsampled/PHercParis4-20231221180251-2.4um-0.22m-78keV-volume-20260411134726-20260417190342-new_canon_autoresearch_recipe-tile256-stride128-ds8.jpg,PHercParis4,20231221180251,canon,2.4,3995,5258,1024,54,1.0,scored
PHercParis4/segments/20260602204401-5753_-7/ink-detection/downsampled/PHercParis4-20260602204401-1.129um-0.23m-78keV-volume-20260608103018-L1-20260709123958-mrg20736-1um-s1z2-tile256-stride128-ds8.jpg,PHercParis4,20260602204401-5753_-7,1um_s1z2,2.258,10515,1529,1088,0,0.633,low_coverage
PHercParis4/segments/20260602204401-5753_-7/ink-detection/downsampled/PHercParis4-20260602204401-2.4um-0.22m-78keV-volume-20260411134726-20260417190342-new_canon_autoresearch_recipe-tile256-stride128-ds8.jpg,PHercParis4,20260602204401-5753_-7,canon,2.4,9900,1440,1024,0,0.688,low_coverage
PHercParis4/segments/20260602225659-5753_0/ink-detection/downsampled/PHercParis4-20260602225659-2.4um-0.22m-78keV-volume-20260411134726-20260417190342-new_canon_autoresearch_recipe-tile256-stride128-ds8.jpg,PHercParis4,20260602225659-5753_0,canon,2.4,10030,2020,1024,29,1.0,scored
PHercParis4/segments/20260602230115-20230702185753_v14/ink-detection/downsampled/PHercParis4-20260602230115-2.4um-0.22m-78keV-volume-20260411134726-20260417190342-new_canon_autoresearch_recipe-tile256-stride128-ds8.jpg,PHercParis4,20260602230115-20230702185753_v14,canon,2.4,11305,3200,1024,90,1.0,scored
PHercParis4/segments/20260603005223-5753_-1/ink-detection/downsampled/PHercParis4-20260603005223-2.4um-0.22m-78keV-volume-20260411134726-20260417190342-new_canon_autoresearch_recipe-tile256-stride128-ds8.jpg,PHercParis4,20260603005223-5753_-1,canon,2.4,10110,1950,1024,28,1.0,scored
PHercParis4/segments/20260603024952-5753_-2/ink-detection/downsampled/PHercParis4-20260603024952-1.129um-0.23m-78keV-volume-20260608103018-L1-20260709123958-mrg20736-1um-s1z2-tile256-stride128-ds8.jpg,PHercParis4,20260603024952-5753_-2,1um_s1z2,2.258,10780,2029,1088,9,1.0,scored
PHercParis4/segments/20260603024952-5753_-2/ink-detection/downsampled/PHercParis4-20260603024952-2.4um-0.22m-78keV-volume-20260411134726-20260417190342-new_canon_autoresearch_recipe-tile256-stride128-ds8.jpg,PHercParis4,20260603024952-5753_-2,canon,2.4,10150,1910,1024,28,1.0,scored
PHercParis4/segments/20260603042357-5753_-3/ink-detection/downsampled/PHercParis4-20260603042357-1.129um-0.23m-78keV-volume-20260608103018-L1-20260709123958-mrg20736-1um-s1z2-tile256-stride128-ds8.jpg,PHercParis4,20260603042357-5753_-3,1um_s1z2,2.258,10803,1975,1088,9,1.0,scored
PHercParis4/segments/20260603042357-5753_-3/ink-detection/downsampled/PHercParis4-20260603042357-2.4um-0.22m-78keV-volume-20260411134726-20260417190342-new_canon_autoresearch_recipe-tile256-stride128-ds8.jpg,PHercParis4,20260603042357-5753_-3,canon,2.4,10170,1860,1024,28,1.0,scored
PHercParis4/segments/20260603145540-5753_-4/ink-detection/downsampled/PHercParis4-20260603145540-1.129um-0.23m-78keV-volume-20260608103018-L1-20260709123958-mrg20736-1um-s1z2-tile256-stride128-ds8.jpg,PHercParis4,20260603145540-5753_-4,1um_s1z2,2.258,10759,1901,1088,9,1.0,scored
PHercParis4/segments/20260603145540-5753_-4/ink-detection/downsampled/PHercParis4-20260603145540-2.4um-0.22m-78keV-volume-20260411134726-20260417190342-new_canon_autoresearch_recipe-tile256-stride128-ds8.jpg,PHercParis4,20260603145540-5753_-4,canon,2.4,10130,1790,1024,28,1.0,scored
PHercParis4/segments/20260603185441-5753_-6/ink-detection/downsampled/PHercParis4-20260603185441-1.129um-0.23m-78keV-volume-20260608103018-L1-20260709123958-mrg20736-1um-s1z2-tile256-stride128-ds8.jpg,PHercParis4,20260603185441-5753_-6,1um_s1z2,2.258,10610,1826,1088,5,0.93,scored
PHercParis4/segments/20260603185441-5753_-6/ink-detection/downsampled/PHercParis4-20260603185441-2.4um-0.22m-78keV-volume-20260411134726-20260417190342-new_canon_autoresearch_recipe-tile256-stride128-ds8.jpg,PHercParis4,20260603185441-5753_-6,canon,2.4,9990,1720,1024,16,0.946,scored
PHercParis4/segments/20260603190005-5753_-5/ink-detection/downsampled/PHercParis4-20260603190005-1.129um-0.23m-78keV-volume-20260608103018-L1-20260709123958-mrg20736-1um-s1z2-tile256-stride128-ds8.jpg,PHercParis4,20260603190005-5753_-5,1um_s1z2,2.258,10716,1731,1088,7,0.893,scored
PHercParis4/segments/20260603190005-5753_-5/ink-detection/downsampled/PHercParis4-20260603190005-2.4um-0.22m-78keV-volume-20260411134726-20260417190342-new_canon_autoresearch_recipe-tile256-stride128-ds8.jpg,PHercParis4,20260603190005-5753_-5,canon,2.4,10090,1630,1024,20,1.0,scored
PHercParis4/segments/20260603193311-5753_-1_copy/ink-detection/downsampled/PHercParis4-20260603193311-1.129um-0.23m-78keV-volume-20260608103018-L1-20260709123958-mrg20736-1um-s1z2-tile256-stride128-ds8.jpg,PHercParis4,20260603193311-5753_-1_copy,1um_s1z2,2.258,10706,2241,1088,7,0.987,scored
PHercParis4/segments/20260603193311-5753_-1_copy/ink-detection/downsampled/PHercParis4-20260603193311-2.4um-0.22m-78keV-volume-20260411134726-20260417190342-new_canon_autoresearch_recipe-tile256-stride128-ds8.jpg,PHercParis4,20260603193311-5753_-1_copy,canon,2.4,10080,2110,1024,23,1.0,scored
PHercParis4/segments/20260603222816-20231005123336_v2_flatboi/ink-detection/downsampled/PHercParis4-20260603222816-1.129um-0.23m-78keV-volume-20260608103018-L1-20260709123958-mrg20736-1um-s1z2-tile256-stride128-ds8.jpg,PHercParis4,20260603222816-20231005123336_v2_flatboi,1um_s1z2,2.258,6295,7009,1088,38,1.0,scored
PHercParis4/segments/20260603222816-20231005123336_v2_flatboi/ink-detection/downsampled/PHercParis4-20260603222816-2.4um-0.22m-78keV-volume-20260411134726-20260417190342-new_canon_autoresearch_recipe-tile256-stride128-ds8.jpg,PHercParis4,20260603222816-20231005123336_v2_flatboi,canon,2.4,5928,6600,1024,110,1.0,scored
PHercParis4/segments/20260604223808-20231210121321_v8/ink-detection/downsampled/PHercParis4-20260604223808-1.129um-0.23m-78keV-volume-20260608103018-L1-20260709123958-mrg20736-1um-s1z2-tile256-stride128-ds8.jpg,PHercParis4,20260604223808-20231210121321_v8,1um_s1z2,2.258,9051,6208,1088,47,1.0,scored
PHercParis4/segments/20260604223808-20231210121321_v8/ink-detection/downsampled/PHercParis4-20260604223808-2.4um-0.22m-78keV-volume-20260411134726-20260417190342-new_canon_autoresearch_recipe-tile256-stride128-ds8.jpg,PHercParis4,20260604223808-20231210121321_v8,canon,2.4,8523,5845,1024,143,1.0,scored
PHercParis4/segments/20260623141135-w046-052_jordi/ink-detection/downsampled/PHercParis4-20260623141135-1.129um-0.23m-78keV-volume-20260608103018-L1-20260709123958-mrg20736-1um-s1z2-tile256-stride128-ds8.jpg,PHercParis4,20260623141135-w046-052_jordi,1um_s1z2,2.258,6404,25478,1088,153,1.0,scored
PHercParis4/segments/20260623141135-w046-052_jordi/ink-detection/downsampled/PHercParis4-20260623141135-2.4um-0.22m-78keV-volume-20260411134726-20260417190342-new_canon_autoresearch_recipe-tile256-stride128-ds8.jpg,PHercParis4,20260623141135-w046-052_jordi,canon,2.4,6030,23990,1024,428,1.0,scored
PHercParis4/segments/20260623141649-w053-058_jordi/ink-detection/downsampled/PHercParis4-20260623141649-1.129um-0.23m-78keV-volume-20260608103018-L1-20260709123958-mrg20736-1um-s1z2-tile256-stride128-ds8.jpg,PHercParis4,20260623141649-w053-058_jordi,1um_s1z2,2.258,6489,24691,1088,139,1.0,scored
PHercParis4/segments/20260623141649-w053-058_jordi/ink-detection/downsampled/PHercParis4-20260623141649-2.4um-0.22m-78keV-volume-20260411134726-20260417190342-new_canon_autoresearch_recipe-tile256-stride128-ds8.jpg,PHercParis4,20260623141649-w053-058_jordi,canon,2.4,6110,23250,1024,415,1.0,scored
PHercParis4/segments/20260623141924-w010-027/ink-detection/downsampled/PHercParis4-20260623141924-1.129um-0.23m-78keV-volume-20260608103018-L1-20260709123958-mrg20736-1um-s1z2-tile256-stride128-ds8.jpg,PHercParis4,20260623141924-w010-027,1um_s1z2,2.258,5969,22588,1088,240,1.0,scored
PHercParis4/segments/20260623141924-w010-027/ink-detection/downsampled/PHercParis4-20260623141924-2.4um-0.22m-78keV-volume-20260411134726-20260417190342-new_canon_autoresearch_recipe-tile256-stride128-ds8.jpg,PHercParis4,20260623141924-w010-027,canon,2.4,5620,21270,1024,360,1.0,scored
PHercParis4/segments/20260623142658-w028-037/ink-detection/downsampled/PHercParis4-20260623142658-1.129um-0.23m-78keV-volume-20260608103018-L1-20260709123958-mrg20736-1um-s1z2-tile256-stride128-ds8.jpg,PHercParis4,20260623142658-w028-037,1um_s1z2,2.258,6160,23470,1088,246,1.0,scored
PHercParis4/segments/20260623142658-w028-037/ink-detection/downsampled/PHercParis4-20260623142658-2.4um-0.22m-78keV-volume-20260411134726-20260417190342-new_canon_autoresearch_recipe-tile256-stride128-ds8.jpg,PHercParis4,20260623142658-w028-037,canon,2.4,5800,22100,1024,419,1.0,scored
PHercParis4/segments/20260623143441-w038-045/ink-detection/downsampled/PHercParis4-20260623143441-1.129um-0.23m-78keV-volume-20260608103018-L1-20260709123958-mrg20736-1um-s1z2-tile256-stride128-ds8.jpg,PHercParis4,20260623143441-w038-045,1um_s1z2,2.258,6309,24606,1088,149,1.0,scored
PHercParis4/segments/20260623143441-w038-045/ink-detection/downsampled/PHercParis4-20260623143441-2.4um-0.22m-78keV-volume-20260411134726-20260417190342-new_canon_autoresearch_recipe-tile256-stride128-ds8.jpg,PHercParis4,20260623143441-w038-045,canon,2.4,5940,23170,1024,417,1.0,scored
PHercParis4/segments/20260623144224-w046-052/ink-detection/downsampled/PHercParis4-20260623144224-1.129um-0.23m-78keV-volume-20260608103018-L1-20260709123958-mrg20736-1um-s1z2-tile256-stride128-ds8.jpg,PHercParis4,20260623144224-w046-052,1um_s1z2,2.258,6394,25594,1088,157,1.0,scored
PHercParis4/segments/20260623144224-w046-052/ink-detection/downsampled/PHercParis4-20260623144224-2.4um-0.22m-78keV-volume-20260411134726-20260417190342-new_canon_autoresearch_recipe-tile256-stride128-ds8.jpg,PHercParis4,20260623144224-w046-052,canon,2.4,6020,24100,1024,433,1.0,scored
PHercParis4/segments/20260623144957-w053-058/ink-detection/downsampled/PHercParis4-20260623144957-1.129um-0.23m-78keV-volume-20260608103018-L1-20260709123958-mrg20736-1um-s1z2-tile256-stride128-ds8.jpg,PHercParis4,20260623144957-w053-058,1um_s1z2,2.258,6458,24776,1088,142,1.0,scored
PHercParis4/segments/20260623144957-w053-058/ink-detection/downsampled/PHercParis4-20260623144957-2.4um-0.22m-78keV-volume-20260411134726-20260417190342-new_canon_autoresearch_recipe-tile256-stride128-ds8.jpg,PHercParis4,20260623144957-w053-058,canon,2.4,6080,23330,1024,415,1.0,scored
PHercParis4/segments/20260623145652-w059-063/ink-detection/downsampled/PHercParis4-20260623145652-1.129um-0.23m-78keV-volume-20260608103018-L1-20260709123958-mrg20736-1um-s1z2-tile256-stride128-ds8.jpg,PHercParis4,20260623145652-w059-063,1um_s1z2,2.258,6510,22971,1088,134,1.0,scored
PHercParis4/segments/20260623145652-w059-063/ink-detection/downsampled/PHercParis4-20260623145652-2.4um-0.22m-78keV-volume-20260411134726-20260417190342-new_canon_autoresearch_recipe-tile256-stride128-ds8.jpg,PHercParis4,20260623145652-w059-063,canon,2.4,6130,21630,1024,380,1.0,scored
PHercParis4/segments/20260623150417-w064-068/ink-detection/downsampled/PHercParis4-20260623150417-1.129um-0.23m-78keV-volume-20260608103018-L1-20260709123958-mrg20736-1um-s1z2-tile256-stride128-ds8.jpg,PHercParis4,20260623150417-w064-068,1um_s1z2,2.258,6543,25414,1088,156,1.0,scored
PHercParis4/segments/20260623150417-w064-068/ink-detection/downsampled/PHercParis4-20260623150417-2.4um-0.22m-78keV-volume-20260411134726-20260417190342-new_canon_autoresearch_recipe-tile256-stride128-ds8.jpg,PHercParis4,20260623150417-w064-068,canon,2.4,6160,23930,1024,464,1.0,scored
PHercParis4/segments/20260623151041-w069-072/ink-detection/downsampled/PHercParis4-20260623151041-1.129um-0.23m-78keV-volume-20260608103018-L1-20260709123958-mrg20736-1um-s1z2-tile256-stride128-ds8.jpg,PHercParis4,20260623151041-w069-072,1um_s1z2,2.258,6521,22015,1088,114,1.0,scored
PHercParis4/segments/20260623151041-w069-072/ink-detection/downsampled/PHercParis4-20260623151041-2.4um-0.22m-78keV-volume-20260411134726-20260417190342-new_canon_autoresearch_recipe-tile256-stride128-ds8.jpg,PHercParis4,20260623151041-w069-072,canon,2.4,6140,20730,1024,362,1.0,scored
PHercParis4/segments/20260623151729-w073-076/ink-detection/downsampled/PHercParis4-20260623151729-1.129um-0.23m-78keV-volume-20260608103018-L1-20260709123958-mrg20736-1um-s1z2-tile256-stride128-ds8.jpg,PHercParis4,20260623151729-w073-076,1um_s1z2,2.258,6521,23269,1088,114,1.0,scored
PHercParis4/segments/20260623151729-w073-076/ink-detection/downsampled/PHercParis4-20260623151729-2.4um-0.22m-78keV-volume-20260411134726-20260417190342-new_canon_autoresearch_recipe-tile256-stride128-ds8.jpg,PHercParis4,20260623151729-w073-076,canon,2.4,6140,21910,1024,379,1.0,scored
PHercParis4/segments/20260623152443-w077-080/ink-detection/downsampled/PHercParis4-20260623152443-1.129um-0.23m-78keV-volume-20260608103018-L1-20260709123958-mrg20736-1um-s1z2-tile256-stride128-ds8.jpg,PHercParis4,20260623152443-w077-080,1um_s1z2,2.258,6531,24574,1088,139,1.0,scored
PHercParis4/segments/20260623152443-w077-080/ink-detection/downsampled/PHercParis4-20260623152443-2.4um-0.22m-78keV-volume-20260411134726-20260417190342-new_canon_autoresearch_recipe-tile256-stride128-ds8.jpg,PHercParis4,20260623152443-w077-080,canon,2.4,6150,23140,1024,446,1.0,scored
PHercParis4/segments/20260623153216-w081-084/ink-detection/downsampled/PHercParis4-20260623153216-1.129um-0.23m-78keV-volume-20260608103018-L1-20260709123958-mrg20736-1um-s1z2-tile256-stride128-ds8.jpg,PHercParis4,20260623153216-w081-084,1um_s1z2,2.258,6574,26051,1088,143,1.0,scored
PHercParis4/segments/20260623153216-w081-084/ink-detection/downsampled/PHercParis4-20260623153216-2.4um-0.22m-78keV-volume-20260411134726-20260417190342-new_canon_autoresearch_recipe-tile256-stride128-ds8.jpg,PHercParis4,20260623153216-w081-084,canon,2.4,6190,24530,1024,471,1.0,scored
PHercParis4/segments/20260623154006-w085-088/ink-detection/downsampled/PHercParis4-20260623154006-1.129um-0.23m-78keV-volume-20260608103018-L1-20260709123958-mrg20736-1um-s1z2-tile256-stride128-ds8.jpg,PHercParis4,20260623154006-w085-088,1um_s1z2,2.258,6606,27453,1088,142,1.0,scored
PHercParis4/segments/20260623154006-w085-088/ink-detection/downsampled/PHercParis4-20260623154006-2.4um-0.22m-78keV-volume-20260411134726-20260417190342-new_canon_autoresearch_recipe-tile256-stride128-ds8.jpg,PHercParis4,20260623154006-w085-088,canon,2.4,6220,25850,1024,491,1.0,scored
PHercParis4/segments/20260623154617-w089-091/ink-detection/downsampled/PHercParis4-20260623154617-1.129um-0.23m-78keV-volume-20260608103018-L1-20260709123958-mrg20736-1um-s1z2-tile256-stride128-ds8.jpg,PHercParis4,20260623154617-w089-091,1um_s1z2,2.258,6585,21835,1088,117,1.0,scored
PHercParis4/segments/20260623154617-w089-091/ink-detection/downsampled/PHercParis4-20260623154617-2.4um-0.22m-78keV-volume-20260411134726-20260417190342-new_canon_autoresearch_recipe-tile256-stride128-ds8.jpg,PHercParis4,20260623154617-w089-091,canon,2.4,6200,20560,1024,386,1.0,scored
PHercParis4/segments/20260623155240-w092-094/ink-detection/downsampled/PHercParis4-20260623155240-1.129um-0.23m-78keV-volume-20260608103018-L1-20260709123958-mrg20736-1um-s1z2-tile256-stride128-ds8.jpg,PHercParis4,20260623155240-w092-094,1um_s1z2,2.258,6595,22599,1088,118,1.0,scored
PHercParis4/segments/20260623155240-w092-094/ink-detection/downsampled/PHercParis4-20260623155240-2.4um-0.22m-78keV-volume-20260411134726-20260417190342-new_canon_autoresearch_recipe-tile256-stride128-ds8.jpg,PHercParis4,20260623155240-w092-094,canon,2.4,6210,21280,1024,394,1.0,scored
PHercParis4/segments/20260623155914-w095-097/ink-detection/downsampled/PHercParis4-20260623155914-2.4um-0.22m-78keV-volume-20260411134726-20260417190342-new_canon_autoresearch_recipe-tile256-stride128-ds8.jpg,PHercParis4,20260623155914-w095-097,canon,2.4,6200,21930,1024,399,1.0,scored
PHercParis4/segments/20260623160554-w098-100/ink-detection/downsampled/PHercParis4-20260623160554-2.4um-0.22m-78keV-volume-20260411134726-20260417190342-new_canon_autoresearch_recipe-tile256-stride128-ds8.jpg,PHercParis4,20260623160554-w098-100,canon,2.4,6170,22450,1024,384,1.0,scored
PHercParis4/segments/20260623161233-w101-103/ink-detection/downsampled/PHercParis4-20260623161233-2.4um-0.22m-78keV-volume-20260411134726-20260417190342-new_canon_autoresearch_recipe-tile256-stride128-ds8.jpg,PHercParis4,20260623161233-w101-103,canon,2.4,6160,22880,1024,362,1.0,scored
PHercParis4/segments/20260623162614-w107-109/ink-detection/downsampled/PHercParis4-20260623162614-2.4um-0.22m-78keV-volume-20260411134726-20260417190342-new_canon_autoresearch_recipe-tile256-stride128-ds8.jpg,PHercParis4,20260623162614-w107-109,canon,2.4,6260,23660,1024,367,1.0,scored
PHercParis4/segments/20260623163339-w110-112/ink-detection/downsampled/PHercParis4-20260623163339-2.4um-0.22m-78keV-volume-20260411134726-20260417190342-new_canon_autoresearch_recipe-tile256-stride128-ds8.jpg,PHercParis4,20260623163339-w110-112,canon,2.4,6270,24030,1024,370,1.0,scored
PHercParis4/segments/20260623164141-w113-115/ink-detection/downsampled/PHercParis4-20260623164141-1.129um-0.23m-78keV-volume-20260608103018-L1-20260709123958-mrg20736-1um-s1z2-tile256-stride128-ds8.jpg,PHercParis4,20260623164141-w113-115,1um_s1z2,2.258,6638,26040,1088,87,1.0,scored
PHercParis4/segments/20260623164141-w113-115/ink-detection/downsampled/PHercParis4-20260623164141-2.4um-0.22m-78keV-volume-20260411134726-20260417190342-new_canon_autoresearch_recipe-tile256-stride128-ds8.jpg,PHercParis4,20260623164141-w113-115,canon,2.4,6250,24520,1024,370,1.0,scored
PHercParis4/segments/20260623164704-w116-117/ink-detection/downsampled/PHercParis4-20260623164704-1.129um-0.23m-78keV-volume-20260608103018-L1-20260709123958-mrg20736-1um-s1z2-tile256-stride128-ds8.jpg,PHercParis4,20260623164704-w116-117,1um_s1z2,2.258,6564,17799,1088,53,1.0,scored
PHercParis4/segments/20260623164704-w116-117/ink-detection/downsampled/PHercParis4-20260623164704-2.4um-0.22m-78keV-volume-20260411134726-20260417190342-new_canon_autoresearch_recipe-tile256-stride128-ds8.jpg,PHercParis4,20260623164704-w116-117,canon,2.4,6180,16760,1024,250,1.0,scored
PHercParis4/segments/20260623165230-w118-119/ink-detection/downsampled/PHercParis4-20260623165230-1.129um-0.23m-78keV-volume-20260608103018-L1-20260709123958-mrg20736-1um-s1z2-tile256-stride128-ds8.jpg,PHercParis4,20260623165230-w118-119,1um_s1z2,2.258,6510,17948,1088,50,1.0,scored
PHercParis4/segments/20260623165230-w118-119/ink-detection/downsampled/PHercParis4-20260623165230-2.4um-0.22m-78keV-volume-20260411134726-20260417190342-new_canon_autoresearch_recipe-tile256-stride128-ds8.jpg,PHercParis4,20260623165230-w118-119,canon,2.4,6130,16900,1024,224,1.0,scored
PHercParis4/segments/20260623165742-w120-121/ink-detection/downsampled/PHercParis4-20260623165742-1.129um-0.23m-78keV-volume-20260608103018-L1-20260709123958-mrg20736-1um-s1z2-tile256-stride128-ds8.jpg,PHercParis4,20260623165742-w120-121,1um_s1z2,2.258,6446,18086,1088,45,1.0,scored
PHercParis4/segments/20260623165742-w120-121/ink-detection/downsampled/PHercParis4-20260623165742-2.4um-0.22m-78keV-volume-20260411134726-20260417190342-new_canon_autoresearch_recipe-tile256-stride128-ds8.jpg,PHercParis4,20260623165742-w120-121,canon,2.4,6070,17030,1024,224,1.0,scored
PHercParis4/segments/20260623170305-w122-123/ink-detection/downsampled/PHercParis4-20260623170305-1.129um-0.23m-78keV-volume-20260608103018-L1-20260709123958-mrg20736-1um-s1z2-tile256-stride128-ds8.jpg,PHercParis4,20260623170305-w122-123,1um_s1z2,2.258,6436,18171,1088,45,1.0,scored
PHercParis4/segments/20260623170305-w122-123/ink-detection/downsampled/PHercParis4-20260623170305-2.4um-0.22m-78keV-volume-20260411134726-20260417190342-new_canon_autoresearch_recipe-tile256-stride128-ds8.jpg,PHercParis4,20260623170305-w122-123,canon,2.4,6060,17110,1024,226,1.0,scored
PHercParis4/segments/20260623170833-w124-125/ink-detection/downsampled/PHercParis4-20260623170833-2.4um-0.22m-78keV-volume-20260411134726-20260417190342-new_canon_autoresearch_recipe-tile256-stride128-ds8.jpg,PHercParis4,20260623170833-w124-125,canon,2.4,6330,17400,1024,232,1.0,scored
PHercParis4/segments/20260623171400-w126-127/ink-detection/downsampled/PHercParis4-20260623171400-2.4um-0.22m-78keV-volume-20260411134726-20260417190342-new_canon_autoresearch_recipe-tile256-stride128-ds8.jpg,PHercParis4,20260623171400-w126-127,canon,2.4,7890,19110,1024,234,1.0,scored
PHercParis4/segments/20260623171929-w128-129/ink-detection/downsampled/PHercParis4-20260623171929-2.4um-0.22m-78keV-volume-20260411134726-20260417190342-new_canon_autoresearch_recipe-tile256-stride128-ds8.jpg,PHercParis4,20260623171929-w128-129,canon,2.4,8820,19470,1024,233,1.0,scored
PHercParis4/segments/20260701183124-w010-027/ink-detection/downsampled/PHercParis4-20260701183124-2.4um-0.22m-78keV-volume-20260411134726-20260417190342-new_canon_autoresearch_recipe-tile256-stride128-ds8.jpg,PHercParis4,20260701183124-w010-027,canon,2.4,8720,21250,1024,639,1.0,scored
PHercParis4/segments/20260701183125-w028-037/ink-detection/downsampled/PHercParis4-20260701183125-2.4um-0.22m-78keV-volume-20260411134726-20260417190342-new_canon_autoresearch_recipe-tile256-stride128-ds8.jpg,PHercParis4,20260701183125-w028-037,canon,2.4,8950,21830,1024,644,1.0,scored
PHercParis4/segments/20260701183126-w038-045/ink-detection/downsampled/PHercParis4-20260701183126-2.4um-0.22m-78keV-volume-20260411134726-20260417190342-new_canon_autoresearch_recipe-tile256-stride128-ds8.jpg,PHercParis4,20260701183126-w038-045,canon,2.4,9360,22990,1024,679,1.0,scored
PHercParis4/segments/20260701183127-w046-052/ink-detection/downsampled/PHercParis4-20260701183127-2.4um-0.22m-78keV-volume-20260411134726-20260417190342-new_canon_autoresearch_recipe-tile256-stride128-ds8.jpg,PHercParis4,20260701183127-w046-052,canon,2.4,9370,24350,1024,733,1.0,scored
PHercParis4/segments/20260701183128-w053-058/ink-detection/downsampled/PHercParis4-20260701183128-2.4um-0.22m-78keV-volume-20260411134726-20260417190342-new_canon_autoresearch_recipe-tile256-stride128-ds8.jpg,PHercParis4,20260701183128-w053-058,canon,2.4,9150,23110,1024,668,1.0,scored
PHercParis4/segments/20260701183129-w059-063/ink-detection/downsampled/PHercParis4-20260701183129-2.4um-0.22m-78keV-volume-20260411134726-20260417190342-new_canon_autoresearch_recipe-tile256-stride128-ds8.jpg,PHercParis4,20260701183129-w059-063,canon,2.4,9230,22000,1024,661,1.0,scored
PHercParis4/segments/20260701183130-w064-068/ink-detection/downsampled/PHercParis4-20260701183130-2.4um-0.22m-78keV-volume-20260411134726-20260417190342-new_canon_autoresearch_recipe-tile256-stride128-ds8.jpg,PHercParis4,20260701183130-w064-068,canon,2.4,9250,24030,1024,723,1.0,scored
PHercParis4/segments/20260701183131-w069-072/ink-detection/downsampled/PHercParis4-20260701183131-2.4um-0.22m-78keV-volume-20260411134726-20260417190342-new_canon_autoresearch_recipe-tile256-stride128-ds8.jpg,PHercParis4,20260701183131-w069-072,canon,2.4,9210,20630,1024,581,1.0,scored
PHercParis4/segments/20260701183132-w073-076/ink-detection/downsampled/PHercParis4-20260701183132-2.4um-0.22m-78keV-volume-20260411134726-20260417190342-new_canon_autoresearch_recipe-tile256-stride128-ds8.jpg,PHercParis4,20260701183132-w073-076,canon,2.4,10030,21760,1024,626,1.0,scored
PHercParis4/segments/20260701183133-w077-080/ink-detection/downsampled/PHercParis4-20260701183133-2.4um-0.22m-78keV-volume-20260411134726-20260417190342-new_canon_autoresearch_recipe-tile256-stride128-ds8.jpg,PHercParis4,20260701183133-w077-080,canon,2.4,9810,23070,1024,686,1.0,scored
PHercParis4/segments/20260701183134-w081-084/ink-detection/downsampled/PHercParis4-20260701183134-2.4um-0.22m-78keV-volume-20260411134726-20260417190342-new_canon_autoresearch_recipe-tile256-stride128-ds8.jpg,PHercParis4,20260701183134-w081-084,canon,2.4,9840,24380,1024,722,1.0,scored
PHercParis4/segments/20260701183135-w085-088/ink-detection/downsampled/PHercParis4-20260701183135-2.4um-0.22m-78keV-volume-20260411134726-20260417190342-new_canon_autoresearch_recipe-tile256-stride128-ds8.jpg,PHercParis4,20260701183135-w085-088,canon,2.4,9830,25580,1024,748,1.0,scored
PHercParis4/segments/20260701183136-w089-091/ink-detection/downsampled/PHercParis4-20260701183136-2.4um-0.22m-78keV-volume-20260411134726-20260417190342-new_canon_autoresearch_recipe-tile256-stride128-ds8.jpg,PHercParis4,20260701183136-w089-091,canon,2.4,9610,20380,1024,563,1.0,scored
PHercParis4/segments/20260701183137-w092-094/ink-detection/downsampled/PHercParis4-20260701183137-2.4um-0.22m-78keV-volume-20260411134726-20260417190342-new_canon_autoresearch_recipe-tile256-stride128-ds8.jpg,PHercParis4,20260701183137-w092-094,canon,2.4,9530,21070,1024,585,1.0,scored
PHercParis4/segments/20260701183138-w095-097/ink-detection/downsampled/PHercParis4-20260701183138-2.4um-0.22m-78keV-volume-20260411134726-20260417190342-new_canon_autoresearch_recipe-tile256-stride128-ds8.jpg,PHercParis4,20260701183138-w095-097,canon,2.4,9680,21640,1024,587,1.0,scored
PHercParis4/segments/20260701183139-w098-100/ink-detection/downsampled/PHercParis4-20260701183139-2.4um-0.22m-78keV-volume-20260411134726-20260417190342-new_canon_autoresearch_recipe-tile256-stride128-ds8.jpg,PHercParis4,20260701183139-w098-100,canon,2.4,9660,22090,1024,581,1.0,scored
PHercParis4/segments/20260701183140-w101-103/ink-detection/downsampled/PHercParis4-20260701183140-2.4um-0.22m-78keV-volume-20260411134726-20260417190342-new_canon_autoresearch_recipe-tile256-stride128-ds8.jpg,PHercParis4,20260701183140-w101-103,canon,2.4,9790,22550,1024,602,1.0,scored
PHercParis4/segments/20260701183141-w104-106/ink-detection/downsampled/PHercParis4-20260701183141-2.4um-0.22m-78keV-volume-20260411134726-20260417190342-new_canon_autoresearch_recipe-tile256-stride128-ds8.jpg,PHercParis4,20260701183141-w104-106,canon,2.4,9540,22810,1024,564,1.0,scored
PHercParis4/segments/20260701183142-w107-109/ink-detection/downsampled/PHercParis4-20260701183142-2.4um-0.22m-78keV-volume-20260411134726-20260417190342-new_canon_autoresearch_recipe-tile256-stride128-ds8.jpg,PHercParis4,20260701183142-w107-109,canon,2.4,9490,23310,1024,574,1.0,scored
PHercParis4/segments/20260701183143-w110-112/ink-detection/downsampled/PHercParis4-20260701183143-2.4um-0.22m-78keV-volume-20260411134726-20260417190342-new_canon_autoresearch_recipe-tile256-stride128-ds8.jpg,PHercParis4,20260701183143-w110-112,canon,2.4,9400,23790,1024,583,1.0,scored
PHercParis4/segments/20260701183144-w113-115/ink-detection/downsampled/PHercParis4-20260701183144-2.4um-0.22m-78keV-volume-20260411134726-20260417190342-new_canon_autoresearch_recipe-tile256-stride128-ds8.jpg,PHercParis4,20260701183144-w113-115,canon,2.4,9360,24220,1024,602,1.0,scored
PHercParis4/segments/20260701183145-w116-117/ink-detection/downsampled/PHercParis4-20260701183145-2.4um-0.22m-78keV-volume-20260411134726-20260417190342-new_canon_autoresearch_recipe-tile256-stride128-ds8.jpg,PHercParis4,20260701183145-w116-117,canon,2.4,9370,16830,1024,407,1.0,scored
PHercParis4/segments/20260701183146-w118-119/ink-detection/downsampled/PHercParis4-20260701183146-2.4um-0.22m-78keV-volume-20260411134726-20260417190342-new_canon_autoresearch_recipe-tile256-stride128-ds8.jpg,PHercParis4,20260701183146-w118-119,canon,2.4,9400,17100,1024,410,1.0,scored
PHercParis4/segments/20260701183147-w120-121/ink-detection/downsampled/PHercParis4-20260701183147-2.4um-0.22m-78keV-volume-20260411134726-20260417190342-new_canon_autoresearch_recipe-tile256-stride128-ds8.jpg,PHercParis4,20260701183147-w120-121,canon,2.4,9500,17280,1024,404,1.0,scored
PHercParis4/segments/20260701183148-w122-123/ink-detection/downsampled/PHercParis4-20260701183148-2.4um-0.22m-78keV-volume-20260411134726-20260417190342-new_canon_autoresearch_recipe-tile256-stride128-ds8.jpg,PHercParis4,20260701183148-w122-123,canon,2.4,9880,17170,1024,398,1.0,scored
PHercParis4/segments/20260701183149-w124-125/ink-detection/downsampled/PHercParis4-20260701183149-2.4um-0.22m-78keV-volume-20260411134726-20260417190342-new_canon_autoresearch_recipe-tile256-stride128-ds8.jpg,PHercParis4,20260701183149-w124-125,canon,2.4,10490,17920,1024,397,1.0,scored
PHercParis4/segments/20260701183150-w126-127/ink-detection/downsampled/PHercParis4-20260701183150-2.4um-0.22m-78keV-volume-20260411134726-20260417190342-new_canon_autoresearch_recipe-tile256-stride128-ds8.jpg,PHercParis4,20260701183150-w126-127,canon,2.4,11760,19360,1024,386,1.0,scored
PHercParis4/segments/20260701183151-w128-129/ink-detection/downsampled/PHercParis4-20260701183151-2.4um-0.22m-78keV-volume-20260411134726-20260417190342-new_canon_autoresearch_recipe-tile256-stride128-ds8.jpg,PHercParis4,20260701183151-w128-129,canon,2.4,11180,17790,1024,381,1.0,scored
