key,scroll,segment,recipe,iy,ix,wpx_fine,wpx_coarse,thresh_fine,thresh_coarse,fine,coarse,ncomp_fine,ncomp_coarse,ext_fine,ext_coarse,frac_fine,frac_coarse
PHerc1667/segments/20240304141531-w013_20240304141531_flatboi/ink-detection/downsampled/PHerc1667-20240304141531-2.399um-0.22m-78keV-volume-20251217075048-20260417190342-new_canon_autoresearch_recipe-tile256-stride128-ds8.jpg,PHerc1667,20240304141531-w013_20240304141531_flatboi,canon,0,0,1024,311,116,115,0.8845,0.8839,38,35,537.4,632.8,0.0744,0.0747
PHerc1667/segments/20240304141531-w013_20240304141531_flatboi/ink-detection/downsampled/PHerc1667-20240304141531-2.399um-0.22m-78keV-volume-20251217075048-20260417190342-new_canon_autoresearch_recipe-tile256-stride128-ds8.jpg,PHerc1667,20240304141531-w013_20240304141531_flatboi,canon,0,1,1024,311,116,115,0.8957,0.8955,56,52,479.8,569.5,0.1137,0.114
PHerc1667/segments/20240304141531-w013_20240304141531_flatboi/ink-detection/downsampled/PHerc1667-20240304141531-2.399um-0.22m-78keV-volume-20251217075048-20260417190342-new_canon_autoresearch_recipe-tile256-stride128-ds8.jpg,PHerc1667,20240304141531-w013_20240304141531_flatboi,canon,0,2,1024,311,116,115,0.6749,0.674,52,50,508.6,506.2,0.122,0.1223
PHerc1667/segments/20240304141531-w013_20240304141531_flatboi/ink-detection/downsampled/PHerc1667-20240304141531-2.399um-0.22m-78keV-volume-20251217075048-20260417190342-new_canon_autoresearch_recipe-tile256-stride128-ds8.jpg,PHerc1667,20240304141531-w013_20240304141531_flatboi,canon,0,3,1024,311,116,115,0.6906,0.6899,47,44,499.0,506.2,0.1017,0.1026
PHerc1667/segments/20240304141531-w013_20240304141531_flatboi/ink-detection/downsampled/PHerc1667-20240304141531-2.399um-0.22m-78keV-volume-20251217075048-20260417190342-new_canon_autoresearch_recipe-tile256-stride128-ds8.jpg,PHerc1667,20240304141531-w013_20240304141531_flatboi,canon,0,4,1024,311,116,115,0.739,0.74,94,85,422.2,506.2,0.0825,0.0829
PHerc1667/segments/20240304141531-w013_20240304141531_flatboi/ink-detection/downsampled/PHerc1667-20240304141531-2.399um-0.22m-78keV-volume-20251217075048-20260417190342-new_canon_autoresearch_recipe-tile256-stride128-ds8.jpg,PHerc1667,20240304141531-w013_20240304141531_flatboi,canon,0,5,1024,311,116,115,0.7165,0.714,107,98,441.4,506.2,0.0984,0.0984
PHerc1667/segments/20240304141531-w013_20240304141531_flatboi/ink-detection/downsampled/PHerc1667-20240304141531-2.399um-0.22m-78keV-volume-20251217075048-20260417190342-new_canon_autoresearch_recipe-tile256-stride128-ds8.jpg,PHerc1667,20240304141531-w013_20240304141531_flatboi,canon,0,6,1024,311,116,115,0.79,0.804,74,71,499.0,506.2,0.0988,0.0992
PHerc1667/segments/20240304141531-w013_20240304141531_flatboi/ink-detection/downsampled/PHerc1667-20240304141531-2.399um-0.22m-78keV-volume-20251217075048-20260417190342-new_canon_autoresearch_recipe-tile256-stride128-ds8.jpg,PHerc1667,20240304141531-w013_20240304141531_flatboi,canon,0,7,1024,311,116,115,0.81,0.8125,78,76,499.0,506.2,0.098,0.0981
PHerc1667/segments/20240304141531-w013_20240304141531_flatboi/ink-detection/downsampled/PHerc1667-20240304141531-2.399um-0.22m-78keV-volume-20251217075048-20260417190342-new_canon_autoresearch_recipe-tile256-stride128-ds8.jpg,PHerc1667,20240304141531-w013_20240304141531_flatboi,canon,0,8,1024,311,116,115,0.7712,0.76,97,93,595.0,632.8,0.1246,0.1251
PHerc1667/segments/20240304141531-w013_20240304141531_flatboi/ink-detection/downsampled/PHerc1667-20240304141531-2.399um-0.22m-78keV-volume-20251217075048-20260417190342-new_canon_autoresearch_recipe-tile256-stride128-ds8.jpg,PHerc1667,20240304141531-w013_20240304141531_flatboi,canon,0,9,1024,311,116,115,0.7397,0.7406,102,97,585.4,632.8,0.1192,0.1197
PHerc1667/segments/20240304141531-w013_20240304141531_flatboi/ink-detection/downsampled/PHerc1667-20240304141531-2.399um-0.22m-78keV-volume-20251217075048-20260417190342-new_canon_autoresearch_recipe-tile256-stride128-ds8.jpg,PHerc1667,20240304141531-w013_20240304141531_flatboi,canon,0,10,1024,311,116,115,0.8099,0.8088,103,99,499.0,506.2,0.1119,0.1115
PHerc1667/segments/20240304141531-w013_20240304141531_flatboi/ink-detection/downsampled/PHerc1667-20240304141531-2.399um-0.22m-78keV-volume-20251217075048-20260417190342-new_canon_autoresearch_recipe-tile256-stride128-ds8.jpg,PHerc1667,20240304141531-w013_20240304141531_flatboi,canon,0,11,1024,311,116,115,0.7148,0.7095,91,89,537.4,569.5,0.0841,0.0856
PHerc1667/segments/20240304141531-w013_20240304141531_flatboi/ink-detection/downsampled/PHerc1667-20240304141531-2.399um-0.22m-78keV-volume-20251217075048-20260417190342-new_canon_autoresearch_recipe-tile256-stride128-ds8.jpg,PHerc1667,20240304141531-w013_20240304141531_flatboi,canon,0,12,1024,311,116,115,0.5368,0.5478,72,72,518.2,506.2,0.0512,0.0524
PHerc1667/segments/20240304141531-w013_20240304141531_flatboi/ink-detection/downsampled/PHerc1667-20240304141531-2.399um-0.22m-78keV-volume-20251217075048-20260417190342-new_canon_autoresearch_recipe-tile256-stride128-ds8.jpg,PHerc1667,20240304141531-w013_20240304141531_flatboi,canon,0,13,1024,311,116,115,0.6483,0.649,85,79,441.4,443.0,0.0622,0.0611
PHerc1667/segments/20240304141531-w013_20240304141531_flatboi/ink-detection/downsampled/PHerc1667-20240304141531-2.399um-0.22m-78keV-volume-20251217075048-20260417190342-new_canon_autoresearch_recipe-tile256-stride128-ds8.jpg,PHerc1667,20240304141531-w013_20240304141531_flatboi,canon,0,14,1024,311,116,115,0.7287,0.725,96,89,499.0,506.2,0.0919,0.0921
PHerc1667/segments/20240304141531-w013_20240304141531_flatboi/ink-detection/downsampled/PHerc1667-20240304141531-2.399um-0.22m-78keV-volume-20251217075048-20260417190342-new_canon_autoresearch_recipe-tile256-stride128-ds8.jpg,PHerc1667,20240304141531-w013_20240304141531_flatboi,canon,0,15,1024,311,116,115,0.8005,0.7941,104,101,595.0,569.5,0.1329,0.1337
PHerc1667/segments/20240304141531-w013_20240304141531_flatboi/ink-detection/downsampled/PHerc1667-20240304141531-2.399um-0.22m-78keV-volume-20251217075048-20260417190342-new_canon_autoresearch_recipe-tile256-stride128-ds8.jpg,PHerc1667,20240304141531-w013_20240304141531_flatboi,canon,0,16,1024,311,116,115,0.7984,0.7875,100,97,575.8,569.5,0.1214,0.1221
PHerc1667/segments/20240304141531-w013_20240304141531_flatboi/ink-detection/downsampled/PHerc1667-20240304141531-2.399um-0.22m-78keV-volume-20251217075048-20260417190342-new_canon_autoresearch_recipe-tile256-stride128-ds8.jpg,PHerc1667,20240304141531-w013_20240304141531_flatboi,canon,0,17,1024,311,116,115,0.736,0.7179,83,87,518.2,506.2,0.084,0.0844
PHerc1667/segments/20240304141531-w013_20240304141531_flatboi/ink-detection/downsampled/PHerc1667-20240304141531-2.399um-0.22m-78keV-volume-20251217075048-20260417190342-new_canon_autoresearch_recipe-tile256-stride128-ds8.jpg,PHerc1667,20240304141531-w013_20240304141531_flatboi,canon,1,0,1024,311,116,115,0.9225,0.9228,46,44,863.6,885.9,0.1317,0.1323
PHerc1667/segments/20240304141531-w013_20240304141531_flatboi/ink-detection/downsampled/PHerc1667-20240304141531-2.399um-0.22m-78keV-volume-20251217075048-20260417190342-new_canon_autoresearch_recipe-tile256-stride128-ds8.jpg,PHerc1667,20240304141531-w013_20240304141531_flatboi,canon,1,1,1024,311,116,115,0.9412,0.9409,46,43,652.5,822.6,0.1557,0.1566
PHerc1667/segments/20240304141531-w013_20240304141531_flatboi/ink-detection/downsampled/PHerc1667-20240304141531-2.399um-0.22m-78keV-volume-20251217075048-20260417190342-new_canon_autoresearch_recipe-tile256-stride128-ds8.jpg,PHerc1667,20240304141531-w013_20240304141531_flatboi,canon,1,2,1024,311,116,115,0.7574,0.757,58,56,595.0,632.8,0.167,0.168
PHerc1667/segments/20240304141531-w013_20240304141531_flatboi/ink-detection/downsampled/PHerc1667-20240304141531-2.399um-0.22m-78keV-volume-20251217075048-20260417190342-new_canon_autoresearch_recipe-tile256-stride128-ds8.jpg,PHerc1667,20240304141531-w013_20240304141531_flatboi,canon,1,3,1024,311,116,115,0.7175,0.7061,77,74,633.3,632.8,0.1496,0.1505
PHerc1667/segments/20240304141531-w013_20240304141531_flatboi/ink-detection/downsampled/PHerc1667-20240304141531-2.399um-0.22m-78keV-volume-20251217075048-20260417190342-new_canon_autoresearch_recipe-tile256-stride128-ds8.jpg,PHerc1667,20240304141531-w013_20240304141531_flatboi,canon,1,4,1024,311,116,115,0.668,0.6548,110,99,537.4,569.5,0.0977,0.0987
PHerc1667/segments/20240304141531-w013_20240304141531_flatboi/ink-detection/downsampled/PHerc1667-20240304141531-2.399um-0.22m-78keV-volume-20251217075048-20260417190342-new_canon_autoresearch_recipe-tile256-stride128-ds8.jpg,PHerc1667,20240304141531-w013_20240304141531_flatboi,canon,1,5,1024,311,116,115,0.582,0.5813,106,99,470.2,506.2,0.0716,0.0719
PHerc1667/segments/20240304141531-w013_20240304141531_flatboi/ink-detection/downsampled/PHerc1667-20240304141531-2.399um-0.22m-78keV-volume-20251217075048-20260417190342-new_canon_autoresearch_recipe-tile256-stride128-ds8.jpg,PHerc1667,20240304141531-w013_20240304141531_flatboi,canon,1,6,1024,311,116,115,0.6755,0.6936,97,92,441.4,443.0,0.074,0.074
PHerc1667/segments/20240304141531-w013_20240304141531_flatboi/ink-detection/downsampled/PHerc1667-20240304141531-2.399um-0.22m-78keV-volume-20251217075048-20260417190342-new_canon_autoresearch_recipe-tile256-stride128-ds8.jpg,PHerc1667,20240304141531-w013_20240304141531_flatboi,canon,1,7,1024,311,116,115,0.7216,0.7296,100,88,383.8,443.0,0.0777,0.0776
PHerc1667/segments/20240304141531-w013_20240304141531_flatboi/ink-detection/downsampled/PHerc1667-20240304141531-2.399um-0.22m-78keV-volume-20251217075048-20260417190342-new_canon_autoresearch_recipe-tile256-stride128-ds8.jpg,PHerc1667,20240304141531-w013_20240304141531_flatboi,canon,1,8,1024,311,116,115,0.7157,0.7056,111,98,441.4,506.2,0.0979,0.0988
PHerc1667/segments/20240304141531-w013_20240304141531_flatboi/ink-detection/downsampled/PHerc1667-20240304141531-2.399um-0.22m-78keV-volume-20251217075048-20260417190342-new_canon_autoresearch_recipe-tile256-stride128-ds8.jpg,PHerc1667,20240304141531-w013_20240304141531_flatboi,canon,1,9,1024,311,116,115,0.6672,0.6725,112,103,518.2,569.5,0.0926,0.0928
PHerc1667/segments/20240304141531-w013_20240304141531_flatboi/ink-detection/downsampled/PHerc1667-20240304141531-2.399um-0.22m-78keV-volume-20251217075048-20260417190342-new_canon_autoresearch_recipe-tile256-stride128-ds8.jpg,PHerc1667,20240304141531-w013_20240304141531_flatboi,canon,1,10,1024,311,116,115,0.6445,0.6411,119,111,518.2,506.2,0.0878,0.0885
PHerc1667/segments/20240304141531-w013_20240304141531_flatboi/ink-detection/downsampled/PHerc1667-20240304141531-2.399um-0.22m-78keV-volume-20251217075048-20260417190342-new_canon_autoresearch_recipe-tile256-stride128-ds8.jpg,PHerc1667,20240304141531-w013_20240304141531_flatboi,canon,1,11,1024,311,116,115,0.5921,0.5824,98,92,499.0,569.5,0.0667,0.0683
PHerc1667/segments/20240304141531-w013_20240304141531_flatboi/ink-detection/downsampled/PHerc1667-20240304141531-2.399um-0.22m-78keV-volume-20251217075048-20260417190342-new_canon_autoresearch_recipe-tile256-stride128-ds8.jpg,PHerc1667,20240304141531-w013_20240304141531_flatboi,canon,1,12,1024,311,116,115,0.4846,0.4904,77,75,422.2,443.0,0.0382,0.0388
PHerc1667/segments/20240304141531-w013_20240304141531_flatboi/ink-detection/downsampled/PHerc1667-20240304141531-2.399um-0.22m-78keV-volume-20251217075048-20260417190342-new_canon_autoresearch_recipe-tile256-stride128-ds8.jpg,PHerc1667,20240304141531-w013_20240304141531_flatboi,canon,1,13,1024,311,116,115,0.6096,0.6135,109,106,364.6,379.7,0.058,0.0577
PHerc1667/segments/20240304141531-w013_20240304141531_flatboi/ink-detection/downsampled/PHerc1667-20240304141531-2.399um-0.22m-78keV-volume-20251217075048-20260417190342-new_canon_autoresearch_recipe-tile256-stride128-ds8.jpg,PHerc1667,20240304141531-w013_20240304141531_flatboi,canon,1,14,1024,311,116,115,0.6749,0.6768,119,114,460.6,443.0,0.0825,0.0832
PHerc1667/segments/20240304141531-w013_20240304141531_flatboi/ink-detection/downsampled/PHerc1667-20240304141531-2.399um-0.22m-78keV-volume-20251217075048-20260417190342-new_canon_autoresearch_recipe-tile256-stride128-ds8.jpg,PHerc1667,20240304141531-w013_20240304141531_flatboi,canon,1,15,1024,311,116,115,0.7517,0.7428,119,116,518.2,506.2,0.115,0.1149
PHerc1667/segments/20240304141531-w013_20240304141531_flatboi/ink-detection/downsampled/PHerc1667-20240304141531-2.399um-0.22m-78keV-volume-20251217075048-20260417190342-new_canon_autoresearch_recipe-tile256-stride128-ds8.jpg,PHerc1667,20240304141531-w013_20240304141531_flatboi,canon,1,16,1024,311,116,115,0.7169,0.7032,121,115,537.4,569.5,0.1121,0.1115
PHerc1667/segments/20240304141531-w013_20240304141531_flatboi/ink-detection/downsampled/PHerc1667-20240304141531-2.399um-0.22m-78keV-volume-20251217075048-20260417190342-new_canon_autoresearch_recipe-tile256-stride128-ds8.jpg,PHerc1667,20240304141531-w013_20240304141531_flatboi,canon,1,17,1024,311,116,115,0.6032,0.5851,106,107,412.6,443.0,0.071,0.0715
PHerc1667/segments/20240304141531-w013_20240304141531_flatboi/ink-detection/downsampled/PHerc1667-20240304141531-2.399um-0.22m-78keV-volume-20251217075048-20260417190342-new_canon_autoresearch_recipe-tile256-stride128-ds8.jpg,PHerc1667,20240304141531-w013_20240304141531_flatboi,canon,2,0,1024,311,116,115,0.9373,0.9388,47,44,882.8,885.9,0.1372,0.1376
PHerc1667/segments/20240304141531-w013_20240304141531_flatboi/ink-detection/downsampled/PHerc1667-20240304141531-2.399um-0.22m-78keV-volume-20251217075048-20260417190342-new_canon_autoresearch_recipe-tile256-stride128-ds8.jpg,PHerc1667,20240304141531-w013_20240304141531_flatboi,canon,2,1,1024,311,116,115,0.9689,0.9749,33,30,1209.1,1582.0,0.1622,0.163
PHerc1667/segments/20240304141531-w013_20240304141531_flatboi/ink-detection/downsampled/PHerc1667-20240304141531-2.399um-0.22m-78keV-volume-20251217075048-20260417190342-new_canon_autoresearch_recipe-tile256-stride128-ds8.jpg,PHerc1667,20240304141531-w013_20240304141531_flatboi,canon,2,2,1024,311,116,115,0.9733,0.9727,41,40,1209.1,1202.3,0.1629,0.1637
PHerc1667/segments/20240304141531-w013_20240304141531_flatboi/ink-detection/downsampled/PHerc1667-20240304141531-2.399um-0.22m-78keV-volume-20251217075048-20260417190342-new_canon_autoresearch_recipe-tile256-stride128-ds8.jpg,PHerc1667,20240304141531-w013_20240304141531_flatboi,canon,2,3,1024,311,116,115,0.86,0.8503,80,76,575.8,632.8,0.1369,0.1379
PHerc1667/segments/20240304141531-w013_20240304141531_flatboi/ink-detection/downsampled/PHerc1667-20240304141531-2.399um-0.22m-78keV-volume-20251217075048-20260417190342-new_canon_autoresearch_recipe-tile256-stride128-ds8.jpg,PHerc1667,20240304141531-w013_20240304141531_flatboi,canon,2,4,1024,311,116,115,0.6844,0.6694,100,98,537.4,569.5,0.0886,0.0898
PHerc1667/segments/20240304141531-w013_20240304141531_flatboi/ink-detection/downsampled/PHerc1667-20240304141531-2.399um-0.22m-78keV-volume-20251217075048-20260417190342-new_canon_autoresearch_recipe-tile256-stride128-ds8.jpg,PHerc1667,20240304141531-w013_20240304141531_flatboi,canon,2,5,1024,311,116,115,0.3414,0.3414,87,85,441.4,443.0,0.0416,0.0419
PHerc1667/segments/20240304141531-w013_20240304141531_flatboi/ink-detection/downsampled/PHerc1667-20240304141531-2.399um-0.22m-78keV-volume-20251217075048-20260417190342-new_canon_autoresearch_recipe-tile256-stride128-ds8.jpg,PHerc1667,20240304141531-w013_20240304141531_flatboi,canon,2,6,1024,311,116,115,0.2558,0.2501,91,84,383.8,379.7,0.0319,0.0316
PHerc1667/segments/20240304141531-w013_20240304141531_flatboi/ink-detection/downsampled/PHerc1667-20240304141531-2.399um-0.22m-78keV-volume-20251217075048-20260417190342-new_canon_autoresearch_recipe-tile256-stride128-ds8.jpg,PHerc1667,20240304141531-w013_20240304141531_flatboi,canon,2,7,1024,311,116,115,0.4228,0.4289,90,78,307.1,379.7,0.0302,0.0304
PHerc1667/segments/20240304141531-w013_20240304141531_flatboi/ink-detection/downsampled/PHerc1667-20240304141531-2.399um-0.22m-78keV-volume-20251217075048-20260417190342-new_canon_autoresearch_recipe-tile256-stride128-ds8.jpg,PHerc1667,20240304141531-w013_20240304141531_flatboi,canon,2,8,1024,311,116,115,0.5516,0.5539,106,94,364.6,379.7,0.0477,0.0482
PHerc1667/segments/20240304141531-w013_20240304141531_flatboi/ink-detection/downsampled/PHerc1667-20240304141531-2.399um-0.22m-78keV-volume-20251217075048-20260417190342-new_canon_autoresearch_recipe-tile256-stride128-ds8.jpg,PHerc1667,20240304141531-w013_20240304141531_flatboi,canon,2,9,1024,311,116,115,0.6063,0.6086,118,108,479.8,506.2,0.0698,0.0691
PHerc1667/segments/20240304141531-w013_20240304141531_flatboi/ink-detection/downsampled/PHerc1667-20240304141531-2.399um-0.22m-78keV-volume-20251217075048-20260417190342-new_canon_autoresearch_recipe-tile256-stride128-ds8.jpg,PHerc1667,20240304141531-w013_20240304141531_flatboi,canon,2,10,1024,311,116,115,0.4777,0.4949,110,102,537.4,569.5,0.0622,0.0632
PHerc1667/segments/20240304141531-w013_20240304141531_flatboi/ink-detection/downsampled/PHerc1667-20240304141531-2.399um-0.22m-78keV-volume-20251217075048-20260417190342-new_canon_autoresearch_recipe-tile256-stride128-ds8.jpg,PHerc1667,20240304141531-w013_20240304141531_flatboi,canon,2,11,1024,311,116,115,0.3134,0.365,82,75,383.8,506.2,0.0331,0.0342
PHerc1667/segments/20240304141531-w013_20240304141531_flatboi/ink-detection/downsampled/PHerc1667-20240304141531-2.399um-0.22m-78keV-volume-20251217075048-20260417190342-new_canon_autoresearch_recipe-tile256-stride128-ds8.jpg,PHerc1667,20240304141531-w013_20240304141531_flatboi,canon,2,12,1024,311,116,115,0.1992,0.2657,66,60,355.1,379.7,0.0199,0.0201
PHerc1667/segments/20240304141531-w013_20240304141531_flatboi/ink-detection/downsampled/PHerc1667-20240304141531-2.399um-0.22m-78keV-volume-20251217075048-20260417190342-new_canon_autoresearch_recipe-tile256-stride128-ds8.jpg,PHerc1667,20240304141531-w013_20240304141531_flatboi,canon,2,13,1024,311,116,115,0.2286,0.2905,84,78,307.1,316.4,0.0231,0.0231
PHerc1667/segments/20240304141531-w013_20240304141531_flatboi/ink-detection/downsampled/PHerc1667-20240304141531-2.399um-0.22m-78keV-volume-20251217075048-20260417190342-new_canon_autoresearch_recipe-tile256-stride128-ds8.jpg,PHerc1667,20240304141531-w013_20240304141531_flatboi,canon,2,14,1024,311,116,115,0.4462,0.4517,94,89,326.3,316.4,0.0373,0.0369
PHerc1667/segments/20240304141531-w013_20240304141531_flatboi/ink-detection/downsampled/PHerc1667-20240304141531-2.399um-0.22m-78keV-volume-20251217075048-20260417190342-new_canon_autoresearch_recipe-tile256-stride128-ds8.jpg,PHerc1667,20240304141531-w013_20240304141531_flatboi,canon,2,15,1024,311,116,115,0.6021,0.6043,91,86,479.8,474.6,0.061,0.0609
PHerc1667/segments/20240304141531-w013_20240304141531_flatboi/ink-detection/downsampled/PHerc1667-20240304141531-2.399um-0.22m-78keV-volume-20251217075048-20260417190342-new_canon_autoresearch_recipe-tile256-stride128-ds8.jpg,PHerc1667,20240304141531-w013_20240304141531_flatboi,canon,2,16,1024,311,116,115,0.6584,0.649,70,66,537.4,537.9,0.0588,0.0583
PHerc1667/segments/20240304141531-w013_20240304141531_flatboi/ink-detection/downsampled/PHerc1667-20240304141531-2.399um-0.22m-78keV-volume-20251217075048-20260417190342-new_canon_autoresearch_recipe-tile256-stride128-ds8.jpg,PHerc1667,20240304141531-w013_20240304141531_flatboi,canon,2,17,1024,311,116,115,0.4976,0.4947,73,67,364.6,379.7,0.0354,0.0361
PHerc1667/segments/20240304141531-w013_20240304141531_flatboi/ink-detection/downsampled/PHerc1667-20240304141531-2.399um-0.22m-78keV-volume-20251217075048-20260417190342-new_canon_autoresearch_recipe-tile256-stride128-ds8.jpg,PHerc1667,20240304141531-w013_20240304141531_flatboi,canon,3,0,1024,311,116,115,0.9232,0.9217,46,45,1026.8,1012.5,0.148,0.1488
PHerc1667/segments/20240304141531-w013_20240304141531_flatboi/ink-detection/downsampled/PHerc1667-20240304141531-2.399um-0.22m-78keV-volume-20251217075048-20260417190342-new_canon_autoresearch_recipe-tile256-stride128-ds8.jpg,PHerc1667,20240304141531-w013_20240304141531_flatboi,canon,3,1,1024,311,116,115,0.9588,0.9642,40,39,1285.9,1328.9,0.1475,0.149
PHerc1667/segments/20240304141531-w013_20240304141531_flatboi/ink-detection/downsampled/PHerc1667-20240304141531-2.399um-0.22m-78keV-volume-20251217075048-20260417190342-new_canon_autoresearch_recipe-tile256-stride128-ds8.jpg,PHerc1667,20240304141531-w013_20240304141531_flatboi,canon,3,2,1024,311,116,115,0.9757,0.9753,37,37,1381.8,1392.2,0.1416,0.143
PHerc1667/segments/20240304141531-w013_20240304141531_flatboi/ink-detection/downsampled/PHerc1667-20240304141531-2.399um-0.22m-78keV-volume-20251217075048-20260417190342-new_canon_autoresearch_recipe-tile256-stride128-ds8.jpg,PHerc1667,20240304141531-w013_20240304141531_flatboi,canon,3,3,1024,311,116,115,0.8954,0.9,55,54,633.3,632.8,0.1147,0.1162
PHerc1667/segments/20240304141531-w013_20240304141531_flatboi/ink-detection/downsampled/PHerc1667-20240304141531-2.399um-0.22m-78keV-volume-20251217075048-20260417190342-new_canon_autoresearch_recipe-tile256-stride128-ds8.jpg,PHerc1667,20240304141531-w013_20240304141531_flatboi,canon,3,4,1024,311,116,115,0.7103,0.7111,80,78,489.4,506.2,0.0746,0.0755
PHerc1667/segments/20240304141531-w013_20240304141531_flatboi/ink-detection/downsampled/PHerc1667-20240304141531-2.399um-0.22m-78keV-volume-20251217075048-20260417190342-new_canon_autoresearch_recipe-tile256-stride128-ds8.jpg,PHerc1667,20240304141531-w013_20240304141531_flatboi,canon,3,5,1024,311,116,115,0.3164,0.3141,86,83,441.4,443.0,0.0382,0.0385
PHerc1667/segments/20240304141531-w013_20240304141531_flatboi/ink-detection/downsampled/PHerc1667-20240304141531-2.399um-0.22m-78keV-volume-20251217075048-20260417190342-new_canon_autoresearch_recipe-tile256-stride128-ds8.jpg,PHerc1667,20240304141531-w013_20240304141531_flatboi,canon,3,6,1024,311,116,115,0.3344,0.3005,83,81,422.2,379.7,0.0316,0.0316
PHerc1667/segments/20240304141531-w013_20240304141531_flatboi/ink-detection/downsampled/PHerc1667-20240304141531-2.399um-0.22m-78keV-volume-20251217075048-20260417190342-new_canon_autoresearch_recipe-tile256-stride128-ds8.jpg,PHerc1667,20240304141531-w013_20240304141531_flatboi,canon,3,7,1024,311,116,115,0.5291,0.4911,83,80,364.6,379.7,0.035,0.0353
PHerc1667/segments/20240304141531-w013_20240304141531_flatboi/ink-detection/downsampled/PHerc1667-20240304141531-2.399um-0.22m-78keV-volume-20251217075048-20260417190342-new_canon_autoresearch_recipe-tile256-stride128-ds8.jpg,PHerc1667,20240304141531-w013_20240304141531_flatboi,canon,3,8,1024,311,116,115,0.5926,0.5855,96,92,393.4,411.3,0.0518,0.0518
PHerc1667/segments/20240304141531-w013_20240304141531_flatboi/ink-detection/downsampled/PHerc1667-20240304141531-2.399um-0.22m-78keV-volume-20251217075048-20260417190342-new_canon_autoresearch_recipe-tile256-stride128-ds8.jpg,PHerc1667,20240304141531-w013_20240304141531_flatboi,canon,3,9,1024,311,116,115,0.5919,0.613,110,103,479.8,506.2,0.0686,0.0678
PHerc1667/segments/20240304141531-w013_20240304141531_flatboi/ink-detection/downsampled/PHerc1667-20240304141531-2.399um-0.22m-78keV-volume-20251217075048-20260417190342-new_canon_autoresearch_recipe-tile256-stride128-ds8.jpg,PHerc1667,20240304141531-w013_20240304141531_flatboi,canon,3,10,1024,311,116,115,0.5094,0.5475,108,102,556.6,569.5,0.0711,0.0716
PHerc1667/segments/20240304141531-w013_20240304141531_flatboi/ink-detection/downsampled/PHerc1667-20240304141531-2.399um-0.22m-78keV-volume-20251217075048-20260417190342-new_canon_autoresearch_recipe-tile256-stride128-ds8.jpg,PHerc1667,20240304141531-w013_20240304141531_flatboi,canon,3,11,1024,311,116,115,0.3904,0.4545,95,88,479.8,506.2,0.0489,0.0502
PHerc1667/segments/20240304141531-w013_20240304141531_flatboi/ink-detection/downsampled/PHerc1667-20240304141531-2.399um-0.22m-78keV-volume-20251217075048-20260417190342-new_canon_autoresearch_recipe-tile256-stride128-ds8.jpg,PHerc1667,20240304141531-w013_20240304141531_flatboi,canon,3,12,1024,311,116,115,0.2458,0.3198,83,77,326.3,316.4,0.0282,0.0285
PHerc1667/segments/20240304141531-w013_20240304141531_flatboi/ink-detection/downsampled/PHerc1667-20240304141531-2.399um-0.22m-78keV-volume-20251217075048-20260417190342-new_canon_autoresearch_recipe-tile256-stride128-ds8.jpg,PHerc1667,20240304141531-w013_20240304141531_flatboi,canon,3,13,1024,311,116,115,0.1133,0.1782,74,69,335.9,316.4,0.0211,0.0208
PHerc1667/segments/20240304141531-w013_20240304141531_flatboi/ink-detection/downsampled/PHerc1667-20240304141531-2.399um-0.22m-78keV-volume-20251217075048-20260417190342-new_canon_autoresearch_recipe-tile256-stride128-ds8.jpg,PHerc1667,20240304141531-w013_20240304141531_flatboi,canon,3,14,1024,311,116,115,0.1687,0.1784,78,75,412.6,443.0,0.0282,0.0268
PHerc1667/segments/20240304141531-w013_20240304141531_flatboi/ink-detection/downsampled/PHerc1667-20240304141531-2.399um-0.22m-78keV-volume-20251217075048-20260417190342-new_canon_autoresearch_recipe-tile256-stride128-ds8.jpg,PHerc1667,20240304141531-w013_20240304141531_flatboi,canon,3,15,1024,311,116,115,0.3205,0.2947,81,76,460.6,474.6,0.0348,0.0352
PHerc1667/segments/20240304141531-w013_20240304141531_flatboi/ink-detection/downsampled/PHerc1667-20240304141531-2.399um-0.22m-78keV-volume-20251217075048-20260417190342-new_canon_autoresearch_recipe-tile256-stride128-ds8.jpg,PHerc1667,20240304141531-w013_20240304141531_flatboi,canon,3,16,1024,311,116,115,0.3227,0.3064,59,55,441.4,506.2,0.0238,0.026
PHerc1667/segments/20240304141531-w013_20240304141531_flatboi/ink-detection/downsampled/PHerc1667-20240304141531-2.399um-0.22m-78keV-volume-20251217075048-20260417190342-new_canon_autoresearch_recipe-tile256-stride128-ds8.jpg,PHerc1667,20240304141531-w013_20240304141531_flatboi,canon,3,17,1024,311,116,115,0.1389,0.1389,47,43,403.0,443.0,0.0159,0.0157
PHerc1667/segments/20240304141531-w013_20240304141531_flatboi/ink-detection/downsampled/PHerc1667-20240304141531-2.399um-0.22m-78keV-volume-20251217075048-20260417190342-new_canon_autoresearch_recipe-tile256-stride128-ds8.jpg,PHerc1667,20240304141531-w013_20240304141531_flatboi,canon,4,0,1024,311,116,115,0.9581,0.9574,36,36,1103.5,1107.4,0.1682,0.1691
PHerc1667/segments/20240304141531-w013_20240304141531_flatboi/ink-detection/downsampled/PHerc1667-20240304141531-2.399um-0.22m-78keV-volume-20251217075048-20260417190342-new_canon_autoresearch_recipe-tile256-stride128-ds8.jpg,PHerc1667,20240304141531-w013_20240304141531_flatboi,canon,4,1,1024,311,116,115,0.9799,0.9731,37,36,1093.9,1170.7,0.1623,0.1627
PHerc1667/segments/20240304141531-w013_20240304141531_flatboi/ink-detection/downsampled/PHerc1667-20240304141531-2.399um-0.22m-78keV-volume-20251217075048-20260417190342-new_canon_autoresearch_recipe-tile256-stride128-ds8.jpg,PHerc1667,20240304141531-w013_20240304141531_flatboi,canon,4,2,1024,311,116,115,0.9906,0.9844,30,29,1852.0,2278.1,0.1697,0.1699
PHerc1667/segments/20240304141531-w013_20240304141531_flatboi/ink-detection/downsampled/PHerc1667-20240304141531-2.399um-0.22m-78keV-volume-20251217075048-20260417190342-new_canon_autoresearch_recipe-tile256-stride128-ds8.jpg,PHerc1667,20240304141531-w013_20240304141531_flatboi,canon,4,3,1024,311,116,115,0.9486,0.9485,35,34,748.5,854.3,0.1428,0.1431
PHerc1667/segments/20240304141531-w013_20240304141531_flatboi/ink-detection/downsampled/PHerc1667-20240304141531-2.399um-0.22m-78keV-volume-20251217075048-20260417190342-new_canon_autoresearch_recipe-tile256-stride128-ds8.jpg,PHerc1667,20240304141531-w013_20240304141531_flatboi,canon,4,4,1024,311,116,115,0.7884,0.7872,58,53,470.2,506.2,0.0663,0.0671
PHerc1667/segments/20240304141531-w013_20240304141531_flatboi/ink-detection/downsampled/PHerc1667-20240304141531-2.399um-0.22m-78keV-volume-20251217075048-20260417190342-new_canon_autoresearch_recipe-tile256-stride128-ds8.jpg,PHerc1667,20240304141531-w013_20240304141531_flatboi,canon,4,5,1024,311,116,115,0.4085,0.4057,78,71,441.4,443.0,0.0326,0.0327
PHerc1667/segments/20240304141531-w013_20240304141531_flatboi/ink-detection/downsampled/PHerc1667-20240304141531-2.399um-0.22m-78keV-volume-20251217075048-20260417190342-new_canon_autoresearch_recipe-tile256-stride128-ds8.jpg,PHerc1667,20240304141531-w013_20240304141531_flatboi,canon,4,6,1024,311,116,115,0.4505,0.416,74,71,431.8,443.0,0.0326,0.0325
PHerc1667/segments/20240304141531-w013_20240304141531_flatboi/ink-detection/downsampled/PHerc1667-20240304141531-2.399um-0.22m-78keV-volume-20251217075048-20260417190342-new_canon_autoresearch_recipe-tile256-stride128-ds8.jpg,PHerc1667,20240304141531-w013_20240304141531_flatboi,canon,4,7,1024,311,116,115,0.4391,0.3855,69,68,326.3,348.0,0.0256,0.0258
PHerc1667/segments/20240304141531-w013_20240304141531_flatboi/ink-detection/downsampled/PHerc1667-20240304141531-2.399um-0.22m-78keV-volume-20251217075048-20260417190342-new_canon_autoresearch_recipe-tile256-stride128-ds8.jpg,PHerc1667,20240304141531-w013_20240304141531_flatboi,canon,4,8,1024,311,116,115,0.4138,0.4121,81,76,403.0,379.7,0.0353,0.0355
PHerc1667/segments/20240304141531-w013_20240304141531_flatboi/ink-detection/downsampled/PHerc1667-20240304141531-2.399um-0.22m-78keV-volume-20251217075048-20260417190342-new_canon_autoresearch_recipe-tile256-stride128-ds8.jpg,PHerc1667,20240304141531-w013_20240304141531_flatboi,canon,4,9,1024,311,116,115,0.3078,0.3042,87,82,460.6,443.0,0.0382,0.0387
PHerc1667/segments/20240304141531-w013_20240304141531_flatboi/ink-detection/downsampled/PHerc1667-20240304141531-2.399um-0.22m-78keV-volume-20251217075048-20260417190342-new_canon_autoresearch_recipe-tile256-stride128-ds8.jpg,PHerc1667,20240304141531-w013_20240304141531_flatboi,canon,4,10,1024,311,116,115,0.3184,0.3215,87,85,479.8,506.2,0.045,0.0457
PHerc1667/segments/20240304141531-w013_20240304141531_flatboi/ink-detection/downsampled/PHerc1667-20240304141531-2.399um-0.22m-78keV-volume-20251217075048-20260417190342-new_canon_autoresearch_recipe-tile256-stride128-ds8.jpg,PHerc1667,20240304141531-w013_20240304141531_flatboi,canon,4,11,1024,311,116,115,0.3308,0.3679,84,81,508.6,506.2,0.0458,0.0464
PHerc1667/segments/20240304141531-w013_20240304141531_flatboi/ink-detection/downsampled/PHerc1667-20240304141531-2.399um-0.22m-78keV-volume-20251217075048-20260417190342-new_canon_autoresearch_recipe-tile256-stride128-ds8.jpg,PHerc1667,20240304141531-w013_20240304141531_flatboi,canon,4,12,1024,311,116,115,0.2179,0.2329,96,94,451.0,443.0,0.0415,0.0416
PHerc1667/segments/20240304141531-w013_20240304141531_flatboi/ink-detection/downsampled/PHerc1667-20240304141531-2.399um-0.22m-78keV-volume-20251217075048-20260417190342-new_canon_autoresearch_recipe-tile256-stride128-ds8.jpg,PHerc1667,20240304141531-w013_20240304141531_flatboi,canon,4,13,1024,311,116,115,0.127,0.1246,87,86,422.2,443.0,0.0336,0.0341
PHerc1667/segments/20240304141531-w013_20240304141531_flatboi/ink-detection/downsampled/PHerc1667-20240304141531-2.399um-0.22m-78keV-volume-20251217075048-20260417190342-new_canon_autoresearch_recipe-tile256-stride128-ds8.jpg,PHerc1667,20240304141531-w013_20240304141531_flatboi,canon,4,14,1024,311,116,115,0.1519,0.1566,70,69,431.8,443.0,0.0276,0.0269
PHerc1667/segments/20240304141531-w013_20240304141531_flatboi/ink-detection/downsampled/PHerc1667-20240304141531-2.399um-0.22m-78keV-volume-20251217075048-20260417190342-new_canon_autoresearch_recipe-tile256-stride128-ds8.jpg,PHerc1667,20240304141531-w013_20240304141531_flatboi,canon,4,15,1024,311,116,115,0.302,0.2695,60,58,441.4,443.0,0.0266,0.0266
PHerc1667/segments/20240304141531-w013_20240304141531_flatboi/ink-detection/downsampled/PHerc1667-20240304141531-2.399um-0.22m-78keV-volume-20251217075048-20260417190342-new_canon_autoresearch_recipe-tile256-stride128-ds8.jpg,PHerc1667,20240304141531-w013_20240304141531_flatboi,canon,4,16,1024,311,116,115,0.2459,0.2348,57,51,364.6,443.0,0.0185,0.0203
PHerc1667/segments/20240304141531-w013_20240304141531_flatboi/ink-detection/downsampled/PHerc1667-20240304141531-2.399um-0.22m-78keV-volume-20251217075048-20260417190342-new_canon_autoresearch_recipe-tile256-stride128-ds8.jpg,PHerc1667,20240304141531-w013_20240304141531_flatboi,canon,4,17,1024,311,116,115,0.1657,0.1647,45,40,345.5,411.3,0.0133,0.0132
PHerc1667/segments/20240304141531-w013_20240304141531_flatboi/ink-detection/downsampled/PHerc1667-20240304141531-2.399um-0.22m-78keV-volume-20251217075048-20260417190342-new_canon_autoresearch_recipe-tile256-stride128-ds8.jpg,PHerc1667,20240304141531-w013_20240304141531_flatboi,canon,5,0,1024,311,116,115,0.9808,0.9811,33,33,1976.8,1961.7,0.1577,0.1586
PHerc1667/segments/20240304141531-w013_20240304141531_flatboi/ink-detection/downsampled/PHerc1667-20240304141531-2.399um-0.22m-78keV-volume-20251217075048-20260417190342-new_canon_autoresearch_recipe-tile256-stride128-ds8.jpg,PHerc1667,20240304141531-w013_20240304141531_flatboi,canon,5,1,1024,311,116,115,0.9701,0.9638,43,41,1036.4,1265.6,0.1693,0.1693
PHerc1667/segments/20240304141531-w013_20240304141531_flatboi/ink-detection/downsampled/PHerc1667-20240304141531-2.399um-0.22m-78keV-volume-20251217075048-20260417190342-new_canon_autoresearch_recipe-tile256-stride128-ds8.jpg,PHerc1667,20240304141531-w013_20240304141531_flatboi,canon,5,2,1024,311,116,115,0.9663,0.9603,54,48,969.2,1107.4,0.1832,0.1837
PHerc1667/segments/20240304141531-w013_20240304141531_flatboi/ink-detection/downsampled/PHerc1667-20240304141531-2.399um-0.22m-78keV-volume-20251217075048-20260417190342-new_canon_autoresearch_recipe-tile256-stride128-ds8.jpg,PHerc1667,20240304141531-w013_20240304141531_flatboi,canon,5,3,1024,311,116,115,0.9297,0.9205,58,53,834.9,949.2,0.1747,0.1752
PHerc1667/segments/20240304141531-w013_20240304141531_flatboi/ink-detection/downsampled/PHerc1667-20240304141531-2.399um-0.22m-78keV-volume-20251217075048-20260417190342-new_canon_autoresearch_recipe-tile256-stride128-ds8.jpg,PHerc1667,20240304141531-w013_20240304141531_flatboi,canon,5,4,1024,311,116,115,0.8152,0.8159,64,62,499.0,506.2,0.0873,0.0884
PHerc1667/segments/20240304141531-w013_20240304141531_flatboi/ink-detection/downsampled/PHerc1667-20240304141531-2.399um-0.22m-78keV-volume-20251217075048-20260417190342-new_canon_autoresearch_recipe-tile256-stride128-ds8.jpg,PHerc1667,20240304141531-w013_20240304141531_flatboi,canon,5,5,1024,311,116,115,0.6492,0.6463,77,73,479.8,506.2,0.0527,0.0525
PHerc1667/segments/20240304141531-w013_20240304141531_flatboi/ink-detection/downsampled/PHerc1667-20240304141531-2.399um-0.22m-78keV-volume-20251217075048-20260417190342-new_canon_autoresearch_recipe-tile256-stride128-ds8.jpg,PHerc1667,20240304141531-w013_20240304141531_flatboi,canon,5,6,1024,311,116,115,0.6432,0.6406,86,79,479.8,506.2,0.0576,0.0575
PHerc1667/segments/20240304141531-w013_20240304141531_flatboi/ink-detection/downsampled/PHerc1667-20240304141531-2.399um-0.22m-78keV-volume-20251217075048-20260417190342-new_canon_autoresearch_recipe-tile256-stride128-ds8.jpg,PHerc1667,20240304141531-w013_20240304141531_flatboi,canon,5,7,1024,311,116,115,0.6271,0.625,77,71,403.0,443.0,0.0493,0.0495
PHerc1667/segments/20240304141531-w013_20240304141531_flatboi/ink-detection/downsampled/PHerc1667-20240304141531-2.399um-0.22m-78keV-volume-20251217075048-20260417190342-new_canon_autoresearch_recipe-tile256-stride128-ds8.jpg,PHerc1667,20240304141531-w013_20240304141531_flatboi,canon,5,8,1024,311,116,115,0.6904,0.7,75,69,499.0,443.0,0.0633,0.0628
PHerc1667/segments/20240304141531-w013_20240304141531_flatboi/ink-detection/downsampled/PHerc1667-20240304141531-2.399um-0.22m-78keV-volume-20251217075048-20260417190342-new_canon_autoresearch_recipe-tile256-stride128-ds8.jpg,PHerc1667,20240304141531-w013_20240304141531_flatboi,canon,5,9,1024,311,116,115,0.6402,0.6385,81,76,479.8,506.2,0.0597,0.0599
PHerc1667/segments/20240304141531-w013_20240304141531_flatboi/ink-detection/downsampled/PHerc1667-20240304141531-2.399um-0.22m-78keV-volume-20251217075048-20260417190342-new_canon_autoresearch_recipe-tile256-stride128-ds8.jpg,PHerc1667,20240304141531-w013_20240304141531_flatboi,canon,5,10,1024,311,116,115,0.5573,0.5634,82,77,479.8,506.2,0.0505,0.0518
PHerc1667/segments/20240304141531-w013_20240304141531_flatboi/ink-detection/downsampled/PHerc1667-20240304141531-2.399um-0.22m-78keV-volume-20251217075048-20260417190342-new_canon_autoresearch_recipe-tile256-stride128-ds8.jpg,PHerc1667,20240304141531-w013_20240304141531_flatboi,canon,5,11,1024,311,116,115,0.3627,0.3784,84,79,441.4,443.0,0.0402,0.0404
PHerc1667/segments/20240304141531-w013_20240304141531_flatboi/ink-detection/downsampled/PHerc1667-20240304141531-2.399um-0.22m-78keV-volume-20251217075048-20260417190342-new_canon_autoresearch_recipe-tile256-stride128-ds8.jpg,PHerc1667,20240304141531-w013_20240304141531_flatboi,canon,5,12,1024,311,116,115,0.3803,0.363,108,106,489.4,506.2,0.0583,0.0581
PHerc1667/segments/20240304141531-w013_20240304141531_flatboi/ink-detection/downsampled/PHerc1667-20240304141531-2.399um-0.22m-78keV-volume-20251217075048-20260417190342-new_canon_autoresearch_recipe-tile256-stride128-ds8.jpg,PHerc1667,20240304141531-w013_20240304141531_flatboi,canon,5,13,1024,311,116,115,0.3228,0.3176,104,102,460.6,443.0,0.0517,0.052
PHerc1667/segments/20240304141531-w013_20240304141531_flatboi/ink-detection/downsampled/PHerc1667-20240304141531-2.399um-0.22m-78keV-volume-20251217075048-20260417190342-new_canon_autoresearch_recipe-tile256-stride128-ds8.jpg,PHerc1667,20240304141531-w013_20240304141531_flatboi,canon,5,14,1024,311,116,115,0.1946,0.1768,87,83,364.6,379.7,0.0304,0.0311
PHerc1667/segments/20240304141531-w013_20240304141531_flatboi/ink-detection/downsampled/PHerc1667-20240304141531-2.399um-0.22m-78keV-volume-20251217075048-20260417190342-new_canon_autoresearch_recipe-tile256-stride128-ds8.jpg,PHerc1667,20240304141531-w013_20240304141531_flatboi,canon,5,15,1024,311,116,115,0.3871,0.3717,63,59,441.4,443.0,0.0287,0.0287
PHerc1667/segments/20240304141531-w013_20240304141531_flatboi/ink-detection/downsampled/PHerc1667-20240304141531-2.399um-0.22m-78keV-volume-20251217075048-20260417190342-new_canon_autoresearch_recipe-tile256-stride128-ds8.jpg,PHerc1667,20240304141531-w013_20240304141531_flatboi,canon,5,16,1024,311,116,115,0.3575,0.3479,41,39,345.5,379.7,0.0146,0.0149
PHerc1667/segments/20240304141531-w013_20240304141531_flatboi/ink-detection/downsampled/PHerc1667-20240304141531-2.399um-0.22m-78keV-volume-20251217075048-20260417190342-new_canon_autoresearch_recipe-tile256-stride128-ds8.jpg,PHerc1667,20240304141531-w013_20240304141531_flatboi,canon,5,17,1024,311,116,115,0.1577,0.1578,41,38,364.6,411.3,0.0121,0.0122
PHerc1667/segments/20240304141531-w013_20240304141531_flatboi/ink-detection/downsampled/PHerc1667-20240304141531-2.399um-0.22m-78keV-volume-20251217075048-20260417190342-new_canon_autoresearch_recipe-tile256-stride128-ds8.jpg,PHerc1667,20240304141531-w013_20240304141531_flatboi,canon,6,0,1024,311,116,115,0.9448,0.9456,50,48,595.0,664.4,0.1243,0.1243
PHerc1667/segments/20240304141531-w013_20240304141531_flatboi/ink-detection/downsampled/PHerc1667-20240304141531-2.399um-0.22m-78keV-volume-20251217075048-20260417190342-new_canon_autoresearch_recipe-tile256-stride128-ds8.jpg,PHerc1667,20240304141531-w013_20240304141531_flatboi,canon,6,1,1024,311,116,115,0.9159,0.9167,61,56,556.6,569.5,0.1258,0.1257
PHerc1667/segments/20240304141531-w013_20240304141531_flatboi/ink-detection/downsampled/PHerc1667-20240304141531-2.399um-0.22m-78keV-volume-20251217075048-20260417190342-new_canon_autoresearch_recipe-tile256-stride128-ds8.jpg,PHerc1667,20240304141531-w013_20240304141531_flatboi,canon,6,2,1024,311,116,115,0.8601,0.8595,79,72,479.8,537.9,0.1273,0.1281
PHerc1667/segments/20240304141531-w013_20240304141531_flatboi/ink-detection/downsampled/PHerc1667-20240304141531-2.399um-0.22m-78keV-volume-20251217075048-20260417190342-new_canon_autoresearch_recipe-tile256-stride128-ds8.jpg,PHerc1667,20240304141531-w013_20240304141531_flatboi,canon,6,3,1024,311,116,115,0.8464,0.8306,75,72,518.2,537.9,0.1334,0.1337
PHerc1667/segments/20240304141531-w013_20240304141531_flatboi/ink-detection/downsampled/PHerc1667-20240304141531-2.399um-0.22m-78keV-volume-20251217075048-20260417190342-new_canon_autoresearch_recipe-tile256-stride128-ds8.jpg,PHerc1667,20240304141531-w013_20240304141531_flatboi,canon,6,4,1024,311,116,115,0.7452,0.7473,87,83,518.2,569.5,0.0952,0.0956
PHerc1667/segments/20240304141531-w013_20240304141531_flatboi/ink-detection/downsampled/PHerc1667-20240304141531-2.399um-0.22m-78keV-volume-20251217075048-20260417190342-new_canon_autoresearch_recipe-tile256-stride128-ds8.jpg,PHerc1667,20240304141531-w013_20240304141531_flatboi,canon,6,5,1024,311,116,115,0.6781,0.6774,95,92,518.2,537.9,0.0793,0.079
PHerc1667/segments/20240304141531-w013_20240304141531_flatboi/ink-detection/downsampled/PHerc1667-20240304141531-2.399um-0.22m-78keV-volume-20251217075048-20260417190342-new_canon_autoresearch_recipe-tile256-stride128-ds8.jpg,PHerc1667,20240304141531-w013_20240304141531_flatboi,canon,6,6,1024,311,116,115,0.6928,0.6924,98,90,537.4,569.5,0.0826,0.0818
PHerc1667/segments/20240304141531-w013_20240304141531_flatboi/ink-detection/downsampled/PHerc1667-20240304141531-2.399um-0.22m-78keV-volume-20251217075048-20260417190342-new_canon_autoresearch_recipe-tile256-stride128-ds8.jpg,PHerc1667,20240304141531-w013_20240304141531_flatboi,canon,6,7,1024,311,116,115,0.7335,0.7317,105,94,518.2,569.5,0.0944,0.0943
PHerc1667/segments/20240304141531-w013_20240304141531_flatboi/ink-detection/downsampled/PHerc1667-20240304141531-2.399um-0.22m-78keV-volume-20251217075048-20260417190342-new_canon_autoresearch_recipe-tile256-stride128-ds8.jpg,PHerc1667,20240304141531-w013_20240304141531_flatboi,canon,6,8,1024,311,116,115,0.7359,0.7379,108,100,489.4,506.2,0.1029,0.1021
PHerc1667/segments/20240304141531-w013_20240304141531_flatboi/ink-detection/downsampled/PHerc1667-20240304141531-2.399um-0.22m-78keV-volume-20251217075048-20260417190342-new_canon_autoresearch_recipe-tile256-stride128-ds8.jpg,PHerc1667,20240304141531-w013_20240304141531_flatboi,canon,6,9,1024,311,116,115,0.6319,0.6247,116,106,451.0,506.2,0.078,0.0769
PHerc1667/segments/20240304141531-w013_20240304141531_flatboi/ink-detection/downsampled/PHerc1667-20240304141531-2.399um-0.22m-78keV-volume-20251217075048-20260417190342-new_canon_autoresearch_recipe-tile256-stride128-ds8.jpg,PHerc1667,20240304141531-w013_20240304141531_flatboi,canon,6,10,1024,311,116,115,0.3607,0.3773,101,97,479.8,506.2,0.1065,0.1051
PHerc1667/segments/20240304141531-w013_20240304141531_flatboi/ink-detection/downsampled/PHerc1667-20240304141531-2.399um-0.22m-78keV-volume-20251217075048-20260417190342-new_canon_autoresearch_recipe-tile256-stride128-ds8.jpg,PHerc1667,20240304141531-w013_20240304141531_flatboi,canon,6,11,1024,311,116,115,0.4553,0.4642,113,106,537.4,569.5,0.1535,0.1516
PHerc1667/segments/20240304141531-w013_20240304141531_flatboi/ink-detection/downsampled/PHerc1667-20240304141531-2.399um-0.22m-78keV-volume-20251217075048-20260417190342-new_canon_autoresearch_recipe-tile256-stride128-ds8.jpg,PHerc1667,20240304141531-w013_20240304141531_flatboi,canon,6,12,1024,311,116,115,0.5228,0.5222,146,134,556.6,569.5,0.156,0.1557
PHerc1667/segments/20240304141531-w013_20240304141531_flatboi/ink-detection/downsampled/PHerc1667-20240304141531-2.399um-0.22m-78keV-volume-20251217075048-20260417190342-new_canon_autoresearch_recipe-tile256-stride128-ds8.jpg,PHerc1667,20240304141531-w013_20240304141531_flatboi,canon,6,13,1024,311,116,115,0.6592,0.6553,134,131,518.2,506.2,0.1093,0.1097
PHerc1667/segments/20240304141531-w013_20240304141531_flatboi/ink-detection/downsampled/PHerc1667-20240304141531-2.399um-0.22m-78keV-volume-20251217075048-20260417190342-new_canon_autoresearch_recipe-tile256-stride128-ds8.jpg,PHerc1667,20240304141531-w013_20240304141531_flatboi,canon,6,14,1024,311,116,115,0.5845,0.5761,120,117,470.2,506.2,0.078,0.0785
PHerc1667/segments/20240304141531-w013_20240304141531_flatboi/ink-detection/downsampled/PHerc1667-20240304141531-2.399um-0.22m-78keV-volume-20251217075048-20260417190342-new_canon_autoresearch_recipe-tile256-stride128-ds8.jpg,PHerc1667,20240304141531-w013_20240304141531_flatboi,canon,6,15,1024,311,116,115,0.6656,0.6414,105,102,518.2,506.2,0.0819,0.0814
PHerc1667/segments/20240304141531-w013_20240304141531_flatboi/ink-detection/downsampled/PHerc1667-20240304141531-2.399um-0.22m-78keV-volume-20251217075048-20260417190342-new_canon_autoresearch_recipe-tile256-stride128-ds8.jpg,PHerc1667,20240304141531-w013_20240304141531_flatboi,canon,6,16,1024,311,116,115,0.743,0.7184,88,85,556.6,569.5,0.0814,0.0811
PHerc1667/segments/20240304141531-w013_20240304141531_flatboi/ink-detection/downsampled/PHerc1667-20240304141531-2.399um-0.22m-78keV-volume-20251217075048-20260417190342-new_canon_autoresearch_recipe-tile256-stride128-ds8.jpg,PHerc1667,20240304141531-w013_20240304141531_flatboi,canon,6,17,1024,311,116,115,0.6762,0.6717,94,88,537.4,569.5,0.0805,0.0806
PHerc1667/segments/20240304141531-w013_20240304141531_flatboi/ink-detection/downsampled/PHerc1667-20240304141531-2.399um-0.22m-78keV-volume-20251217075048-20260417190342-new_canon_autoresearch_recipe-tile256-stride128-ds8.jpg,PHerc1667,20240304141531-w013_20240304141531_flatboi,canon,7,0,1024,311,116,115,0.7496,0.757,77,69,460.6,506.2,0.0551,0.0577
PHerc1667/segments/20240304141531-w013_20240304141531_flatboi/ink-detection/downsampled/PHerc1667-20240304141531-2.399um-0.22m-78keV-volume-20251217075048-20260417190342-new_canon_autoresearch_recipe-tile256-stride128-ds8.jpg,PHerc1667,20240304141531-w013_20240304141531_flatboi,canon,7,1,1024,311,116,115,0.6382,0.6486,73,65,499.0,569.5,0.0481,0.0507
PHerc1667/segments/20240304141531-w013_20240304141531_flatboi/ink-detection/downsampled/PHerc1667-20240304141531-2.399um-0.22m-78keV-volume-20251217075048-20260417190342-new_canon_autoresearch_recipe-tile256-stride128-ds8.jpg,PHerc1667,20240304141531-w013_20240304141531_flatboi,canon,7,2,1024,311,116,115,0.5342,0.5473,101,95,479.8,506.2,0.0592,0.0621
PHerc1667/segments/20240304141531-w013_20240304141531_flatboi/ink-detection/downsampled/PHerc1667-20240304141531-2.399um-0.22m-78keV-volume-20251217075048-20260417190342-new_canon_autoresearch_recipe-tile256-stride128-ds8.jpg,PHerc1667,20240304141531-w013_20240304141531_flatboi,canon,7,3,1024,311,116,115,0.602,0.5963,111,104,499.0,506.2,0.0838,0.0874
PHerc1667/segments/20240304141531-w013_20240304141531_flatboi/ink-detection/downsampled/PHerc1667-20240304141531-2.399um-0.22m-78keV-volume-20251217075048-20260417190342-new_canon_autoresearch_recipe-tile256-stride128-ds8.jpg,PHerc1667,20240304141531-w013_20240304141531_flatboi,canon,7,4,1024,311,116,115,0.609,0.5972,105,97,499.0,506.2,0.075,0.0772
PHerc1667/segments/20240304141531-w013_20240304141531_flatboi/ink-detection/downsampled/PHerc1667-20240304141531-2.399um-0.22m-78keV-volume-20251217075048-20260417190342-new_canon_autoresearch_recipe-tile256-stride128-ds8.jpg,PHerc1667,20240304141531-w013_20240304141531_flatboi,canon,7,5,1024,311,116,115,0.5895,0.5912,103,95,460.6,506.2,0.0654,0.0661
PHerc1667/segments/20240304141531-w013_20240304141531_flatboi/ink-detection/downsampled/PHerc1667-20240304141531-2.399um-0.22m-78keV-volume-20251217075048-20260417190342-new_canon_autoresearch_recipe-tile256-stride128-ds8.jpg,PHerc1667,20240304141531-w013_20240304141531_flatboi,canon,7,6,1024,311,116,115,0.6341,0.6388,108,96,518.2,537.9,0.0738,0.0739
PHerc1667/segments/20240304141531-w013_20240304141531_flatboi/ink-detection/downsampled/PHerc1667-20240304141531-2.399um-0.22m-78keV-volume-20251217075048-20260417190342-new_canon_autoresearch_recipe-tile256-stride128-ds8.jpg,PHerc1667,20240304141531-w013_20240304141531_flatboi,canon,7,7,1024,311,116,115,0.7321,0.7305,117,107,537.4,569.5,0.1054,0.1056
PHerc1667/segments/20240304141531-w013_20240304141531_flatboi/ink-detection/downsampled/PHerc1667-20240304141531-2.399um-0.22m-78keV-volume-20251217075048-20260417190342-new_canon_autoresearch_recipe-tile256-stride128-ds8.jpg,PHerc1667,20240304141531-w013_20240304141531_flatboi,canon,7,8,1024,311,116,115,0.7768,0.7773,131,127,499.0,506.2,0.159,0.1594
PHerc1667/segments/20240304141531-w013_20240304141531_flatboi/ink-detection/downsampled/PHerc1667-20240304141531-2.399um-0.22m-78keV-volume-20251217075048-20260417190342-new_canon_autoresearch_recipe-tile256-stride128-ds8.jpg,PHerc1667,20240304141531-w013_20240304141531_flatboi,canon,7,9,1024,311,116,115,0.5534,0.56,137,131,460.6,506.2,0.1827,0.1819
PHerc1667/segments/20240304141531-w013_20240304141531_flatboi/ink-detection/downsampled/PHerc1667-20240304141531-2.399um-0.22m-78keV-volume-20251217075048-20260417190342-new_canon_autoresearch_recipe-tile256-stride128-ds8.jpg,PHerc1667,20240304141531-w013_20240304141531_flatboi,canon,7,10,1024,311,116,115,0.1262,0.1364,91,90,460.6,443.0,0.3161,0.3124
PHerc1667/segments/20240304141531-w013_20240304141531_flatboi/ink-detection/downsampled/PHerc1667-20240304141531-2.399um-0.22m-78keV-volume-20251217075048-20260417190342-new_canon_autoresearch_recipe-tile256-stride128-ds8.jpg,PHerc1667,20240304141531-w013_20240304141531_flatboi,canon,7,11,1024,311,116,115,0.2896,0.2989,99,96,537.4,537.9,0.3719,0.3707
PHerc1667/segments/20240304141531-w013_20240304141531_flatboi/ink-detection/downsampled/PHerc1667-20240304141531-2.399um-0.22m-78keV-volume-20251217075048-20260417190342-new_canon_autoresearch_recipe-tile256-stride128-ds8.jpg,PHerc1667,20240304141531-w013_20240304141531_flatboi,canon,7,12,1024,311,116,115,0.6073,0.6148,147,138,614.1,632.8,0.2415,0.2447
PHerc1667/segments/20240304141531-w013_20240304141531_flatboi/ink-detection/downsampled/PHerc1667-20240304141531-2.399um-0.22m-78keV-volume-20251217075048-20260417190342-new_canon_autoresearch_recipe-tile256-stride128-ds8.jpg,PHerc1667,20240304141531-w013_20240304141531_flatboi,canon,7,13,1024,311,116,115,0.7704,0.7729,151,148,575.8,569.5,0.1549,0.1568
PHerc1667/segments/20240304141531-w013_20240304141531_flatboi/ink-detection/downsampled/PHerc1667-20240304141531-2.399um-0.22m-78keV-volume-20251217075048-20260417190342-new_canon_autoresearch_recipe-tile256-stride128-ds8.jpg,PHerc1667,20240304141531-w013_20240304141531_flatboi,canon,7,14,1024,311,116,115,0.7038,0.7026,143,140,518.2,506.2,0.1215,0.1216
PHerc1667/segments/20240304141531-w013_20240304141531_flatboi/ink-detection/downsampled/PHerc1667-20240304141531-2.399um-0.22m-78keV-volume-20251217075048-20260417190342-new_canon_autoresearch_recipe-tile256-stride128-ds8.jpg,PHerc1667,20240304141531-w013_20240304141531_flatboi,canon,7,15,1024,311,116,115,0.6641,0.6396,146,143,537.4,569.5,0.1254,0.1261
PHerc1667/segments/20240304141531-w013_20240304141531_flatboi/ink-detection/downsampled/PHerc1667-20240304141531-2.399um-0.22m-78keV-volume-20251217075048-20260417190342-new_canon_autoresearch_recipe-tile256-stride128-ds8.jpg,PHerc1667,20240304141531-w013_20240304141531_flatboi,canon,7,16,1024,311,116,115,0.7173,0.7112,134,129,604.5,569.5,0.132,0.1324
PHerc1667/segments/20240304141531-w013_20240304141531_flatboi/ink-detection/downsampled/PHerc1667-20240304141531-2.399um-0.22m-78keV-volume-20251217075048-20260417190342-new_canon_autoresearch_recipe-tile256-stride128-ds8.jpg,PHerc1667,20240304141531-w013_20240304141531_flatboi,canon,7,17,1024,311,116,115,0.7343,0.7299,137,127,575.8,569.5,0.1284,0.1286
PHerc1667/segments/20240304141531-w013_20240304141531_flatboi/ink-detection/downsampled/PHerc1667-20240304141531-2.399um-0.22m-78keV-volume-20251217075048-20260417190342-new_canon_autoresearch_recipe-tile256-stride128-ds8.jpg,PHerc1667,20240304141531-w013_20240304141531_flatboi,canon,8,0,1024,311,116,115,0.3752,0.3702,50,44,422.2,474.6,0.0198,0.0211
PHerc1667/segments/20240304141531-w013_20240304141531_flatboi/ink-detection/downsampled/PHerc1667-20240304141531-2.399um-0.22m-78keV-volume-20251217075048-20260417190342-new_canon_autoresearch_recipe-tile256-stride128-ds8.jpg,PHerc1667,20240304141531-w013_20240304141531_flatboi,canon,8,1,1024,311,116,115,0.1081,0.1026,44,42,479.8,443.0,0.0143,0.0155
PHerc1667/segments/20240304141531-w013_20240304141531_flatboi/ink-detection/downsampled/PHerc1667-20240304141531-2.399um-0.22m-78keV-volume-20251217075048-20260417190342-new_canon_autoresearch_recipe-tile256-stride128-ds8.jpg,PHerc1667,20240304141531-w013_20240304141531_flatboi,canon,8,2,1024,311,116,115,0.3639,0.3598,73,67,383.8,443.0,0.0266,0.0272
PHerc1667/segments/20240304141531-w013_20240304141531_flatboi/ink-detection/downsampled/PHerc1667-20240304141531-2.399um-0.22m-78keV-volume-20251217075048-20260417190342-new_canon_autoresearch_recipe-tile256-stride128-ds8.jpg,PHerc1667,20240304141531-w013_20240304141531_flatboi,canon,8,3,1024,311,116,115,0.5086,0.4783,100,90,422.2,443.0,0.0505,0.0519
PHerc1667/segments/20240304141531-w013_20240304141531_flatboi/ink-detection/downsampled/PHerc1667-20240304141531-2.399um-0.22m-78keV-volume-20251217075048-20260417190342-new_canon_autoresearch_recipe-tile256-stride128-ds8.jpg,PHerc1667,20240304141531-w013_20240304141531_flatboi,canon,8,4,1024,311,116,115,0.5096,0.4666,78,74,412.6,443.0,0.0401,0.0417
PHerc1667/segments/20240304141531-w013_20240304141531_flatboi/ink-detection/downsampled/PHerc1667-20240304141531-2.399um-0.22m-78keV-volume-20251217075048-20260417190342-new_canon_autoresearch_recipe-tile256-stride128-ds8.jpg,PHerc1667,20240304141531-w013_20240304141531_flatboi,canon,8,5,1024,311,116,115,0.3774,0.3725,74,68,422.2,443.0,0.0312,0.0325
PHerc1667/segments/20240304141531-w013_20240304141531_flatboi/ink-detection/downsampled/PHerc1667-20240304141531-2.399um-0.22m-78keV-volume-20251217075048-20260417190342-new_canon_autoresearch_recipe-tile256-stride128-ds8.jpg,PHerc1667,20240304141531-w013_20240304141531_flatboi,canon,8,6,1024,311,116,115,0.4597,0.4709,92,86,508.6,506.2,0.0484,0.0501
PHerc1667/segments/20240304141531-w013_20240304141531_flatboi/ink-detection/downsampled/PHerc1667-20240304141531-2.399um-0.22m-78keV-volume-20251217075048-20260417190342-new_canon_autoresearch_recipe-tile256-stride128-ds8.jpg,PHerc1667,20240304141531-w013_20240304141531_flatboi,canon,8,7,1024,311,116,115,0.6396,0.6415,90,89,499.0,506.2,0.0646,0.066
PHerc1667/segments/20240304141531-w013_20240304141531_flatboi/ink-detection/downsampled/PHerc1667-20240304141531-2.399um-0.22m-78keV-volume-20251217075048-20260417190342-new_canon_autoresearch_recipe-tile256-stride128-ds8.jpg,PHerc1667,20240304141531-w013_20240304141531_flatboi,canon,8,8,1024,311,116,115,0.8405,0.8313,99,99,537.4,506.2,0.1522,0.1537
PHerc1667/segments/20240304141531-w013_20240304141531_flatboi/ink-detection/downsampled/PHerc1667-20240304141531-2.399um-0.22m-78keV-volume-20251217075048-20260417190342-new_canon_autoresearch_recipe-tile256-stride128-ds8.jpg,PHerc1667,20240304141531-w013_20240304141531_flatboi,canon,8,9,1024,311,116,115,0.4845,0.4878,102,99,566.2,569.5,0.2742,0.2743
PHerc1667/segments/20240304141531-w013_20240304141531_flatboi/ink-detection/downsampled/PHerc1667-20240304141531-2.399um-0.22m-78keV-volume-20251217075048-20260417190342-new_canon_autoresearch_recipe-tile256-stride128-ds8.jpg,PHerc1667,20240304141531-w013_20240304141531_flatboi,canon,8,10,1024,311,116,115,0.1116,0.1151,71,66,499.0,569.5,0.3818,0.3856
PHerc1667/segments/20240304141531-w013_20240304141531_flatboi/ink-detection/downsampled/PHerc1667-20240304141531-2.399um-0.22m-78keV-volume-20251217075048-20260417190342-new_canon_autoresearch_recipe-tile256-stride128-ds8.jpg,PHerc1667,20240304141531-w013_20240304141531_flatboi,canon,8,11,1024,311,116,115,0.2564,0.2509,78,76,575.8,601.2,0.3202,0.3293
PHerc1667/segments/20240304141531-w013_20240304141531_flatboi/ink-detection/downsampled/PHerc1667-20240304141531-2.399um-0.22m-78keV-volume-20251217075048-20260417190342-new_canon_autoresearch_recipe-tile256-stride128-ds8.jpg,PHerc1667,20240304141531-w013_20240304141531_flatboi,canon,8,12,1024,311,116,115,0.7146,0.7241,122,113,575.8,632.8,0.178,0.1849
PHerc1667/segments/20240304141531-w013_20240304141531_flatboi/ink-detection/downsampled/PHerc1667-20240304141531-2.399um-0.22m-78keV-volume-20251217075048-20260417190342-new_canon_autoresearch_recipe-tile256-stride128-ds8.jpg,PHerc1667,20240304141531-w013_20240304141531_flatboi,canon,8,13,1024,311,116,115,0.6647,0.6053,129,118,575.8,601.2,0.1702,0.1736
PHerc1667/segments/20240304141531-w013_20240304141531_flatboi/ink-detection/downsampled/PHerc1667-20240304141531-2.399um-0.22m-78keV-volume-20251217075048-20260417190342-new_canon_autoresearch_recipe-tile256-stride128-ds8.jpg,PHerc1667,20240304141531-w013_20240304141531_flatboi,canon,8,14,1024,311,116,115,0.5573,0.4762,106,103,518.2,506.2,0.1371,0.1377
PHerc1667/segments/20240304141531-w013_20240304141531_flatboi/ink-detection/downsampled/PHerc1667-20240304141531-2.399um-0.22m-78keV-volume-20251217075048-20260417190342-new_canon_autoresearch_recipe-tile256-stride128-ds8.jpg,PHerc1667,20240304141531-w013_20240304141531_flatboi,canon,8,15,1024,311,116,115,0.6794,0.6892,121,116,537.4,506.2,0.1095,0.1116
PHerc1667/segments/20240304141531-w013_20240304141531_flatboi/ink-detection/downsampled/PHerc1667-20240304141531-2.399um-0.22m-78keV-volume-20251217075048-20260417190342-new_canon_autoresearch_recipe-tile256-stride128-ds8.jpg,PHerc1667,20240304141531-w013_20240304141531_flatboi,canon,8,16,1024,311,116,115,0.7371,0.7504,122,116,537.4,569.5,0.1288,0.1324
PHerc1667/segments/20240304141531-w013_20240304141531_flatboi/ink-detection/downsampled/PHerc1667-20240304141531-2.399um-0.22m-78keV-volume-20251217075048-20260417190342-new_canon_autoresearch_recipe-tile256-stride128-ds8.jpg,PHerc1667,20240304141531-w013_20240304141531_flatboi,canon,8,17,1024,311,116,115,0.7256,0.7447,107,98,479.8,569.5,0.0988,0.1021
PHerc1667/segments/20240304144031-w018_20240304144031_flatboi/ink-detection/downsampled/PHerc1667-20240304144031-2.399um-0.22m-78keV-volume-20251217075048-20260417190342-new_canon_autoresearch_recipe-tile256-stride128-ds8.jpg,PHerc1667,20240304144031-w018_20240304144031_flatboi,canon,0,1,1024,311,123,123,0.5353,0.5384,64,64,431.8,443.0,0.1545,0.1549
PHerc1667/segments/20240304144031-w018_20240304144031_flatboi/ink-detection/downsampled/PHerc1667-20240304144031-2.399um-0.22m-78keV-volume-20251217075048-20260417190342-new_canon_autoresearch_recipe-tile256-stride128-ds8.jpg,PHerc1667,20240304144031-w018_20240304144031_flatboi,canon,0,2,1024,311,123,123,0.9081,0.9092,57,56,556.6,506.2,0.1439,0.1445
PHerc1667/segments/20240304144031-w018_20240304144031_flatboi/ink-detection/downsampled/PHerc1667-20240304144031-2.399um-0.22m-78keV-volume-20251217075048-20260417190342-new_canon_autoresearch_recipe-tile256-stride128-ds8.jpg,PHerc1667,20240304144031-w018_20240304144031_flatboi,canon,0,3,1024,311,123,123,0.9124,0.9131,57,53,556.6,569.5,0.1164,0.1169
PHerc1667/segments/20240304144031-w018_20240304144031_flatboi/ink-detection/downsampled/PHerc1667-20240304144031-2.399um-0.22m-78keV-volume-20251217075048-20260417190342-new_canon_autoresearch_recipe-tile256-stride128-ds8.jpg,PHerc1667,20240304144031-w018_20240304144031_flatboi,canon,0,6,1024,311,123,123,0.8943,0.8976,56,53,623.7,632.8,0.1029,0.1024
PHerc1667/segments/20240304144031-w018_20240304144031_flatboi/ink-detection/downsampled/PHerc1667-20240304144031-2.399um-0.22m-78keV-volume-20251217075048-20260417190342-new_canon_autoresearch_recipe-tile256-stride128-ds8.jpg,PHerc1667,20240304144031-w018_20240304144031_flatboi,canon,0,7,1024,311,123,123,0.945,0.9454,48,47,729.3,822.6,0.1341,0.1341
PHerc1667/segments/20240304144031-w018_20240304144031_flatboi/ink-detection/downsampled/PHerc1667-20240304144031-2.399um-0.22m-78keV-volume-20251217075048-20260417190342-new_canon_autoresearch_recipe-tile256-stride128-ds8.jpg,PHerc1667,20240304144031-w018_20240304144031_flatboi,canon,0,8,1024,311,123,123,0.8923,0.8951,70,65,547.0,569.5,0.1232,0.124
PHerc1667/segments/20240304144031-w018_20240304144031_flatboi/ink-detection/downsampled/PHerc1667-20240304144031-2.399um-0.22m-78keV-volume-20251217075048-20260417190342-new_canon_autoresearch_recipe-tile256-stride128-ds8.jpg,PHerc1667,20240304144031-w018_20240304144031_flatboi,canon,0,10,1024,311,123,123,0.8584,0.8489,48,47,604.5,569.5,0.1136,0.1141
PHerc1667/segments/20240304144031-w018_20240304144031_flatboi/ink-detection/downsampled/PHerc1667-20240304144031-2.399um-0.22m-78keV-volume-20251217075048-20260417190342-new_canon_autoresearch_recipe-tile256-stride128-ds8.jpg,PHerc1667,20240304144031-w018_20240304144031_flatboi,canon,0,11,1024,311,123,123,0.8922,0.8866,53,49,537.4,506.2,0.089,0.0907
PHerc1667/segments/20240304144031-w018_20240304144031_flatboi/ink-detection/downsampled/PHerc1667-20240304144031-2.399um-0.22m-78keV-volume-20251217075048-20260417190342-new_canon_autoresearch_recipe-tile256-stride128-ds8.jpg,PHerc1667,20240304144031-w018_20240304144031_flatboi,canon,0,12,1024,311,123,123,0.725,0.7258,55,48,345.5,411.3,0.0416,0.041
PHerc1667/segments/20240304144031-w018_20240304144031_flatboi/ink-detection/downsampled/PHerc1667-20240304144031-2.399um-0.22m-78keV-volume-20251217075048-20260417190342-new_canon_autoresearch_recipe-tile256-stride128-ds8.jpg,PHerc1667,20240304144031-w018_20240304144031_flatboi,canon,0,13,1024,311,123,123,0.8111,0.8118,64,55,364.6,443.0,0.0663,0.0665
PHerc1667/segments/20240304144031-w018_20240304144031_flatboi/ink-detection/downsampled/PHerc1667-20240304144031-2.399um-0.22m-78keV-volume-20251217075048-20260417190342-new_canon_autoresearch_recipe-tile256-stride128-ds8.jpg,PHerc1667,20240304144031-w018_20240304144031_flatboi,canon,0,14,1024,311,123,123,0.8148,0.8222,78,69,470.2,506.2,0.084,0.0851
PHerc1667/segments/20240304144031-w018_20240304144031_flatboi/ink-detection/downsampled/PHerc1667-20240304144031-2.399um-0.22m-78keV-volume-20251217075048-20260417190342-new_canon_autoresearch_recipe-tile256-stride128-ds8.jpg,PHerc1667,20240304144031-w018_20240304144031_flatboi,canon,0,15,1024,311,123,123,0.7687,0.7701,89,82,499.0,506.2,0.0834,0.0832
PHerc1667/segments/20240304144031-w018_20240304144031_flatboi/ink-detection/downsampled/PHerc1667-20240304144031-2.399um-0.22m-78keV-volume-20251217075048-20260417190342-new_canon_autoresearch_recipe-tile256-stride128-ds8.jpg,PHerc1667,20240304144031-w018_20240304144031_flatboi,canon,0,16,1024,311,123,123,0.8366,0.8297,75,77,575.8,506.2,0.0984,0.099
PHerc1667/segments/20240304144031-w018_20240304144031_flatboi/ink-detection/downsampled/PHerc1667-20240304144031-2.399um-0.22m-78keV-volume-20251217075048-20260417190342-new_canon_autoresearch_recipe-tile256-stride128-ds8.jpg,PHerc1667,20240304144031-w018_20240304144031_flatboi,canon,0,17,1024,311,123,123,0.854,0.8421,57,53,595.0,632.8,0.0834,0.083
PHerc1667/segments/20240304144031-w018_20240304144031_flatboi/ink-detection/downsampled/PHerc1667-20240304144031-2.399um-0.22m-78keV-volume-20251217075048-20260417190342-new_canon_autoresearch_recipe-tile256-stride128-ds8.jpg,PHerc1667,20240304144031-w018_20240304144031_flatboi,canon,0,18,1024,311,123,123,0.7068,0.7176,59,51,537.4,569.5,0.0516,0.0523
PHerc1667/segments/20240304144031-w018_20240304144031_flatboi/ink-detection/downsampled/PHerc1667-20240304144031-2.399um-0.22m-78keV-volume-20251217075048-20260417190342-new_canon_autoresearch_recipe-tile256-stride128-ds8.jpg,PHerc1667,20240304144031-w018_20240304144031_flatboi,canon,0,19,1024,311,123,123,0.3877,0.3555,59,52,403.0,443.0,0.024,0.0245
PHerc1667/segments/20240304144031-w018_20240304144031_flatboi/ink-detection/downsampled/PHerc1667-20240304144031-2.399um-0.22m-78keV-volume-20251217075048-20260417190342-new_canon_autoresearch_recipe-tile256-stride128-ds8.jpg,PHerc1667,20240304144031-w018_20240304144031_flatboi,canon,0,20,1024,311,123,123,0.8083,0.7776,59,57,441.4,379.7,0.0581,0.0552
PHerc1667/segments/20240304144031-w018_20240304144031_flatboi/ink-detection/downsampled/PHerc1667-20240304144031-2.399um-0.22m-78keV-volume-20251217075048-20260417190342-new_canon_autoresearch_recipe-tile256-stride128-ds8.jpg,PHerc1667,20240304144031-w018_20240304144031_flatboi,canon,0,21,1024,311,123,123,0.891,0.8941,41,41,479.8,506.2,0.0824,0.0803
PHerc1667/segments/20240304144031-w018_20240304144031_flatboi/ink-detection/downsampled/PHerc1667-20240304144031-2.399um-0.22m-78keV-volume-20251217075048-20260417190342-new_canon_autoresearch_recipe-tile256-stride128-ds8.jpg,PHerc1667,20240304144031-w018_20240304144031_flatboi,canon,1,0,1024,311,123,123,0.9454,0.9455,60,52,422.2,506.2,0.1446,0.1443
PHerc1667/segments/20240304144031-w018_20240304144031_flatboi/ink-detection/downsampled/PHerc1667-20240304144031-2.399um-0.22m-78keV-volume-20251217075048-20260417190342-new_canon_autoresearch_recipe-tile256-stride128-ds8.jpg,PHerc1667,20240304144031-w018_20240304144031_flatboi,canon,1,1,1024,311,123,123,0.7609,0.7581,79,77,518.2,506.2,0.1935,0.1934
PHerc1667/segments/20240304144031-w018_20240304144031_flatboi/ink-detection/downsampled/PHerc1667-20240304144031-2.399um-0.22m-78keV-volume-20251217075048-20260417190342-new_canon_autoresearch_recipe-tile256-stride128-ds8.jpg,PHerc1667,20240304144031-w018_20240304144031_flatboi,canon,1,2,1024,311,123,123,0.9134,0.9103,81,80,556.6,569.5,0.1975,0.1973
PHerc1667/segments/20240304144031-w018_20240304144031_flatboi/ink-detection/downsampled/PHerc1667-20240304144031-2.399um-0.22m-78keV-volume-20251217075048-20260417190342-new_canon_autoresearch_recipe-tile256-stride128-ds8.jpg,PHerc1667,20240304144031-w018_20240304144031_flatboi,canon,1,3,1024,311,123,123,0.9055,0.898,82,79,479.8,506.2,0.1737,0.1735
PHerc1667/segments/20240304144031-w018_20240304144031_flatboi/ink-detection/downsampled/PHerc1667-20240304144031-2.399um-0.22m-78keV-volume-20251217075048-20260417190342-new_canon_autoresearch_recipe-tile256-stride128-ds8.jpg,PHerc1667,20240304144031-w018_20240304144031_flatboi,canon,1,4,1024,311,123,123,0.8292,0.8178,83,79,422.2,443.0,0.0966,0.0969
PHerc1667/segments/20240304144031-w018_20240304144031_flatboi/ink-detection/downsampled/PHerc1667-20240304144031-2.399um-0.22m-78keV-volume-20251217075048-20260417190342-new_canon_autoresearch_recipe-tile256-stride128-ds8.jpg,PHerc1667,20240304144031-w018_20240304144031_flatboi,canon,1,5,1024,311,123,123,0.7323,0.7345,86,79,412.6,443.0,0.0659,0.0657
PHerc1667/segments/20240304144031-w018_20240304144031_flatboi/ink-detection/downsampled/PHerc1667-20240304144031-2.399um-0.22m-78keV-volume-20251217075048-20260417190342-new_canon_autoresearch_recipe-tile256-stride128-ds8.jpg,PHerc1667,20240304144031-w018_20240304144031_flatboi,canon,1,6,1024,311,123,123,0.895,0.9017,84,74,508.6,537.9,0.1376,0.1368
PHerc1667/segments/20240304144031-w018_20240304144031_flatboi/ink-detection/downsampled/PHerc1667-20240304144031-2.399um-0.22m-78keV-volume-20251217075048-20260417190342-new_canon_autoresearch_recipe-tile256-stride128-ds8.jpg,PHerc1667,20240304144031-w018_20240304144031_flatboi,canon,1,7,1024,311,123,123,0.9344,0.9394,68,62,566.2,569.5,0.1762,0.1753
PHerc1667/segments/20240304144031-w018_20240304144031_flatboi/ink-detection/downsampled/PHerc1667-20240304144031-2.399um-0.22m-78keV-volume-20251217075048-20260417190342-new_canon_autoresearch_recipe-tile256-stride128-ds8.jpg,PHerc1667,20240304144031-w018_20240304144031_flatboi,canon,1,8,1024,311,123,123,0.9114,0.9124,86,79,393.4,443.0,0.1716,0.1712
PHerc1667/segments/20240304144031-w018_20240304144031_flatboi/ink-detection/downsampled/PHerc1667-20240304144031-2.399um-0.22m-78keV-volume-20251217075048-20260417190342-new_canon_autoresearch_recipe-tile256-stride128-ds8.jpg,PHerc1667,20240304144031-w018_20240304144031_flatboi,canon,1,9,1024,311,123,123,0.921,0.9194,83,79,403.0,379.7,0.1671,0.1669
PHerc1667/segments/20240304144031-w018_20240304144031_flatboi/ink-detection/downsampled/PHerc1667-20240304144031-2.399um-0.22m-78keV-volume-20251217075048-20260417190342-new_canon_autoresearch_recipe-tile256-stride128-ds8.jpg,PHerc1667,20240304144031-w018_20240304144031_flatboi,canon,1,10,1024,311,123,123,0.8006,0.7989,60,59,479.8,506.2,0.1729,0.1716
PHerc1667/segments/20240304144031-w018_20240304144031_flatboi/ink-detection/downsampled/PHerc1667-20240304144031-2.399um-0.22m-78keV-volume-20251217075048-20260417190342-new_canon_autoresearch_recipe-tile256-stride128-ds8.jpg,PHerc1667,20240304144031-w018_20240304144031_flatboi,canon,1,11,1024,311,123,123,0.9316,0.9315,60,55,422.2,443.0,0.1327,0.1331
PHerc1667/segments/20240304144031-w018_20240304144031_flatboi/ink-detection/downsampled/PHerc1667-20240304144031-2.399um-0.22m-78keV-volume-20251217075048-20260417190342-new_canon_autoresearch_recipe-tile256-stride128-ds8.jpg,PHerc1667,20240304144031-w018_20240304144031_flatboi,canon,1,12,1024,311,123,123,0.848,0.8478,81,71,364.6,443.0,0.0868,0.0869
PHerc1667/segments/20240304144031-w018_20240304144031_flatboi/ink-detection/downsampled/PHerc1667-20240304144031-2.399um-0.22m-78keV-volume-20251217075048-20260417190342-new_canon_autoresearch_recipe-tile256-stride128-ds8.jpg,PHerc1667,20240304144031-w018_20240304144031_flatboi,canon,1,13,1024,311,123,123,0.8765,0.8556,103,92,441.4,443.0,0.1399,0.1384
PHerc1667/segments/20240304144031-w018_20240304144031_flatboi/ink-detection/downsampled/PHerc1667-20240304144031-2.399um-0.22m-78keV-volume-20251217075048-20260417190342-new_canon_autoresearch_recipe-tile256-stride128-ds8.jpg,PHerc1667,20240304144031-w018_20240304144031_flatboi,canon,1,14,1024,311,123,123,0.883,0.8792,108,99,460.6,506.2,0.1692,0.1695
PHerc1667/segments/20240304144031-w018_20240304144031_flatboi/ink-detection/downsampled/PHerc1667-20240304144031-2.399um-0.22m-78keV-volume-20251217075048-20260417190342-new_canon_autoresearch_recipe-tile256-stride128-ds8.jpg,PHerc1667,20240304144031-w018_20240304144031_flatboi,canon,1,15,1024,311,123,123,0.8828,0.8845,95,88,518.2,506.2,0.154,0.154
PHerc1667/segments/20240304144031-w018_20240304144031_flatboi/ink-detection/downsampled/PHerc1667-20240304144031-2.399um-0.22m-78keV-volume-20251217075048-20260417190342-new_canon_autoresearch_recipe-tile256-stride128-ds8.jpg,PHerc1667,20240304144031-w018_20240304144031_flatboi,canon,1,16,1024,311,123,123,0.9119,0.917,73,72,710.1,696.1,0.149,0.1496
PHerc1667/segments/20240304144031-w018_20240304144031_flatboi/ink-detection/downsampled/PHerc1667-20240304144031-2.399um-0.22m-78keV-volume-20251217075048-20260417190342-new_canon_autoresearch_recipe-tile256-stride128-ds8.jpg,PHerc1667,20240304144031-w018_20240304144031_flatboi,canon,1,17,1024,311,123,123,0.9289,0.9197,66,62,729.3,854.3,0.1273,0.1263
PHerc1667/segments/20240304144031-w018_20240304144031_flatboi/ink-detection/downsampled/PHerc1667-20240304144031-2.399um-0.22m-78keV-volume-20251217075048-20260417190342-new_canon_autoresearch_recipe-tile256-stride128-ds8.jpg,PHerc1667,20240304144031-w018_20240304144031_flatboi,canon,1,18,1024,311,123,123,0.8628,0.8722,73,67,518.2,569.5,0.0933,0.0939
PHerc1667/segments/20240304144031-w018_20240304144031_flatboi/ink-detection/downsampled/PHerc1667-20240304144031-2.399um-0.22m-78keV-volume-20251217075048-20260417190342-new_canon_autoresearch_recipe-tile256-stride128-ds8.jpg,PHerc1667,20240304144031-w018_20240304144031_flatboi,canon,1,19,1024,311,123,123,0.6586,0.6815,58,54,403.0,506.2,0.0384,0.0402
PHerc1667/segments/20240304144031-w018_20240304144031_flatboi/ink-detection/downsampled/PHerc1667-20240304144031-2.399um-0.22m-78keV-volume-20251217075048-20260417190342-new_canon_autoresearch_recipe-tile256-stride128-ds8.jpg,PHerc1667,20240304144031-w018_20240304144031_flatboi,canon,1,20,1024,311,123,123,0.8844,0.8789,49,42,364.6,474.6,0.0681,0.0642
PHerc1667/segments/20240304144031-w018_20240304144031_flatboi/ink-detection/downsampled/PHerc1667-20240304144031-2.399um-0.22m-78keV-volume-20251217075048-20260417190342-new_canon_autoresearch_recipe-tile256-stride128-ds8.jpg,PHerc1667,20240304144031-w018_20240304144031_flatboi,canon,1,21,1024,311,123,123,0.7637,0.7674,47,44,518.2,569.5,0.1334,0.1295
PHerc1667/segments/20240304144031-w018_20240304144031_flatboi/ink-detection/downsampled/PHerc1667-20240304144031-2.399um-0.22m-78keV-volume-20251217075048-20260417190342-new_canon_autoresearch_recipe-tile256-stride128-ds8.jpg,PHerc1667,20240304144031-w018_20240304144031_flatboi,canon,2,0,1024,311,123,123,0.9385,0.9383,59,55,403.0,506.2,0.1278,0.1286
PHerc1667/segments/20240304144031-w018_20240304144031_flatboi/ink-detection/downsampled/PHerc1667-20240304144031-2.399um-0.22m-78keV-volume-20251217075048-20260417190342-new_canon_autoresearch_recipe-tile256-stride128-ds8.jpg,PHerc1667,20240304144031-w018_20240304144031_flatboi,canon,2,1,1024,311,123,123,0.923,0.9206,75,75,556.6,569.5,0.1641,0.165
PHerc1667/segments/20240304144031-w018_20240304144031_flatboi/ink-detection/downsampled/PHerc1667-20240304144031-2.399um-0.22m-78keV-volume-20251217075048-20260417190342-new_canon_autoresearch_recipe-tile256-stride128-ds8.jpg,PHerc1667,20240304144031-w018_20240304144031_flatboi,canon,2,2,1024,311,123,123,0.9108,0.9127,82,80,614.1,632.8,0.1784,0.1795
PHerc1667/segments/20240304144031-w018_20240304144031_flatboi/ink-detection/downsampled/PHerc1667-20240304144031-2.399um-0.22m-78keV-volume-20251217075048-20260417190342-new_canon_autoresearch_recipe-tile256-stride128-ds8.jpg,PHerc1667,20240304144031-w018_20240304144031_flatboi,canon,2,3,1024,311,123,123,0.8854,0.884,86,81,489.4,569.5,0.1429,0.144
PHerc1667/segments/20240304144031-w018_20240304144031_flatboi/ink-detection/downsampled/PHerc1667-20240304144031-2.399um-0.22m-78keV-volume-20251217075048-20260417190342-new_canon_autoresearch_recipe-tile256-stride128-ds8.jpg,PHerc1667,20240304144031-w018_20240304144031_flatboi,canon,2,4,1024,311,123,123,0.7804,0.766,87,81,383.8,379.7,0.0727,0.0728
PHerc1667/segments/20240304144031-w018_20240304144031_flatboi/ink-detection/downsampled/PHerc1667-20240304144031-2.399um-0.22m-78keV-volume-20251217075048-20260417190342-new_canon_autoresearch_recipe-tile256-stride128-ds8.jpg,PHerc1667,20240304144031-w018_20240304144031_flatboi,canon,2,5,1024,311,123,123,0.7359,0.7386,84,77,403.0,443.0,0.0611,0.0613
PHerc1667/segments/20240304144031-w018_20240304144031_flatboi/ink-detection/downsampled/PHerc1667-20240304144031-2.399um-0.22m-78keV-volume-20251217075048-20260417190342-new_canon_autoresearch_recipe-tile256-stride128-ds8.jpg,PHerc1667,20240304144031-w018_20240304144031_flatboi,canon,2,6,1024,311,123,123,0.901,0.9086,79,71,518.2,506.2,0.1316,0.1316
PHerc1667/segments/20240304144031-w018_20240304144031_flatboi/ink-detection/downsampled/PHerc1667-20240304144031-2.399um-0.22m-78keV-volume-20251217075048-20260417190342-new_canon_autoresearch_recipe-tile256-stride128-ds8.jpg,PHerc1667,20240304144031-w018_20240304144031_flatboi,canon,2,7,1024,311,123,123,0.9344,0.9393,74,65,575.8,632.8,0.1735,0.1736
PHerc1667/segments/20240304144031-w018_20240304144031_flatboi/ink-detection/downsampled/PHerc1667-20240304144031-2.399um-0.22m-78keV-volume-20251217075048-20260417190342-new_canon_autoresearch_recipe-tile256-stride128-ds8.jpg,PHerc1667,20240304144031-w018_20240304144031_flatboi,canon,2,8,1024,311,123,123,0.9143,0.904,72,67,431.8,443.0,0.1369,0.138
PHerc1667/segments/20240304144031-w018_20240304144031_flatboi/ink-detection/downsampled/PHerc1667-20240304144031-2.399um-0.22m-78keV-volume-20251217075048-20260417190342-new_canon_autoresearch_recipe-tile256-stride128-ds8.jpg,PHerc1667,20240304144031-w018_20240304144031_flatboi,canon,2,9,1024,311,123,123,0.8695,0.8676,76,70,460.6,474.6,0.1113,0.1136
PHerc1667/segments/20240304144031-w018_20240304144031_flatboi/ink-detection/downsampled/PHerc1667-20240304144031-2.399um-0.22m-78keV-volume-20251217075048-20260417190342-new_canon_autoresearch_recipe-tile256-stride128-ds8.jpg,PHerc1667,20240304144031-w018_20240304144031_flatboi,canon,2,10,1024,311,123,123,0.9091,0.7799,63,58,479.8,506.2,0.1346,0.1338
PHerc1667/segments/20240304144031-w018_20240304144031_flatboi/ink-detection/downsampled/PHerc1667-20240304144031-2.399um-0.22m-78keV-volume-20251217075048-20260417190342-new_canon_autoresearch_recipe-tile256-stride128-ds8.jpg,PHerc1667,20240304144031-w018_20240304144031_flatboi,canon,2,11,1024,311,123,123,0.8974,0.8992,63,57,441.4,443.0,0.1187,0.1191
PHerc1667/segments/20240304144031-w018_20240304144031_flatboi/ink-detection/downsampled/PHerc1667-20240304144031-2.399um-0.22m-78keV-volume-20251217075048-20260417190342-new_canon_autoresearch_recipe-tile256-stride128-ds8.jpg,PHerc1667,20240304144031-w018_20240304144031_flatboi,canon,2,12,1024,311,123,123,0.7707,0.782,94,82,460.6,506.2,0.0887,0.0895
PHerc1667/segments/20240304144031-w018_20240304144031_flatboi/ink-detection/downsampled/PHerc1667-20240304144031-2.399um-0.22m-78keV-volume-20251217075048-20260417190342-new_canon_autoresearch_recipe-tile256-stride128-ds8.jpg,PHerc1667,20240304144031-w018_20240304144031_flatboi,canon,2,13,1024,311,123,123,0.8051,0.7765,124,111,489.4,506.2,0.1306,0.1286
PHerc1667/segments/20240304144031-w018_20240304144031_flatboi/ink-detection/downsampled/PHerc1667-20240304144031-2.399um-0.22m-78keV-volume-20251217075048-20260417190342-new_canon_autoresearch_recipe-tile256-stride128-ds8.jpg,PHerc1667,20240304144031-w018_20240304144031_flatboi,canon,2,14,1024,311,123,123,0.8251,0.8152,136,128,499.0,506.2,0.168,0.1676
PHerc1667/segments/20240304144031-w018_20240304144031_flatboi/ink-detection/downsampled/PHerc1667-20240304144031-2.399um-0.22m-78keV-volume-20251217075048-20260417190342-new_canon_autoresearch_recipe-tile256-stride128-ds8.jpg,PHerc1667,20240304144031-w018_20240304144031_flatboi,canon,2,15,1024,311,123,123,0.8127,0.8148,125,121,518.2,506.2,0.1649,0.166
PHerc1667/segments/20240304144031-w018_20240304144031_flatboi/ink-detection/downsampled/PHerc1667-20240304144031-2.399um-0.22m-78keV-volume-20251217075048-20260417190342-new_canon_autoresearch_recipe-tile256-stride128-ds8.jpg,PHerc1667,20240304144031-w018_20240304144031_flatboi,canon,2,16,1024,311,123,123,0.8314,0.8357,99,91,556.6,632.8,0.1388,0.1406
PHerc1667/segments/20240304144031-w018_20240304144031_flatboi/ink-detection/downsampled/PHerc1667-20240304144031-2.399um-0.22m-78keV-volume-20251217075048-20260417190342-new_canon_autoresearch_recipe-tile256-stride128-ds8.jpg,PHerc1667,20240304144031-w018_20240304144031_flatboi,canon,2,17,1024,311,123,123,0.8914,0.8863,78,72,527.8,696.1,0.1181,0.1184
PHerc1667/segments/20240304144031-w018_20240304144031_flatboi/ink-detection/downsampled/PHerc1667-20240304144031-2.399um-0.22m-78keV-volume-20251217075048-20260417190342-new_canon_autoresearch_recipe-tile256-stride128-ds8.jpg,PHerc1667,20240304144031-w018_20240304144031_flatboi,canon,2,18,1024,311,123,123,0.8206,0.8249,88,80,499.0,506.2,0.0983,0.0989
PHerc1667/segments/20240304144031-w018_20240304144031_flatboi/ink-detection/downsampled/PHerc1667-20240304144031-2.399um-0.22m-78keV-volume-20251217075048-20260417190342-new_canon_autoresearch_recipe-tile256-stride128-ds8.jpg,PHerc1667,20240304144031-w018_20240304144031_flatboi,canon,2,19,1024,311,123,123,0.6487,0.6642,60,58,479.8,506.2,0.0429,0.0442
PHerc1667/segments/20240304144031-w018_20240304144031_flatboi/ink-detection/downsampled/PHerc1667-20240304144031-2.399um-0.22m-78keV-volume-20251217075048-20260417190342-new_canon_autoresearch_recipe-tile256-stride128-ds8.jpg,PHerc1667,20240304144031-w018_20240304144031_flatboi,canon,2,20,1024,311,123,123,0.9113,0.9045,35,29,345.5,443.0,0.059,0.0574
PHerc1667/segments/20240304144031-w018_20240304144031_flatboi/ink-detection/downsampled/PHerc1667-20240304144031-2.399um-0.22m-78keV-volume-20251217075048-20260417190342-new_canon_autoresearch_recipe-tile256-stride128-ds8.jpg,PHerc1667,20240304144031-w018_20240304144031_flatboi,canon,2,21,1024,311,123,123,0.7357,0.7358,48,44,547.0,569.5,0.1222,0.1174
PHerc1667/segments/20240304144031-w018_20240304144031_flatboi/ink-detection/downsampled/PHerc1667-20240304144031-2.399um-0.22m-78keV-volume-20251217075048-20260417190342-new_canon_autoresearch_recipe-tile256-stride128-ds8.jpg,PHerc1667,20240304144031-w018_20240304144031_flatboi,canon,3,0,1024,311,123,123,0.9144,0.9146,60,54,604.5,664.4,0.1258,0.1255
PHerc1667/segments/20240304144031-w018_20240304144031_flatboi/ink-detection/downsampled/PHerc1667-20240304144031-2.399um-0.22m-78keV-volume-20251217075048-20260417190342-new_canon_autoresearch_recipe-tile256-stride128-ds8.jpg,PHerc1667,20240304144031-w018_20240304144031_flatboi,canon,3,1,1024,311,123,123,0.9235,0.9237,74,66,614.1,727.7,0.149,0.1488
PHerc1667/segments/20240304144031-w018_20240304144031_flatboi/ink-detection/downsampled/PHerc1667-20240304144031-2.399um-0.22m-78keV-volume-20251217075048-20260417190342-new_canon_autoresearch_recipe-tile256-stride128-ds8.jpg,PHerc1667,20240304144031-w018_20240304144031_flatboi,canon,3,2,1024,311,123,123,0.9319,0.9374,70,62,614.1,696.1,0.1634,0.1633
PHerc1667/segments/20240304144031-w018_20240304144031_flatboi/ink-detection/downsampled/PHerc1667-20240304144031-2.399um-0.22m-78keV-volume-20251217075048-20260417190342-new_canon_autoresearch_recipe-tile256-stride128-ds8.jpg,PHerc1667,20240304144031-w018_20240304144031_flatboi,canon,3,3,1024,311,123,123,0.9273,0.9341,66,62,652.5,664.4,0.1373,0.1376
PHerc1667/segments/20240304144031-w018_20240304144031_flatboi/ink-detection/downsampled/PHerc1667-20240304144031-2.399um-0.22m-78keV-volume-20251217075048-20260417190342-new_canon_autoresearch_recipe-tile256-stride128-ds8.jpg,PHerc1667,20240304144031-w018_20240304144031_flatboi,canon,3,4,1024,311,123,123,0.8425,0.8458,55,51,441.4,443.0,0.0619,0.062
PHerc1667/segments/20240304144031-w018_20240304144031_flatboi/ink-detection/downsampled/PHerc1667-20240304144031-2.399um-0.22m-78keV-volume-20251217075048-20260417190342-new_canon_autoresearch_recipe-tile256-stride128-ds8.jpg,PHerc1667,20240304144031-w018_20240304144031_flatboi,canon,3,5,1024,311,123,123,0.8576,0.8519,42,41,441.4,443.0,0.0479,0.0471
PHerc1667/segments/20240304144031-w018_20240304144031_flatboi/ink-detection/downsampled/PHerc1667-20240304144031-2.399um-0.22m-78keV-volume-20251217075048-20260417190342-new_canon_autoresearch_recipe-tile256-stride128-ds8.jpg,PHerc1667,20240304144031-w018_20240304144031_flatboi,canon,3,6,1024,311,123,123,0.9386,0.9406,52,48,623.7,696.1,0.137,0.1352
PHerc1667/segments/20240304144031-w018_20240304144031_flatboi/ink-detection/downsampled/PHerc1667-20240304144031-2.399um-0.22m-78keV-volume-20251217075048-20260417190342-new_canon_autoresearch_recipe-tile256-stride128-ds8.jpg,PHerc1667,20240304144031-w018_20240304144031_flatboi,canon,3,7,1024,311,123,123,0.9393,0.9392,65,60,671.7,759.4,0.1845,0.1846
PHerc1667/segments/20240304144031-w018_20240304144031_flatboi/ink-detection/downsampled/PHerc1667-20240304144031-2.399um-0.22m-78keV-volume-20251217075048-20260417190342-new_canon_autoresearch_recipe-tile256-stride128-ds8.jpg,PHerc1667,20240304144031-w018_20240304144031_flatboi,canon,3,8,1024,311,123,123,0.9326,0.9427,61,54,422.2,506.2,0.1367,0.1382
PHerc1667/segments/20240304144031-w018_20240304144031_flatboi/ink-detection/downsampled/PHerc1667-20240304144031-2.399um-0.22m-78keV-volume-20251217075048-20260417190342-new_canon_autoresearch_recipe-tile256-stride128-ds8.jpg,PHerc1667,20240304144031-w018_20240304144031_flatboi,canon,3,9,1024,311,123,123,0.909,0.9212,67,61,422.2,443.0,0.1144,0.1149
PHerc1667/segments/20240304144031-w018_20240304144031_flatboi/ink-detection/downsampled/PHerc1667-20240304144031-2.399um-0.22m-78keV-volume-20251217075048-20260417190342-new_canon_autoresearch_recipe-tile256-stride128-ds8.jpg,PHerc1667,20240304144031-w018_20240304144031_flatboi,canon,3,10,1024,311,123,123,0.9226,0.9262,55,51,537.4,569.5,0.1457,0.1448
PHerc1667/segments/20240304144031-w018_20240304144031_flatboi/ink-detection/downsampled/PHerc1667-20240304144031-2.399um-0.22m-78keV-volume-20251217075048-20260417190342-new_canon_autoresearch_recipe-tile256-stride128-ds8.jpg,PHerc1667,20240304144031-w018_20240304144031_flatboi,canon,3,11,1024,311,123,123,0.8971,0.8838,60,50,470.2,569.5,0.1152,0.1156
PHerc1667/segments/20240304144031-w018_20240304144031_flatboi/ink-detection/downsampled/PHerc1667-20240304144031-2.399um-0.22m-78keV-volume-20251217075048-20260417190342-new_canon_autoresearch_recipe-tile256-stride128-ds8.jpg,PHerc1667,20240304144031-w018_20240304144031_flatboi,canon,3,12,1024,311,123,123,0.6275,0.6354,86,70,460.6,506.2,0.0611,0.06
PHerc1667/segments/20240304144031-w018_20240304144031_flatboi/ink-detection/downsampled/PHerc1667-20240304144031-2.399um-0.22m-78keV-volume-20251217075048-20260417190342-new_canon_autoresearch_recipe-tile256-stride128-ds8.jpg,PHerc1667,20240304144031-w018_20240304144031_flatboi,canon,3,13,1024,311,123,123,0.7597,0.7681,108,94,537.4,569.5,0.1183,0.1156
PHerc1667/segments/20240304144031-w018_20240304144031_flatboi/ink-detection/downsampled/PHerc1667-20240304144031-2.399um-0.22m-78keV-volume-20251217075048-20260417190342-new_canon_autoresearch_recipe-tile256-stride128-ds8.jpg,PHerc1667,20240304144031-w018_20240304144031_flatboi,canon,3,14,1024,311,123,123,0.8342,0.8292,128,118,518.2,569.5,0.1821,0.1809
PHerc1667/segments/20240304144031-w018_20240304144031_flatboi/ink-detection/downsampled/PHerc1667-20240304144031-2.399um-0.22m-78keV-volume-20251217075048-20260417190342-new_canon_autoresearch_recipe-tile256-stride128-ds8.jpg,PHerc1667,20240304144031-w018_20240304144031_flatboi,canon,3,15,1024,311,123,123,0.8157,0.8094,127,126,556.6,569.5,0.1657,0.1652
PHerc1667/segments/20240304144031-w018_20240304144031_flatboi/ink-detection/downsampled/PHerc1667-20240304144031-2.399um-0.22m-78keV-volume-20251217075048-20260417190342-new_canon_autoresearch_recipe-tile256-stride128-ds8.jpg,PHerc1667,20240304144031-w018_20240304144031_flatboi,canon,3,16,1024,311,123,123,0.8505,0.8378,101,97,537.4,569.5,0.143,0.1428
PHerc1667/segments/20240304144031-w018_20240304144031_flatboi/ink-detection/downsampled/PHerc1667-20240304144031-2.399um-0.22m-78keV-volume-20251217075048-20260417190342-new_canon_autoresearch_recipe-tile256-stride128-ds8.jpg,PHerc1667,20240304144031-w018_20240304144031_flatboi,canon,3,17,1024,311,123,123,0.927,0.9251,67,62,537.4,727.7,0.1398,0.1404
PHerc1667/segments/20240304144031-w018_20240304144031_flatboi/ink-detection/downsampled/PHerc1667-20240304144031-2.399um-0.22m-78keV-volume-20251217075048-20260417190342-new_canon_autoresearch_recipe-tile256-stride128-ds8.jpg,PHerc1667,20240304144031-w018_20240304144031_flatboi,canon,3,18,1024,311,123,123,0.895,0.894,67,60,499.0,537.9,0.126,0.1268
PHerc1667/segments/20240304144031-w018_20240304144031_flatboi/ink-detection/downsampled/PHerc1667-20240304144031-2.399um-0.22m-78keV-volume-20251217075048-20260417190342-new_canon_autoresearch_recipe-tile256-stride128-ds8.jpg,PHerc1667,20240304144031-w018_20240304144031_flatboi,canon,3,19,1024,311,123,123,0.7685,0.7689,57,53,422.2,443.0,0.0607,0.061
PHerc1667/segments/20240304144031-w018_20240304144031_flatboi/ink-detection/downsampled/PHerc1667-20240304144031-2.399um-0.22m-78keV-volume-20251217075048-20260417190342-new_canon_autoresearch_recipe-tile256-stride128-ds8.jpg,PHerc1667,20240304144031-w018_20240304144031_flatboi,canon,3,20,1024,311,123,123,0.8363,0.8347,53,48,403.0,379.7,0.057,0.0552
PHerc1667/segments/20240304144031-w018_20240304144031_flatboi/ink-detection/downsampled/PHerc1667-20240304144031-2.399um-0.22m-78keV-volume-20251217075048-20260417190342-new_canon_autoresearch_recipe-tile256-stride128-ds8.jpg,PHerc1667,20240304144031-w018_20240304144031_flatboi,canon,3,21,1024,311,123,123,0.8693,0.8729,69,63,537.4,569.5,0.1131,0.1068
PHerc1667/segments/20240304144031-w018_20240304144031_flatboi/ink-detection/downsampled/PHerc1667-20240304144031-2.399um-0.22m-78keV-volume-20251217075048-20260417190342-new_canon_autoresearch_recipe-tile256-stride128-ds8.jpg,PHerc1667,20240304144031-w018_20240304144031_flatboi,canon,4,0,1024,311,123,123,0.8895,0.891,66,61,690.9,822.6,0.1304,0.1302
PHerc1667/segments/20240304144031-w018_20240304144031_flatboi/ink-detection/downsampled/PHerc1667-20240304144031-2.399um-0.22m-78keV-volume-20251217075048-20260417190342-new_canon_autoresearch_recipe-tile256-stride128-ds8.jpg,PHerc1667,20240304144031-w018_20240304144031_flatboi,canon,4,1,1024,311,123,123,0.928,0.929,68,59,623.7,759.4,0.1539,0.154
PHerc1667/segments/20240304144031-w018_20240304144031_flatboi/ink-detection/downsampled/PHerc1667-20240304144031-2.399um-0.22m-78keV-volume-20251217075048-20260417190342-new_canon_autoresearch_recipe-tile256-stride128-ds8.jpg,PHerc1667,20240304144031-w018_20240304144031_flatboi,canon,4,2,1024,311,123,123,0.9558,0.9567,54,50,729.3,949.2,0.1594,0.1592
PHerc1667/segments/20240304144031-w018_20240304144031_flatboi/ink-detection/downsampled/PHerc1667-20240304144031-2.399um-0.22m-78keV-volume-20251217075048-20260417190342-new_canon_autoresearch_recipe-tile256-stride128-ds8.jpg,PHerc1667,20240304144031-w018_20240304144031_flatboi,canon,4,3,1024,311,123,123,0.9348,0.9349,49,50,844.4,854.3,0.1374,0.1373
PHerc1667/segments/20240304144031-w018_20240304144031_flatboi/ink-detection/downsampled/PHerc1667-20240304144031-2.399um-0.22m-78keV-volume-20251217075048-20260417190342-new_canon_autoresearch_recipe-tile256-stride128-ds8.jpg,PHerc1667,20240304144031-w018_20240304144031_flatboi,canon,4,4,1024,311,123,123,0.8304,0.831,40,40,499.0,506.2,0.0643,0.0644
PHerc1667/segments/20240304144031-w018_20240304144031_flatboi/ink-detection/downsampled/PHerc1667-20240304144031-2.399um-0.22m-78keV-volume-20251217075048-20260417190342-new_canon_autoresearch_recipe-tile256-stride128-ds8.jpg,PHerc1667,20240304144031-w018_20240304144031_flatboi,canon,4,5,1024,311,123,123,0.8387,0.834,33,34,499.0,506.2,0.0518,0.0508
PHerc1667/segments/20240304144031-w018_20240304144031_flatboi/ink-detection/downsampled/PHerc1667-20240304144031-2.399um-0.22m-78keV-volume-20251217075048-20260417190342-new_canon_autoresearch_recipe-tile256-stride128-ds8.jpg,PHerc1667,20240304144031-w018_20240304144031_flatboi,canon,4,6,1024,311,123,123,0.9346,0.9325,49,44,806.1,854.3,0.1348,0.1331
PHerc1667/segments/20240304144031-w018_20240304144031_flatboi/ink-detection/downsampled/PHerc1667-20240304144031-2.399um-0.22m-78keV-volume-20251217075048-20260417190342-new_canon_autoresearch_recipe-tile256-stride128-ds8.jpg,PHerc1667,20240304144031-w018_20240304144031_flatboi,canon,4,7,1024,311,123,123,0.9384,0.9379,60,54,623.7,822.6,0.1764,0.1775
PHerc1667/segments/20240304144031-w018_20240304144031_flatboi/ink-detection/downsampled/PHerc1667-20240304144031-2.399um-0.22m-78keV-volume-20251217075048-20260417190342-new_canon_autoresearch_recipe-tile256-stride128-ds8.jpg,PHerc1667,20240304144031-w018_20240304144031_flatboi,canon,4,8,1024,311,123,123,0.9136,0.9263,61,54,518.2,569.5,0.1393,0.1412
PHerc1667/segments/20240304144031-w018_20240304144031_flatboi/ink-detection/downsampled/PHerc1667-20240304144031-2.399um-0.22m-78keV-volume-20251217075048-20260417190342-new_canon_autoresearch_recipe-tile256-stride128-ds8.jpg,PHerc1667,20240304144031-w018_20240304144031_flatboi,canon,4,9,1024,311,123,123,0.9135,0.9251,62,58,470.2,506.2,0.1219,0.1217
PHerc1667/segments/20240304144031-w018_20240304144031_flatboi/ink-detection/downsampled/PHerc1667-20240304144031-2.399um-0.22m-78keV-volume-20251217075048-20260417190342-new_canon_autoresearch_recipe-tile256-stride128-ds8.jpg,PHerc1667,20240304144031-w018_20240304144031_flatboi,canon,4,10,1024,311,123,123,0.9501,0.9507,50,46,642.9,759.4,0.157,0.1567
PHerc1667/segments/20240304144031-w018_20240304144031_flatboi/ink-detection/downsampled/PHerc1667-20240304144031-2.399um-0.22m-78keV-volume-20251217075048-20260417190342-new_canon_autoresearch_recipe-tile256-stride128-ds8.jpg,PHerc1667,20240304144031-w018_20240304144031_flatboi,canon,4,11,1024,311,123,123,0.8966,0.8814,61,50,422.2,632.8,0.1109,0.1118
PHerc1667/segments/20240304144031-w018_20240304144031_flatboi/ink-detection/downsampled/PHerc1667-20240304144031-2.399um-0.22m-78keV-volume-20251217075048-20260417190342-new_canon_autoresearch_recipe-tile256-stride128-ds8.jpg,PHerc1667,20240304144031-w018_20240304144031_flatboi,canon,4,12,1024,311,123,123,0.5856,0.5836,90,81,431.8,506.2,0.0589,0.0583
PHerc1667/segments/20240304144031-w018_20240304144031_flatboi/ink-detection/downsampled/PHerc1667-20240304144031-2.399um-0.22m-78keV-volume-20251217075048-20260417190342-new_canon_autoresearch_recipe-tile256-stride128-ds8.jpg,PHerc1667,20240304144031-w018_20240304144031_flatboi,canon,4,13,1024,311,123,123,0.7895,0.7981,111,100,499.0,537.9,0.1504,0.1488
PHerc1667/segments/20240304144031-w018_20240304144031_flatboi/ink-detection/downsampled/PHerc1667-20240304144031-2.399um-0.22m-78keV-volume-20251217075048-20260417190342-new_canon_autoresearch_recipe-tile256-stride128-ds8.jpg,PHerc1667,20240304144031-w018_20240304144031_flatboi,canon,4,14,1024,311,123,123,0.8794,0.8796,111,97,537.4,632.8,0.2178,0.2173
PHerc1667/segments/20240304144031-w018_20240304144031_flatboi/ink-detection/downsampled/PHerc1667-20240304144031-2.399um-0.22m-78keV-volume-20251217075048-20260417190342-new_canon_autoresearch_recipe-tile256-stride128-ds8.jpg,PHerc1667,20240304144031-w018_20240304144031_flatboi,canon,4,15,1024,311,123,123,0.8908,0.8836,97,91,556.6,569.5,0.1773,0.1763
PHerc1667/segments/20240304144031-w018_20240304144031_flatboi/ink-detection/downsampled/PHerc1667-20240304144031-2.399um-0.22m-78keV-volume-20251217075048-20260417190342-new_canon_autoresearch_recipe-tile256-stride128-ds8.jpg,PHerc1667,20240304144031-w018_20240304144031_flatboi,canon,4,16,1024,311,123,123,0.9235,0.9181,73,70,556.6,632.8,0.155,0.1552
PHerc1667/segments/20240304144031-w018_20240304144031_flatboi/ink-detection/downsampled/PHerc1667-20240304144031-2.399um-0.22m-78keV-volume-20251217075048-20260417190342-new_canon_autoresearch_recipe-tile256-stride128-ds8.jpg,PHerc1667,20240304144031-w018_20240304144031_flatboi,canon,4,17,1024,311,123,123,0.9518,0.9515,54,49,825.3,1012.5,0.1668,0.1688
PHerc1667/segments/20240304144031-w018_20240304144031_flatboi/ink-detection/downsampled/PHerc1667-20240304144031-2.399um-0.22m-78keV-volume-20251217075048-20260417190342-new_canon_autoresearch_recipe-tile256-stride128-ds8.jpg,PHerc1667,20240304144031-w018_20240304144031_flatboi,canon,4,18,1024,311,123,123,0.9544,0.9529,43,43,902.0,885.9,0.1452,0.1463
PHerc1667/segments/20240304144031-w018_20240304144031_flatboi/ink-detection/downsampled/PHerc1667-20240304144031-2.399um-0.22m-78keV-volume-20251217075048-20260417190342-new_canon_autoresearch_recipe-tile256-stride128-ds8.jpg,PHerc1667,20240304144031-w018_20240304144031_flatboi,canon,4,19,1024,311,123,123,0.8837,0.8849,39,38,422.2,443.0,0.0633,0.0636
PHerc1667/segments/20240304144031-w018_20240304144031_flatboi/ink-detection/downsampled/PHerc1667-20240304144031-2.399um-0.22m-78keV-volume-20251217075048-20260417190342-new_canon_autoresearch_recipe-tile256-stride128-ds8.jpg,PHerc1667,20240304144031-w018_20240304144031_flatboi,canon,4,20,1024,311,123,123,0.8244,0.8226,49,47,441.4,443.0,0.0647,0.0624
PHerc1667/segments/20240304144031-w018_20240304144031_flatboi/ink-detection/downsampled/PHerc1667-20240304144031-2.399um-0.22m-78keV-volume-20251217075048-20260417190342-new_canon_autoresearch_recipe-tile256-stride128-ds8.jpg,PHerc1667,20240304144031-w018_20240304144031_flatboi,canon,4,21,1024,311,123,123,0.886,0.8934,61,58,614.1,601.2,0.1341,0.1278
PHerc1667/segments/20240304144031-w018_20240304144031_flatboi/ink-detection/downsampled/PHerc1667-20240304144031-2.399um-0.22m-78keV-volume-20251217075048-20260417190342-new_canon_autoresearch_recipe-tile256-stride128-ds8.jpg,PHerc1667,20240304144031-w018_20240304144031_flatboi,canon,5,0,1024,311,123,123,0.7458,0.7441,66,66,662.1,664.4,0.1686,0.1689
PHerc1667/segments/20240304144031-w018_20240304144031_flatboi/ink-detection/downsampled/PHerc1667-20240304144031-2.399um-0.22m-78keV-volume-20251217075048-20260417190342-new_canon_autoresearch_recipe-tile256-stride128-ds8.jpg,PHerc1667,20240304144031-w018_20240304144031_flatboi,canon,5,1,1024,311,123,123,0.9501,0.9532,56,55,748.5,759.4,0.1907,0.1907
PHerc1667/segments/20240304144031-w018_20240304144031_flatboi/ink-detection/downsampled/PHerc1667-20240304144031-2.399um-0.22m-78keV-volume-20251217075048-20260417190342-new_canon_autoresearch_recipe-tile256-stride128-ds8.jpg,PHerc1667,20240304144031-w018_20240304144031_flatboi,canon,5,2,1024,311,123,123,0.9666,0.9703,48,48,1026.8,1012.5,0.1882,0.1882
PHerc1667/segments/20240304144031-w018_20240304144031_flatboi/ink-detection/downsampled/PHerc1667-20240304144031-2.399um-0.22m-78keV-volume-20251217075048-20260417190342-new_canon_autoresearch_recipe-tile256-stride128-ds8.jpg,PHerc1667,20240304144031-w018_20240304144031_flatboi,canon,5,3,1024,311,123,123,0.9577,0.9573,51,52,921.2,854.3,0.1768,0.1767
PHerc1667/segments/20240304144031-w018_20240304144031_flatboi/ink-detection/downsampled/PHerc1667-20240304144031-2.399um-0.22m-78keV-volume-20251217075048-20260417190342-new_canon_autoresearch_recipe-tile256-stride128-ds8.jpg,PHerc1667,20240304144031-w018_20240304144031_flatboi,canon,5,4,1024,311,123,123,0.8938,0.8948,44,43,479.8,506.2,0.0887,0.0892
PHerc1667/segments/20240304144031-w018_20240304144031_flatboi/ink-detection/downsampled/PHerc1667-20240304144031-2.399um-0.22m-78keV-volume-20251217075048-20260417190342-new_canon_autoresearch_recipe-tile256-stride128-ds8.jpg,PHerc1667,20240304144031-w018_20240304144031_flatboi,canon,5,5,1024,311,123,123,0.7877,0.7852,43,42,575.8,632.8,0.0622,0.0618
PHerc1667/segments/20240304144031-w018_20240304144031_flatboi/ink-detection/downsampled/PHerc1667-20240304144031-2.399um-0.22m-78keV-volume-20251217075048-20260417190342-new_canon_autoresearch_recipe-tile256-stride128-ds8.jpg,PHerc1667,20240304144031-w018_20240304144031_flatboi,canon,5,6,1024,311,123,123,0.9157,0.9116,49,49,959.6,949.2,0.1387,0.1384
PHerc1667/segments/20240304144031-w018_20240304144031_flatboi/ink-detection/downsampled/PHerc1667-20240304144031-2.399um-0.22m-78keV-volume-20251217075048-20260417190342-new_canon_autoresearch_recipe-tile256-stride128-ds8.jpg,PHerc1667,20240304144031-w018_20240304144031_flatboi,canon,5,7,1024,311,123,123,0.9617,0.958,52,52,921.2,917.6,0.1671,0.169
PHerc1667/segments/20240304144031-w018_20240304144031_flatboi/ink-detection/downsampled/PHerc1667-20240304144031-2.399um-0.22m-78keV-volume-20251217075048-20260417190342-new_canon_autoresearch_recipe-tile256-stride128-ds8.jpg,PHerc1667,20240304144031-w018_20240304144031_flatboi,canon,5,8,1024,311,123,123,0.9492,0.9509,50,50,623.7,601.2,0.1584,0.1597
PHerc1667/segments/20240304144031-w018_20240304144031_flatboi/ink-detection/downsampled/PHerc1667-20240304144031-2.399um-0.22m-78keV-volume-20251217075048-20260417190342-new_canon_autoresearch_recipe-tile256-stride128-ds8.jpg,PHerc1667,20240304144031-w018_20240304144031_flatboi,canon,5,9,1024,311,123,123,0.9218,0.9238,59,56,652.5,759.4,0.1279,0.1282
PHerc1667/segments/20240304144031-w018_20240304144031_flatboi/ink-detection/downsampled/PHerc1667-20240304144031-2.399um-0.22m-78keV-volume-20251217075048-20260417190342-new_canon_autoresearch_recipe-tile256-stride128-ds8.jpg,PHerc1667,20240304144031-w018_20240304144031_flatboi,canon,5,10,1024,311,123,123,0.9326,0.9383,58,55,863.6,949.2,0.1391,0.1385
PHerc1667/segments/20240304144031-w018_20240304144031_flatboi/ink-detection/downsampled/PHerc1667-20240304144031-2.399um-0.22m-78keV-volume-20251217075048-20260417190342-new_canon_autoresearch_recipe-tile256-stride128-ds8.jpg,PHerc1667,20240304144031-w018_20240304144031_flatboi,canon,5,11,1024,311,123,123,0.867,0.8691,70,63,470.2,569.5,0.1221,0.122
PHerc1667/segments/20240304144031-w018_20240304144031_flatboi/ink-detection/downsampled/PHerc1667-20240304144031-2.399um-0.22m-78keV-volume-20251217075048-20260417190342-new_canon_autoresearch_recipe-tile256-stride128-ds8.jpg,PHerc1667,20240304144031-w018_20240304144031_flatboi,canon,5,12,1024,311,123,123,0.6538,0.6561,89,85,518.2,569.5,0.0814,0.0812
PHerc1667/segments/20240304144031-w018_20240304144031_flatboi/ink-detection/downsampled/PHerc1667-20240304144031-2.399um-0.22m-78keV-volume-20251217075048-20260417190342-new_canon_autoresearch_recipe-tile256-stride128-ds8.jpg,PHerc1667,20240304144031-w018_20240304144031_flatboi,canon,5,13,1024,311,123,123,0.807,0.8099,109,100,556.6,569.5,0.1601,0.16
PHerc1667/segments/20240304144031-w018_20240304144031_flatboi/ink-detection/downsampled/PHerc1667-20240304144031-2.399um-0.22m-78keV-volume-20251217075048-20260417190342-new_canon_autoresearch_recipe-tile256-stride128-ds8.jpg,PHerc1667,20240304144031-w018_20240304144031_flatboi,canon,5,14,1024,311,123,123,0.8709,0.8727,125,112,556.6,569.5,0.2209,0.2212
PHerc1667/segments/20240304144031-w018_20240304144031_flatboi/ink-detection/downsampled/PHerc1667-20240304144031-2.399um-0.22m-78keV-volume-20251217075048-20260417190342-new_canon_autoresearch_recipe-tile256-stride128-ds8.jpg,PHerc1667,20240304144031-w018_20240304144031_flatboi,canon,5,15,1024,311,123,123,0.9024,0.8988,105,96,518.2,506.2,0.1996,0.1977
PHerc1667/segments/20240304144031-w018_20240304144031_flatboi/ink-detection/downsampled/PHerc1667-20240304144031-2.399um-0.22m-78keV-volume-20251217075048-20260417190342-new_canon_autoresearch_recipe-tile256-stride128-ds8.jpg,PHerc1667,20240304144031-w018_20240304144031_flatboi,canon,5,16,1024,311,123,123,0.9231,0.9227,73,69,518.2,569.5,0.1819,0.1842
PHerc1667/segments/20240304144031-w018_20240304144031_flatboi/ink-detection/downsampled/PHerc1667-20240304144031-2.399um-0.22m-78keV-volume-20251217075048-20260417190342-new_canon_autoresearch_recipe-tile256-stride128-ds8.jpg,PHerc1667,20240304144031-w018_20240304144031_flatboi,canon,5,17,1024,311,123,123,0.9258,0.9222,56,54,815.7,822.6,0.1813,0.1848
PHerc1667/segments/20240304144031-w018_20240304144031_flatboi/ink-detection/downsampled/PHerc1667-20240304144031-2.399um-0.22m-78keV-volume-20251217075048-20260417190342-new_canon_autoresearch_recipe-tile256-stride128-ds8.jpg,PHerc1667,20240304144031-w018_20240304144031_flatboi,canon,5,18,1024,311,123,123,0.9223,0.9142,48,50,854.0,854.3,0.1444,0.1458
PHerc1667/segments/20240304144031-w018_20240304144031_flatboi/ink-detection/downsampled/PHerc1667-20240304144031-2.399um-0.22m-78keV-volume-20251217075048-20260417190342-new_canon_autoresearch_recipe-tile256-stride128-ds8.jpg,PHerc1667,20240304144031-w018_20240304144031_flatboi,canon,5,19,1024,311,123,123,0.859,0.8369,40,41,508.6,506.2,0.0552,0.0564
PHerc1667/segments/20240304144031-w018_20240304144031_flatboi/ink-detection/downsampled/PHerc1667-20240304144031-2.399um-0.22m-78keV-volume-20251217075048-20260417190342-new_canon_autoresearch_recipe-tile256-stride128-ds8.jpg,PHerc1667,20240304144031-w018_20240304144031_flatboi,canon,5,20,1024,311,123,123,0.8882,0.8859,46,46,547.0,506.2,0.0801,0.0781
PHerc1667/segments/20240304144031-w018_20240304144031_flatboi/ink-detection/downsampled/PHerc1667-20240304144031-2.399um-0.22m-78keV-volume-20251217075048-20260417190342-new_canon_autoresearch_recipe-tile256-stride128-ds8.jpg,PHerc1667,20240304144031-w018_20240304144031_flatboi,canon,5,21,1024,311,123,123,0.9178,0.9235,60,59,748.5,696.1,0.1622,0.16
PHerc1667/segments/20240304144031-w018_20240304144031_flatboi/ink-detection/downsampled/PHerc1667-20240304144031-2.399um-0.22m-78keV-volume-20251217075048-20260417190342-new_canon_autoresearch_recipe-tile256-stride128-ds8.jpg,PHerc1667,20240304144031-w018_20240304144031_flatboi,canon,6,0,1024,311,123,123,0.7789,0.7803,64,59,470.2,569.5,0.166,0.1662
PHerc1667/segments/20240304144031-w018_20240304144031_flatboi/ink-detection/downsampled/PHerc1667-20240304144031-2.399um-0.22m-78keV-volume-20251217075048-20260417190342-new_canon_autoresearch_recipe-tile256-stride128-ds8.jpg,PHerc1667,20240304144031-w018_20240304144031_flatboi,canon,6,1,1024,311,123,123,0.9591,0.9593,53,50,863.6,949.2,0.1753,0.1751
PHerc1667/segments/20240304144031-w018_20240304144031_flatboi/ink-detection/downsampled/PHerc1667-20240304144031-2.399um-0.22m-78keV-volume-20251217075048-20260417190342-new_canon_autoresearch_recipe-tile256-stride128-ds8.jpg,PHerc1667,20240304144031-w018_20240304144031_flatboi,canon,6,2,1024,311,123,123,0.9612,0.9571,49,45,1055.6,1265.6,0.1714,0.1711
PHerc1667/segments/20240304144031-w018_20240304144031_flatboi/ink-detection/downsampled/PHerc1667-20240304144031-2.399um-0.22m-78keV-volume-20251217075048-20260417190342-new_canon_autoresearch_recipe-tile256-stride128-ds8.jpg,PHerc1667,20240304144031-w018_20240304144031_flatboi,canon,6,3,1024,311,123,123,0.9653,0.9653,49,46,825.3,1012.5,0.1546,0.1547
PHerc1667/segments/20240304144031-w018_20240304144031_flatboi/ink-detection/downsampled/PHerc1667-20240304144031-2.399um-0.22m-78keV-volume-20251217075048-20260417190342-new_canon_autoresearch_recipe-tile256-stride128-ds8.jpg,PHerc1667,20240304144031-w018_20240304144031_flatboi,canon,6,4,1024,311,123,123,0.9155,0.9187,45,41,460.6,506.2,0.0791,0.08
PHerc1667/segments/20240304144031-w018_20240304144031_flatboi/ink-detection/downsampled/PHerc1667-20240304144031-2.399um-0.22m-78keV-volume-20251217075048-20260417190342-new_canon_autoresearch_recipe-tile256-stride128-ds8.jpg,PHerc1667,20240304144031-w018_20240304144031_flatboi,canon,6,5,1024,311,123,123,0.8235,0.8488,41,38,556.6,569.5,0.0548,0.0538
PHerc1667/segments/20240304144031-w018_20240304144031_flatboi/ink-detection/downsampled/PHerc1667-20240304144031-2.399um-0.22m-78keV-volume-20251217075048-20260417190342-new_canon_autoresearch_recipe-tile256-stride128-ds8.jpg,PHerc1667,20240304144031-w018_20240304144031_flatboi,canon,6,6,1024,311,123,123,0.9294,0.9395,55,52,767.7,949.2,0.1346,0.1336
PHerc1667/segments/20240304144031-w018_20240304144031_flatboi/ink-detection/downsampled/PHerc1667-20240304144031-2.399um-0.22m-78keV-volume-20251217075048-20260417190342-new_canon_autoresearch_recipe-tile256-stride128-ds8.jpg,PHerc1667,20240304144031-w018_20240304144031_flatboi,canon,6,7,1024,311,123,123,0.9559,0.9544,61,58,556.6,632.8,0.1779,0.1782
PHerc1667/segments/20240304144031-w018_20240304144031_flatboi/ink-detection/downsampled/PHerc1667-20240304144031-2.399um-0.22m-78keV-volume-20251217075048-20260417190342-new_canon_autoresearch_recipe-tile256-stride128-ds8.jpg,PHerc1667,20240304144031-w018_20240304144031_flatboi,canon,6,8,1024,311,123,123,0.9666,0.9695,56,54,547.0,569.5,0.182,0.1813
PHerc1667/segments/20240304144031-w018_20240304144031_flatboi/ink-detection/downsampled/PHerc1667-20240304144031-2.399um-0.22m-78keV-volume-20251217075048-20260417190342-new_canon_autoresearch_recipe-tile256-stride128-ds8.jpg,PHerc1667,20240304144031-w018_20240304144031_flatboi,canon,6,9,1024,311,123,123,0.9291,0.933,70,67,547.0,569.5,0.1532,0.1532
PHerc1667/segments/20240304144031-w018_20240304144031_flatboi/ink-detection/downsampled/PHerc1667-20240304144031-2.399um-0.22m-78keV-volume-20251217075048-20260417190342-new_canon_autoresearch_recipe-tile256-stride128-ds8.jpg,PHerc1667,20240304144031-w018_20240304144031_flatboi,canon,6,10,1024,311,123,123,0.8687,0.879,73,71,633.3,632.8,0.1356,0.1344
PHerc1667/segments/20240304144031-w018_20240304144031_flatboi/ink-detection/downsampled/PHerc1667-20240304144031-2.399um-0.22m-78keV-volume-20251217075048-20260417190342-new_canon_autoresearch_recipe-tile256-stride128-ds8.jpg,PHerc1667,20240304144031-w018_20240304144031_flatboi,canon,6,11,1024,311,123,123,0.8192,0.8224,85,85,460.6,443.0,0.1204,0.12
PHerc1667/segments/20240304144031-w018_20240304144031_flatboi/ink-detection/downsampled/PHerc1667-20240304144031-2.399um-0.22m-78keV-volume-20251217075048-20260417190342-new_canon_autoresearch_recipe-tile256-stride128-ds8.jpg,PHerc1667,20240304144031-w018_20240304144031_flatboi,canon,6,12,1024,311,123,123,0.6807,0.6854,100,94,460.6,474.6,0.0865,0.0856
PHerc1667/segments/20240304144031-w018_20240304144031_flatboi/ink-detection/downsampled/PHerc1667-20240304144031-2.399um-0.22m-78keV-volume-20251217075048-20260417190342-new_canon_autoresearch_recipe-tile256-stride128-ds8.jpg,PHerc1667,20240304144031-w018_20240304144031_flatboi,canon,6,13,1024,311,123,123,0.8281,0.8299,97,90,575.8,569.5,0.1429,0.1401
PHerc1667/segments/20240304144031-w018_20240304144031_flatboi/ink-detection/downsampled/PHerc1667-20240304144031-2.399um-0.22m-78keV-volume-20251217075048-20260417190342-new_canon_autoresearch_recipe-tile256-stride128-ds8.jpg,PHerc1667,20240304144031-w018_20240304144031_flatboi,canon,6,14,1024,311,123,123,0.8507,0.8464,122,113,556.6,569.5,0.186,0.1858
PHerc1667/segments/20240304144031-w018_20240304144031_flatboi/ink-detection/downsampled/PHerc1667-20240304144031-2.399um-0.22m-78keV-volume-20251217075048-20260417190342-new_canon_autoresearch_recipe-tile256-stride128-ds8.jpg,PHerc1667,20240304144031-w018_20240304144031_flatboi,canon,6,15,1024,311,123,123,0.8516,0.8511,123,120,518.2,506.2,0.1842,0.1842
PHerc1667/segments/20240304144031-w018_20240304144031_flatboi/ink-detection/downsampled/PHerc1667-20240304144031-2.399um-0.22m-78keV-volume-20251217075048-20260417190342-new_canon_autoresearch_recipe-tile256-stride128-ds8.jpg,PHerc1667,20240304144031-w018_20240304144031_flatboi,canon,6,16,1024,311,123,123,0.9103,0.9041,91,88,518.2,569.5,0.194,0.1964
PHerc1667/segments/20240304144031-w018_20240304144031_flatboi/ink-detection/downsampled/PHerc1667-20240304144031-2.399um-0.22m-78keV-volume-20251217075048-20260417190342-new_canon_autoresearch_recipe-tile256-stride128-ds8.jpg,PHerc1667,20240304144031-w018_20240304144031_flatboi,canon,6,17,1024,311,123,123,0.9447,0.9443,62,55,431.8,569.5,0.1838,0.1838
PHerc1667/segments/20240304144031-w018_20240304144031_flatboi/ink-detection/downsampled/PHerc1667-20240304144031-2.399um-0.22m-78keV-volume-20251217075048-20260417190342-new_canon_autoresearch_recipe-tile256-stride128-ds8.jpg,PHerc1667,20240304144031-w018_20240304144031_flatboi,canon,6,18,1024,311,123,123,0.9179,0.9168,61,60,595.0,569.5,0.1512,0.1505
PHerc1667/segments/20240304144031-w018_20240304144031_flatboi/ink-detection/downsampled/PHerc1667-20240304144031-2.399um-0.22m-78keV-volume-20251217075048-20260417190342-new_canon_autoresearch_recipe-tile256-stride128-ds8.jpg,PHerc1667,20240304144031-w018_20240304144031_flatboi,canon,6,19,1024,311,123,123,0.7867,0.7778,56,58,566.2,537.9,0.0722,0.0729
PHerc1667/segments/20240304144031-w018_20240304144031_flatboi/ink-detection/downsampled/PHerc1667-20240304144031-2.399um-0.22m-78keV-volume-20251217075048-20260417190342-new_canon_autoresearch_recipe-tile256-stride128-ds8.jpg,PHerc1667,20240304144031-w018_20240304144031_flatboi,canon,6,20,1024,311,123,123,0.7772,0.7698,60,59,489.4,443.0,0.0715,0.0689
PHerc1667/segments/20240304144031-w018_20240304144031_flatboi/ink-detection/downsampled/PHerc1667-20240304144031-2.399um-0.22m-78keV-volume-20251217075048-20260417190342-new_canon_autoresearch_recipe-tile256-stride128-ds8.jpg,PHerc1667,20240304144031-w018_20240304144031_flatboi,canon,6,21,1024,311,123,123,0.869,0.8514,73,70,499.0,474.6,0.121,0.1213
PHerc1667/segments/20240304144031-w018_20240304144031_flatboi/ink-detection/downsampled/PHerc1667-20240304144031-2.399um-0.22m-78keV-volume-20251217075048-20260417190342-new_canon_autoresearch_recipe-tile256-stride128-ds8.jpg,PHerc1667,20240304144031-w018_20240304144031_flatboi,canon,7,0,1024,311,123,123,0.7309,0.7303,114,102,403.0,379.7,0.0848,0.0847
PHerc1667/segments/20240304144031-w018_20240304144031_flatboi/ink-detection/downsampled/PHerc1667-20240304144031-2.399um-0.22m-78keV-volume-20251217075048-20260417190342-new_canon_autoresearch_recipe-tile256-stride128-ds8.jpg,PHerc1667,20240304144031-w018_20240304144031_flatboi,canon,7,1,1024,311,123,123,0.7706,0.7751,77,73,364.6,379.7,0.0647,0.0646
PHerc1667/segments/20240304144031-w018_20240304144031_flatboi/ink-detection/downsampled/PHerc1667-20240304144031-2.399um-0.22m-78keV-volume-20251217075048-20260417190342-new_canon_autoresearch_recipe-tile256-stride128-ds8.jpg,PHerc1667,20240304144031-w018_20240304144031_flatboi,canon,7,2,1024,311,123,123,0.8014,0.7932,55,52,403.0,443.0,0.0577,0.0572
PHerc1667/segments/20240304144031-w018_20240304144031_flatboi/ink-detection/downsampled/PHerc1667-20240304144031-2.399um-0.22m-78keV-volume-20251217075048-20260417190342-new_canon_autoresearch_recipe-tile256-stride128-ds8.jpg,PHerc1667,20240304144031-w018_20240304144031_flatboi,canon,7,3,1024,311,123,123,0.7052,0.7064,64,61,431.8,443.0,0.0493,0.0496
PHerc1667/segments/20240304144031-w018_20240304144031_flatboi/ink-detection/downsampled/PHerc1667-20240304144031-2.399um-0.22m-78keV-volume-20251217075048-20260417190342-new_canon_autoresearch_recipe-tile256-stride128-ds8.jpg,PHerc1667,20240304144031-w018_20240304144031_flatboi,canon,7,4,1024,311,123,123,0.5454,0.5469,76,71,451.0,443.0,0.0426,0.0433
PHerc1667/segments/20240304144031-w018_20240304144031_flatboi/ink-detection/downsampled/PHerc1667-20240304144031-2.399um-0.22m-78keV-volume-20251217075048-20260417190342-new_canon_autoresearch_recipe-tile256-stride128-ds8.jpg,PHerc1667,20240304144031-w018_20240304144031_flatboi,canon,7,5,1024,311,123,123,0.5192,0.5163,77,73,441.4,443.0,0.0431,0.0428
PHerc1667/segments/20240304144031-w018_20240304144031_flatboi/ink-detection/downsampled/PHerc1667-20240304144031-2.399um-0.22m-78keV-volume-20251217075048-20260417190342-new_canon_autoresearch_recipe-tile256-stride128-ds8.jpg,PHerc1667,20240304144031-w018_20240304144031_flatboi,canon,7,6,1024,311,123,123,0.7097,0.7267,94,87,422.2,443.0,0.0697,0.0689
PHerc1667/segments/20240304144031-w018_20240304144031_flatboi/ink-detection/downsampled/PHerc1667-20240304144031-2.399um-0.22m-78keV-volume-20251217075048-20260417190342-new_canon_autoresearch_recipe-tile256-stride128-ds8.jpg,PHerc1667,20240304144031-w018_20240304144031_flatboi,canon,7,7,1024,311,123,123,0.7817,0.7849,121,109,441.4,443.0,0.1189,0.118
PHerc1667/segments/20240304144031-w018_20240304144031_flatboi/ink-detection/downsampled/PHerc1667-20240304144031-2.399um-0.22m-78keV-volume-20251217075048-20260417190342-new_canon_autoresearch_recipe-tile256-stride128-ds8.jpg,PHerc1667,20240304144031-w018_20240304144031_flatboi,canon,7,8,1024,311,123,123,0.8056,0.7956,132,121,470.2,506.2,0.1379,0.1367
PHerc1667/segments/20240304144031-w018_20240304144031_flatboi/ink-detection/downsampled/PHerc1667-20240304144031-2.399um-0.22m-78keV-volume-20251217075048-20260417190342-new_canon_autoresearch_recipe-tile256-stride128-ds8.jpg,PHerc1667,20240304144031-w018_20240304144031_flatboi,canon,7,9,1024,311,123,123,0.7647,0.7571,114,105,479.8,506.2,0.1053,0.1046
PHerc1667/segments/20240304144031-w018_20240304144031_flatboi/ink-detection/downsampled/PHerc1667-20240304144031-2.399um-0.22m-78keV-volume-20251217075048-20260417190342-new_canon_autoresearch_recipe-tile256-stride128-ds8.jpg,PHerc1667,20240304144031-w018_20240304144031_flatboi,canon,7,10,1024,311,123,123,0.609,0.6004,98,93,479.8,506.2,0.0733,0.0737
PHerc1667/segments/20240304144031-w018_20240304144031_flatboi/ink-detection/downsampled/PHerc1667-20240304144031-2.399um-0.22m-78keV-volume-20251217075048-20260417190342-new_canon_autoresearch_recipe-tile256-stride128-ds8.jpg,PHerc1667,20240304144031-w018_20240304144031_flatboi,canon,7,11,1024,311,123,123,0.4732,0.4904,92,87,431.8,443.0,0.0534,0.0547
PHerc1667/segments/20240304144031-w018_20240304144031_flatboi/ink-detection/downsampled/PHerc1667-20240304144031-2.399um-0.22m-78keV-volume-20251217075048-20260417190342-new_canon_autoresearch_recipe-tile256-stride128-ds8.jpg,PHerc1667,20240304144031-w018_20240304144031_flatboi,canon,7,12,1024,311,123,123,0.4724,0.4717,91,83,403.0,379.7,0.0401,0.0396
PHerc1667/segments/20240304144031-w018_20240304144031_flatboi/ink-detection/downsampled/PHerc1667-20240304144031-2.399um-0.22m-78keV-volume-20251217075048-20260417190342-new_canon_autoresearch_recipe-tile256-stride128-ds8.jpg,PHerc1667,20240304144031-w018_20240304144031_flatboi,canon,7,13,1024,311,123,123,0.6953,0.6622,86,83,470.2,443.0,0.0669,0.0653
PHerc1667/segments/20240304144031-w018_20240304144031_flatboi/ink-detection/downsampled/PHerc1667-20240304144031-2.399um-0.22m-78keV-volume-20251217075048-20260417190342-new_canon_autoresearch_recipe-tile256-stride128-ds8.jpg,PHerc1667,20240304144031-w018_20240304144031_flatboi,canon,7,14,1024,311,123,123,0.6597,0.6144,96,93,499.0,506.2,0.0707,0.0726
PHerc1667/segments/20240304144031-w018_20240304144031_flatboi/ink-detection/downsampled/PHerc1667-20240304144031-2.399um-0.22m-78keV-volume-20251217075048-20260417190342-new_canon_autoresearch_recipe-tile256-stride128-ds8.jpg,PHerc1667,20240304144031-w018_20240304144031_flatboi,canon,7,15,1024,311,123,123,0.6051,0.6154,100,97,479.8,506.2,0.0639,0.0667
PHerc1667/segments/20240304144031-w018_20240304144031_flatboi/ink-detection/downsampled/PHerc1667-20240304144031-2.399um-0.22m-78keV-volume-20251217075048-20260417190342-new_canon_autoresearch_recipe-tile256-stride128-ds8.jpg,PHerc1667,20240304144031-w018_20240304144031_flatboi,canon,7,16,1024,311,123,123,0.7588,0.7506,90,85,460.6,443.0,0.0792,0.0808
PHerc1667/segments/20240304144031-w018_20240304144031_flatboi/ink-detection/downsampled/PHerc1667-20240304144031-2.399um-0.22m-78keV-volume-20251217075048-20260417190342-new_canon_autoresearch_recipe-tile256-stride128-ds8.jpg,PHerc1667,20240304144031-w018_20240304144031_flatboi,canon,7,17,1024,311,123,123,0.8307,0.7986,71,65,383.8,443.0,0.0757,0.0754
PHerc1667/segments/20240304144031-w018_20240304144031_flatboi/ink-detection/downsampled/PHerc1667-20240304144031-2.399um-0.22m-78keV-volume-20251217075048-20260417190342-new_canon_autoresearch_recipe-tile256-stride128-ds8.jpg,PHerc1667,20240304144031-w018_20240304144031_flatboi,canon,7,18,1024,311,123,123,0.7933,0.7914,62,60,460.6,443.0,0.0663,0.0664
PHerc1667/segments/20240304144031-w018_20240304144031_flatboi/ink-detection/downsampled/PHerc1667-20240304144031-2.399um-0.22m-78keV-volume-20251217075048-20260417190342-new_canon_autoresearch_recipe-tile256-stride128-ds8.jpg,PHerc1667,20240304144031-w018_20240304144031_flatboi,canon,7,19,1024,311,123,123,0.6563,0.6653,50,50,499.0,474.6,0.0413,0.0423
PHerc1667/segments/20240304144031-w018_20240304144031_flatboi/ink-detection/downsampled/PHerc1667-20240304144031-2.399um-0.22m-78keV-volume-20251217075048-20260417190342-new_canon_autoresearch_recipe-tile256-stride128-ds8.jpg,PHerc1667,20240304144031-w018_20240304144031_flatboi,canon,7,20,1024,311,123,123,0.4253,0.4418,63,57,441.4,443.0,0.0295,0.029
PHerc1667/segments/20240304144031-w018_20240304144031_flatboi/ink-detection/downsampled/PHerc1667-20240304144031-2.399um-0.22m-78keV-volume-20251217075048-20260417190342-new_canon_autoresearch_recipe-tile256-stride128-ds8.jpg,PHerc1667,20240304144031-w018_20240304144031_flatboi,canon,7,21,1024,311,123,123,0.4367,0.3555,87,82,403.0,411.3,0.0373,0.0383
PHerc1667/segments/20240304144031-w018_20240304144031_flatboi/ink-detection/downsampled/PHerc1667-20240304144031-2.399um-0.22m-78keV-volume-20251217075048-20260417190342-new_canon_autoresearch_recipe-tile256-stride128-ds8.jpg,PHerc1667,20240304144031-w018_20240304144031_flatboi,canon,8,0,1024,311,123,123,0.3973,0.3552,112,107,383.8,379.7,0.0443,0.044
PHerc1667/segments/20240304144031-w018_20240304144031_flatboi/ink-detection/downsampled/PHerc1667-20240304144031-2.399um-0.22m-78keV-volume-20251217075048-20260417190342-new_canon_autoresearch_recipe-tile256-stride128-ds8.jpg,PHerc1667,20240304144031-w018_20240304144031_flatboi,canon,8,1,1024,311,123,123,0.1876,0.19,72,67,326.3,316.4,0.0184,0.0181
PHerc1667/segments/20240304144031-w018_20240304144031_flatboi/ink-detection/downsampled/PHerc1667-20240304144031-2.399um-0.22m-78keV-volume-20251217075048-20260417190342-new_canon_autoresearch_recipe-tile256-stride128-ds8.jpg,PHerc1667,20240304144031-w018_20240304144031_flatboi,canon,8,2,1024,311,123,123,0.2712,0.2751,57,52,326.3,316.4,0.0161,0.0157
PHerc1667/segments/20240304144031-w018_20240304144031_flatboi/ink-detection/downsampled/PHerc1667-20240304144031-2.399um-0.22m-78keV-volume-20251217075048-20260417190342-new_canon_autoresearch_recipe-tile256-stride128-ds8.jpg,PHerc1667,20240304144031-w018_20240304144031_flatboi,canon,8,3,1024,311,123,123,0.2763,0.2779,82,74,355.1,411.3,0.0258,0.0255
PHerc1667/segments/20240304144031-w018_20240304144031_flatboi/ink-detection/downsampled/PHerc1667-20240304144031-2.399um-0.22m-78keV-volume-20251217075048-20260417190342-new_canon_autoresearch_recipe-tile256-stride128-ds8.jpg,PHerc1667,20240304144031-w018_20240304144031_flatboi,canon,8,4,1024,311,123,123,0.2614,0.2603,100,93,403.0,443.0,0.0383,0.038
PHerc1667/segments/20240304144031-w018_20240304144031_flatboi/ink-detection/downsampled/PHerc1667-20240304144031-2.399um-0.22m-78keV-volume-20251217075048-20260417190342-new_canon_autoresearch_recipe-tile256-stride128-ds8.jpg,PHerc1667,20240304144031-w018_20240304144031_flatboi,canon,8,5,1024,311,123,123,0.2126,0.2106,94,90,422.2,379.7,0.0349,0.0349
PHerc1667/segments/20240304144031-w018_20240304144031_flatboi/ink-detection/downsampled/PHerc1667-20240304144031-2.399um-0.22m-78keV-volume-20251217075048-20260417190342-new_canon_autoresearch_recipe-tile256-stride128-ds8.jpg,PHerc1667,20240304144031-w018_20240304144031_flatboi,canon,8,6,1024,311,123,123,0.3575,0.3589,97,92,422.2,443.0,0.0392,0.0387
PHerc1667/segments/20240304144031-w018_20240304144031_flatboi/ink-detection/downsampled/PHerc1667-20240304144031-2.399um-0.22m-78keV-volume-20251217075048-20260417190342-new_canon_autoresearch_recipe-tile256-stride128-ds8.jpg,PHerc1667,20240304144031-w018_20240304144031_flatboi,canon,8,7,1024,311,123,123,0.5023,0.4832,158,148,479.8,506.2,0.0842,0.0831
PHerc1667/segments/20240304144031-w018_20240304144031_flatboi/ink-detection/downsampled/PHerc1667-20240304144031-2.399um-0.22m-78keV-volume-20251217075048-20260417190342-new_canon_autoresearch_recipe-tile256-stride128-ds8.jpg,PHerc1667,20240304144031-w018_20240304144031_flatboi,canon,8,8,1024,311,123,123,0.5492,0.5369,184,171,422.2,443.0,0.1043,0.1035
PHerc1667/segments/20240304144031-w018_20240304144031_flatboi/ink-detection/downsampled/PHerc1667-20240304144031-2.399um-0.22m-78keV-volume-20251217075048-20260417190342-new_canon_autoresearch_recipe-tile256-stride128-ds8.jpg,PHerc1667,20240304144031-w018_20240304144031_flatboi,canon,8,9,1024,311,123,123,0.5659,0.5467,125,113,403.0,443.0,0.0659,0.0649
PHerc1667/segments/20240304144031-w018_20240304144031_flatboi/ink-detection/downsampled/PHerc1667-20240304144031-2.399um-0.22m-78keV-volume-20251217075048-20260417190342-new_canon_autoresearch_recipe-tile256-stride128-ds8.jpg,PHerc1667,20240304144031-w018_20240304144031_flatboi,canon,8,10,1024,311,123,123,0.4552,0.4046,75,72,441.4,443.0,0.0317,0.0317
PHerc1667/segments/20240304144031-w018_20240304144031_flatboi/ink-detection/downsampled/PHerc1667-20240304144031-2.399um-0.22m-78keV-volume-20251217075048-20260417190342-new_canon_autoresearch_recipe-tile256-stride128-ds8.jpg,PHerc1667,20240304144031-w018_20240304144031_flatboi,canon,8,11,1024,311,123,123,0.3042,0.3161,58,54,393.4,379.7,0.02,0.0203
PHerc1667/segments/20240304144031-w018_20240304144031_flatboi/ink-detection/downsampled/PHerc1667-20240304144031-2.399um-0.22m-78keV-volume-20251217075048-20260417190342-new_canon_autoresearch_recipe-tile256-stride128-ds8.jpg,PHerc1667,20240304144031-w018_20240304144031_flatboi,canon,8,12,1024,311,123,123,0.0648,0.0664,60,55,345.5,316.4,0.013,0.0125
PHerc1667/segments/20240304144031-w018_20240304144031_flatboi/ink-detection/downsampled/PHerc1667-20240304144031-2.399um-0.22m-78keV-volume-20251217075048-20260417190342-new_canon_autoresearch_recipe-tile256-stride128-ds8.jpg,PHerc1667,20240304144031-w018_20240304144031_flatboi,canon,8,13,1024,311,123,123,0.1385,0.0419,64,64,383.8,316.4,0.0196,0.0197
PHerc1667/segments/20240304144031-w018_20240304144031_flatboi/ink-detection/downsampled/PHerc1667-20240304144031-2.399um-0.22m-78keV-volume-20251217075048-20260417190342-new_canon_autoresearch_recipe-tile256-stride128-ds8.jpg,PHerc1667,20240304144031-w018_20240304144031_flatboi,canon,8,14,1024,311,123,123,0.1819,0.0577,51,50,364.6,411.3,0.0159,0.0172
PHerc1667/segments/20240304144031-w018_20240304144031_flatboi/ink-detection/downsampled/PHerc1667-20240304144031-2.399um-0.22m-78keV-volume-20251217075048-20260417190342-new_canon_autoresearch_recipe-tile256-stride128-ds8.jpg,PHerc1667,20240304144031-w018_20240304144031_flatboi,canon,8,15,1024,311,123,123,0.1169,0.1135,39,36,326.3,316.4,0.0087,0.0087
PHerc1667/segments/20240304144031-w018_20240304144031_flatboi/ink-detection/downsampled/PHerc1667-20240304144031-2.399um-0.22m-78keV-volume-20251217075048-20260417190342-new_canon_autoresearch_recipe-tile256-stride128-ds8.jpg,PHerc1667,20240304144031-w018_20240304144031_flatboi,canon,8,16,1024,311,123,123,0.0912,0.0977,61,55,287.9,316.4,0.0129,0.0124
PHerc1667/segments/20240304144031-w018_20240304144031_flatboi/ink-detection/downsampled/PHerc1667-20240304144031-2.399um-0.22m-78keV-volume-20251217075048-20260417190342-new_canon_autoresearch_recipe-tile256-stride128-ds8.jpg,PHerc1667,20240304144031-w018_20240304144031_flatboi,canon,8,17,1024,311,123,123,0.3821,0.2867,59,56,268.7,253.1,0.0154,0.0154
PHerc1667/segments/20240304144031-w018_20240304144031_flatboi/ink-detection/downsampled/PHerc1667-20240304144031-2.399um-0.22m-78keV-volume-20251217075048-20260417190342-new_canon_autoresearch_recipe-tile256-stride128-ds8.jpg,PHerc1667,20240304144031-w018_20240304144031_flatboi,canon,8,18,1024,311,123,123,0.4314,0.4877,36,34,307.1,316.4,0.0109,0.0117
PHerc1667/segments/20240304144031-w018_20240304144031_flatboi/ink-detection/downsampled/PHerc1667-20240304144031-2.399um-0.22m-78keV-volume-20251217075048-20260417190342-new_canon_autoresearch_recipe-tile256-stride128-ds8.jpg,PHerc1667,20240304144031-w018_20240304144031_flatboi,canon,8,19,1024,311,123,123,0.1588,0.3055,25,24,345.5,411.3,0.0063,0.0079
PHerc1667/segments/20240304144031-w018_20240304144031_flatboi/ink-detection/downsampled/PHerc1667-20240304144031-2.399um-0.22m-78keV-volume-20251217075048-20260417190342-new_canon_autoresearch_recipe-tile256-stride128-ds8.jpg,PHerc1667,20240304144031-w018_20240304144031_flatboi,canon,8,20,1024,311,123,123,0.306,0.2642,47,40,383.8,411.3,0.0142,0.0144
PHerc1667/segments/20240304144031-w018_20240304144031_flatboi/ink-detection/downsampled/PHerc1667-20240304144031-2.399um-0.22m-78keV-volume-20251217075048-20260417190342-new_canon_autoresearch_recipe-tile256-stride128-ds8.jpg,PHerc1667,20240304144031-w018_20240304144031_flatboi,canon,8,21,1024,311,123,123,0.243,0.1521,78,69,393.4,379.7,0.0259,0.0255
PHerc1667/segments/20240304161941-w023_20240304161941_flatboi/ink-detection/downsampled/PHerc1667-20240304161941-2.399um-0.22m-78keV-volume-20251217075048-20260417190342-new_canon_autoresearch_recipe-tile256-stride128-ds8.jpg,PHerc1667,20240304161941-w023_20240304161941_flatboi,canon,0,3,1024,311,120,120,0.7322,0.7546,114,105,441.4,506.2,0.1045,0.1042
PHerc1667/segments/20240304161941-w023_20240304161941_flatboi/ink-detection/downsampled/PHerc1667-20240304161941-2.399um-0.22m-78keV-volume-20251217075048-20260417190342-new_canon_autoresearch_recipe-tile256-stride128-ds8.jpg,PHerc1667,20240304161941-w023_20240304161941_flatboi,canon,0,4,1024,311,120,120,0.7682,0.7701,120,114,547.0,569.5,0.1405,0.1403
PHerc1667/segments/20240304161941-w023_20240304161941_flatboi/ink-detection/downsampled/PHerc1667-20240304161941-2.399um-0.22m-78keV-volume-20251217075048-20260417190342-new_canon_autoresearch_recipe-tile256-stride128-ds8.jpg,PHerc1667,20240304161941-w023_20240304161941_flatboi,canon,0,5,1024,311,120,120,0.6581,0.6427,130,122,518.2,506.2,0.1069,0.1073
PHerc1667/segments/20240304161941-w023_20240304161941_flatboi/ink-detection/downsampled/PHerc1667-20240304161941-2.399um-0.22m-78keV-volume-20251217075048-20260417190342-new_canon_autoresearch_recipe-tile256-stride128-ds8.jpg,PHerc1667,20240304161941-w023_20240304161941_flatboi,canon,0,8,1024,311,120,120,0.6899,0.6971,73,69,614.1,632.8,0.0781,0.077
PHerc1667/segments/20240304161941-w023_20240304161941_flatboi/ink-detection/downsampled/PHerc1667-20240304161941-2.399um-0.22m-78keV-volume-20251217075048-20260417190342-new_canon_autoresearch_recipe-tile256-stride128-ds8.jpg,PHerc1667,20240304161941-w023_20240304161941_flatboi,canon,0,9,1024,311,120,120,0.6398,0.6304,104,100,575.8,569.5,0.0955,0.0942
PHerc1667/segments/20240304161941-w023_20240304161941_flatboi/ink-detection/downsampled/PHerc1667-20240304161941-2.399um-0.22m-78keV-volume-20251217075048-20260417190342-new_canon_autoresearch_recipe-tile256-stride128-ds8.jpg,PHerc1667,20240304161941-w023_20240304161941_flatboi,canon,0,10,1024,311,120,120,0.743,0.7474,116,104,547.0,569.5,0.1262,0.1258
PHerc1667/segments/20240304161941-w023_20240304161941_flatboi/ink-detection/downsampled/PHerc1667-20240304161941-2.399um-0.22m-78keV-volume-20251217075048-20260417190342-new_canon_autoresearch_recipe-tile256-stride128-ds8.jpg,PHerc1667,20240304161941-w023_20240304161941_flatboi,canon,0,11,1024,311,120,120,0.7965,0.8059,86,78,556.6,569.5,0.1082,0.1089
PHerc1667/segments/20240304161941-w023_20240304161941_flatboi/ink-detection/downsampled/PHerc1667-20240304161941-2.399um-0.22m-78keV-volume-20251217075048-20260417190342-new_canon_autoresearch_recipe-tile256-stride128-ds8.jpg,PHerc1667,20240304161941-w023_20240304161941_flatboi,canon,0,14,1024,311,120,120,0.8105,0.8123,71,58,403.0,506.2,0.0751,0.0744
PHerc1667/segments/20240304161941-w023_20240304161941_flatboi/ink-detection/downsampled/PHerc1667-20240304161941-2.399um-0.22m-78keV-volume-20251217075048-20260417190342-new_canon_autoresearch_recipe-tile256-stride128-ds8.jpg,PHerc1667,20240304161941-w023_20240304161941_flatboi,canon,0,15,1024,311,120,120,0.883,0.8827,87,71,460.6,569.5,0.1223,0.1225
PHerc1667/segments/20240304161941-w023_20240304161941_flatboi/ink-detection/downsampled/PHerc1667-20240304161941-2.399um-0.22m-78keV-volume-20251217075048-20260417190342-new_canon_autoresearch_recipe-tile256-stride128-ds8.jpg,PHerc1667,20240304161941-w023_20240304161941_flatboi,canon,0,16,1024,311,120,120,0.8326,0.8435,76,69,499.0,569.5,0.1165,0.1161
PHerc1667/segments/20240304161941-w023_20240304161941_flatboi/ink-detection/downsampled/PHerc1667-20240304161941-2.399um-0.22m-78keV-volume-20251217075048-20260417190342-new_canon_autoresearch_recipe-tile256-stride128-ds8.jpg,PHerc1667,20240304161941-w023_20240304161941_flatboi,canon,0,19,1024,311,120,120,0.7876,0.7767,69,65,441.4,443.0,0.0868,0.0874
PHerc1667/segments/20240304161941-w023_20240304161941_flatboi/ink-detection/downsampled/PHerc1667-20240304161941-2.399um-0.22m-78keV-volume-20251217075048-20260417190342-new_canon_autoresearch_recipe-tile256-stride128-ds8.jpg,PHerc1667,20240304161941-w023_20240304161941_flatboi,canon,0,20,1024,311,120,120,0.7442,0.747,78,75,441.4,443.0,0.0779,0.0779
PHerc1667/segments/20240304161941-w023_20240304161941_flatboi/ink-detection/downsampled/PHerc1667-20240304161941-2.399um-0.22m-78keV-volume-20251217075048-20260417190342-new_canon_autoresearch_recipe-tile256-stride128-ds8.jpg,PHerc1667,20240304161941-w023_20240304161941_flatboi,canon,0,21,1024,311,120,120,0.7311,0.7173,88,84,441.4,443.0,0.0858,0.0799
PHerc1667/segments/20240304161941-w023_20240304161941_flatboi/ink-detection/downsampled/PHerc1667-20240304161941-2.399um-0.22m-78keV-volume-20251217075048-20260417190342-new_canon_autoresearch_recipe-tile256-stride128-ds8.jpg,PHerc1667,20240304161941-w023_20240304161941_flatboi,canon,1,0,1024,311,120,120,0.7565,0.7571,102,100,499.0,506.2,0.1039,0.1038
PHerc1667/segments/20240304161941-w023_20240304161941_flatboi/ink-detection/downsampled/PHerc1667-20240304161941-2.399um-0.22m-78keV-volume-20251217075048-20260417190342-new_canon_autoresearch_recipe-tile256-stride128-ds8.jpg,PHerc1667,20240304161941-w023_20240304161941_flatboi,canon,1,1,1024,311,120,120,0.8266,0.8378,93,89,518.2,506.2,0.123,0.1226
PHerc1667/segments/20240304161941-w023_20240304161941_flatboi/ink-detection/downsampled/PHerc1667-20240304161941-2.399um-0.22m-78keV-volume-20251217075048-20260417190342-new_canon_autoresearch_recipe-tile256-stride128-ds8.jpg,PHerc1667,20240304161941-w023_20240304161941_flatboi,canon,1,2,1024,311,120,120,0.8376,0.8387,102,95,441.4,506.2,0.1341,0.1336
PHerc1667/segments/20240304161941-w023_20240304161941_flatboi/ink-detection/downsampled/PHerc1667-20240304161941-2.399um-0.22m-78keV-volume-20251217075048-20260417190342-new_canon_autoresearch_recipe-tile256-stride128-ds8.jpg,PHerc1667,20240304161941-w023_20240304161941_flatboi,canon,1,3,1024,311,120,120,0.7654,0.7602,148,141,479.8,506.2,0.1644,0.1635
PHerc1667/segments/20240304161941-w023_20240304161941_flatboi/ink-detection/downsampled/PHerc1667-20240304161941-2.399um-0.22m-78keV-volume-20251217075048-20260417190342-new_canon_autoresearch_recipe-tile256-stride128-ds8.jpg,PHerc1667,20240304161941-w023_20240304161941_flatboi,canon,1,4,1024,311,120,120,0.7465,0.7478,172,167,556.6,569.5,0.2065,0.2057
PHerc1667/segments/20240304161941-w023_20240304161941_flatboi/ink-detection/downsampled/PHerc1667-20240304161941-2.399um-0.22m-78keV-volume-20251217075048-20260417190342-new_canon_autoresearch_recipe-tile256-stride128-ds8.jpg,PHerc1667,20240304161941-w023_20240304161941_flatboi,canon,1,5,1024,311,120,120,0.6287,0.6189,164,153,537.4,569.5,0.1382,0.1386
PHerc1667/segments/20240304161941-w023_20240304161941_flatboi/ink-detection/downsampled/PHerc1667-20240304161941-2.399um-0.22m-78keV-volume-20251217075048-20260417190342-new_canon_autoresearch_recipe-tile256-stride128-ds8.jpg,PHerc1667,20240304161941-w023_20240304161941_flatboi,canon,1,6,1024,311,120,120,0.5436,0.5024,139,125,441.4,506.2,0.0824,0.0819
PHerc1667/segments/20240304161941-w023_20240304161941_flatboi/ink-detection/downsampled/PHerc1667-20240304161941-2.399um-0.22m-78keV-volume-20251217075048-20260417190342-new_canon_autoresearch_recipe-tile256-stride128-ds8.jpg,PHerc1667,20240304161941-w023_20240304161941_flatboi,canon,1,7,1024,311,120,120,0.7506,0.758,111,106,518.2,506.2,0.1145,0.1132
PHerc1667/segments/20240304161941-w023_20240304161941_flatboi/ink-detection/downsampled/PHerc1667-20240304161941-2.399um-0.22m-78keV-volume-20251217075048-20260417190342-new_canon_autoresearch_recipe-tile256-stride128-ds8.jpg,PHerc1667,20240304161941-w023_20240304161941_flatboi,canon,1,8,1024,311,120,120,0.722,0.7315,109,105,614.1,632.8,0.1177,0.1161
PHerc1667/segments/20240304161941-w023_20240304161941_flatboi/ink-detection/downsampled/PHerc1667-20240304161941-2.399um-0.22m-78keV-volume-20251217075048-20260417190342-new_canon_autoresearch_recipe-tile256-stride128-ds8.jpg,PHerc1667,20240304161941-w023_20240304161941_flatboi,canon,1,9,1024,311,120,120,0.7574,0.7546,121,115,595.0,632.8,0.1504,0.149
PHerc1667/segments/20240304161941-w023_20240304161941_flatboi/ink-detection/downsampled/PHerc1667-20240304161941-2.399um-0.22m-78keV-volume-20251217075048-20260417190342-new_canon_autoresearch_recipe-tile256-stride128-ds8.jpg,PHerc1667,20240304161941-w023_20240304161941_flatboi,canon,1,10,1024,311,120,120,0.8039,0.8075,127,115,556.6,569.5,0.1779,0.1786
PHerc1667/segments/20240304161941-w023_20240304161941_flatboi/ink-detection/downsampled/PHerc1667-20240304161941-2.399um-0.22m-78keV-volume-20251217075048-20260417190342-new_canon_autoresearch_recipe-tile256-stride128-ds8.jpg,PHerc1667,20240304161941-w023_20240304161941_flatboi,canon,1,11,1024,311,120,120,0.8186,0.8163,115,105,556.6,569.5,0.1494,0.1505
PHerc1667/segments/20240304161941-w023_20240304161941_flatboi/ink-detection/downsampled/PHerc1667-20240304161941-2.399um-0.22m-78keV-volume-20251217075048-20260417190342-new_canon_autoresearch_recipe-tile256-stride128-ds8.jpg,PHerc1667,20240304161941-w023_20240304161941_flatboi,canon,1,12,1024,311,120,120,0.782,0.7736,100,94,556.6,569.5,0.1034,0.105
PHerc1667/segments/20240304161941-w023_20240304161941_flatboi/ink-detection/downsampled/PHerc1667-20240304161941-2.399um-0.22m-78keV-volume-20251217075048-20260417190342-new_canon_autoresearch_recipe-tile256-stride128-ds8.jpg,PHerc1667,20240304161941-w023_20240304161941_flatboi,canon,1,13,1024,311,120,120,0.5219,0.528,81,76,518.2,506.2,0.0466,0.0465
PHerc1667/segments/20240304161941-w023_20240304161941_flatboi/ink-detection/downsampled/PHerc1667-20240304161941-2.399um-0.22m-78keV-volume-20251217075048-20260417190342-new_canon_autoresearch_recipe-tile256-stride128-ds8.jpg,PHerc1667,20240304161941-w023_20240304161941_flatboi,canon,1,14,1024,311,120,120,0.7839,0.7886,83,70,460.6,537.9,0.0807,0.0798
PHerc1667/segments/20240304161941-w023_20240304161941_flatboi/ink-detection/downsampled/PHerc1667-20240304161941-2.399um-0.22m-78keV-volume-20251217075048-20260417190342-new_canon_autoresearch_recipe-tile256-stride128-ds8.jpg,PHerc1667,20240304161941-w023_20240304161941_flatboi,canon,1,15,1024,311,120,120,0.8659,0.8676,102,93,518.2,569.5,0.1459,0.1448
PHerc1667/segments/20240304161941-w023_20240304161941_flatboi/ink-detection/downsampled/PHerc1667-20240304161941-2.399um-0.22m-78keV-volume-20251217075048-20260417190342-new_canon_autoresearch_recipe-tile256-stride128-ds8.jpg,PHerc1667,20240304161941-w023_20240304161941_flatboi,canon,1,16,1024,311,120,120,0.8497,0.8521,88,83,518.2,569.5,0.1452,0.1445
PHerc1667/segments/20240304161941-w023_20240304161941_flatboi/ink-detection/downsampled/PHerc1667-20240304161941-2.399um-0.22m-78keV-volume-20251217075048-20260417190342-new_canon_autoresearch_recipe-tile256-stride128-ds8.jpg,PHerc1667,20240304161941-w023_20240304161941_flatboi,canon,1,17,1024,311,120,120,0.8007,0.8885,75,69,595.0,632.8,0.1427,0.1447
PHerc1667/segments/20240304161941-w023_20240304161941_flatboi/ink-detection/downsampled/PHerc1667-20240304161941-2.399um-0.22m-78keV-volume-20251217075048-20260417190342-new_canon_autoresearch_recipe-tile256-stride128-ds8.jpg,PHerc1667,20240304161941-w023_20240304161941_flatboi,canon,1,18,1024,311,120,120,0.7533,0.7431,81,72,575.8,632.8,0.1211,0.1218
PHerc1667/segments/20240304161941-w023_20240304161941_flatboi/ink-detection/downsampled/PHerc1667-20240304161941-2.399um-0.22m-78keV-volume-20251217075048-20260417190342-new_canon_autoresearch_recipe-tile256-stride128-ds8.jpg,PHerc1667,20240304161941-w023_20240304161941_flatboi,canon,1,19,1024,311,120,120,0.775,0.7661,95,89,460.6,506.2,0.1138,0.114
PHerc1667/segments/20240304161941-w023_20240304161941_flatboi/ink-detection/downsampled/PHerc1667-20240304161941-2.399um-0.22m-78keV-volume-20251217075048-20260417190342-new_canon_autoresearch_recipe-tile256-stride128-ds8.jpg,PHerc1667,20240304161941-w023_20240304161941_flatboi,canon,1,20,1024,311,120,120,0.6692,0.6758,112,107,479.8,506.2,0.0939,0.0942
PHerc1667/segments/20240304161941-w023_20240304161941_flatboi/ink-detection/downsampled/PHerc1667-20240304161941-2.399um-0.22m-78keV-volume-20251217075048-20260417190342-new_canon_autoresearch_recipe-tile256-stride128-ds8.jpg,PHerc1667,20240304161941-w023_20240304161941_flatboi,canon,1,21,1024,311,120,120,0.7032,0.6883,133,132,479.8,443.0,0.1222,0.1138
PHerc1667/segments/20240304161941-w023_20240304161941_flatboi/ink-detection/downsampled/PHerc1667-20240304161941-2.399um-0.22m-78keV-volume-20251217075048-20260417190342-new_canon_autoresearch_recipe-tile256-stride128-ds8.jpg,PHerc1667,20240304161941-w023_20240304161941_flatboi,canon,1,22,1024,311,120,120,0.8652,0.8675,119,115,422.2,443.0,0.1922,0.1892
PHerc1667/segments/20240304161941-w023_20240304161941_flatboi/ink-detection/downsampled/PHerc1667-20240304161941-2.399um-0.22m-78keV-volume-20251217075048-20260417190342-new_canon_autoresearch_recipe-tile256-stride128-ds8.jpg,PHerc1667,20240304161941-w023_20240304161941_flatboi,canon,2,0,1024,311,120,120,0.7466,0.7465,95,94,575.8,569.5,0.0888,0.0893
PHerc1667/segments/20240304161941-w023_20240304161941_flatboi/ink-detection/downsampled/PHerc1667-20240304161941-2.399um-0.22m-78keV-volume-20251217075048-20260417190342-new_canon_autoresearch_recipe-tile256-stride128-ds8.jpg,PHerc1667,20240304161941-w023_20240304161941_flatboi,canon,2,1,1024,311,120,120,0.5464,0.5592,103,99,575.8,569.5,0.1286,0.1287
PHerc1667/segments/20240304161941-w023_20240304161941_flatboi/ink-detection/downsampled/PHerc1667-20240304161941-2.399um-0.22m-78keV-volume-20251217075048-20260417190342-new_canon_autoresearch_recipe-tile256-stride128-ds8.jpg,PHerc1667,20240304161941-w023_20240304161941_flatboi,canon,2,2,1024,311,120,120,0.6089,0.6179,110,104,489.4,506.2,0.1523,0.1527
PHerc1667/segments/20240304161941-w023_20240304161941_flatboi/ink-detection/downsampled/PHerc1667-20240304161941-2.399um-0.22m-78keV-volume-20251217075048-20260417190342-new_canon_autoresearch_recipe-tile256-stride128-ds8.jpg,PHerc1667,20240304161941-w023_20240304161941_flatboi,canon,2,3,1024,311,120,120,0.838,0.833,131,122,479.8,506.2,0.1743,0.1741
PHerc1667/segments/20240304161941-w023_20240304161941_flatboi/ink-detection/downsampled/PHerc1667-20240304161941-2.399um-0.22m-78keV-volume-20251217075048-20260417190342-new_canon_autoresearch_recipe-tile256-stride128-ds8.jpg,PHerc1667,20240304161941-w023_20240304161941_flatboi,canon,2,4,1024,311,120,120,0.8436,0.7386,157,146,556.6,569.5,0.2518,0.2515
PHerc1667/segments/20240304161941-w023_20240304161941_flatboi/ink-detection/downsampled/PHerc1667-20240304161941-2.399um-0.22m-78keV-volume-20251217075048-20260417190342-new_canon_autoresearch_recipe-tile256-stride128-ds8.jpg,PHerc1667,20240304161941-w023_20240304161941_flatboi,canon,2,5,1024,311,120,120,0.7849,0.638,135,126,556.6,569.5,0.185,0.1861
PHerc1667/segments/20240304161941-w023_20240304161941_flatboi/ink-detection/downsampled/PHerc1667-20240304161941-2.399um-0.22m-78keV-volume-20251217075048-20260417190342-new_canon_autoresearch_recipe-tile256-stride128-ds8.jpg,PHerc1667,20240304161941-w023_20240304161941_flatboi,canon,2,6,1024,311,120,120,0.739,0.7222,116,110,499.0,537.9,0.1143,0.1135
PHerc1667/segments/20240304161941-w023_20240304161941_flatboi/ink-detection/downsampled/PHerc1667-20240304161941-2.399um-0.22m-78keV-volume-20251217075048-20260417190342-new_canon_autoresearch_recipe-tile256-stride128-ds8.jpg,PHerc1667,20240304161941-w023_20240304161941_flatboi,canon,2,7,1024,311,120,120,0.8177,0.8149,113,106,518.2,506.2,0.1417,0.1403
PHerc1667/segments/20240304161941-w023_20240304161941_flatboi/ink-detection/downsampled/PHerc1667-20240304161941-2.399um-0.22m-78keV-volume-20251217075048-20260417190342-new_canon_autoresearch_recipe-tile256-stride128-ds8.jpg,PHerc1667,20240304161941-w023_20240304161941_flatboi,canon,2,8,1024,311,120,120,0.8322,0.8397,108,101,518.2,506.2,0.1496,0.1493
PHerc1667/segments/20240304161941-w023_20240304161941_flatboi/ink-detection/downsampled/PHerc1667-20240304161941-2.399um-0.22m-78keV-volume-20251217075048-20260417190342-new_canon_autoresearch_recipe-tile256-stride128-ds8.jpg,PHerc1667,20240304161941-w023_20240304161941_flatboi,canon,2,9,1024,311,120,120,0.8372,0.8381,106,98,518.2,506.2,0.1517,0.1514
PHerc1667/segments/20240304161941-w023_20240304161941_flatboi/ink-detection/downsampled/PHerc1667-20240304161941-2.399um-0.22m-78keV-volume-20251217075048-20260417190342-new_canon_autoresearch_recipe-tile256-stride128-ds8.jpg,PHerc1667,20240304161941-w023_20240304161941_flatboi,canon,2,10,1024,311,120,120,0.8013,0.8001,96,89,518.2,506.2,0.128,0.1295
PHerc1667/segments/20240304161941-w023_20240304161941_flatboi/ink-detection/downsampled/PHerc1667-20240304161941-2.399um-0.22m-78keV-volume-20251217075048-20260417190342-new_canon_autoresearch_recipe-tile256-stride128-ds8.jpg,PHerc1667,20240304161941-w023_20240304161941_flatboi,canon,2,11,1024,311,120,120,0.7884,0.775,91,79,460.6,569.5,0.1015,0.1016
PHerc1667/segments/20240304161941-w023_20240304161941_flatboi/ink-detection/downsampled/PHerc1667-20240304161941-2.399um-0.22m-78keV-volume-20251217075048-20260417190342-new_canon_autoresearch_recipe-tile256-stride128-ds8.jpg,PHerc1667,20240304161941-w023_20240304161941_flatboi,canon,2,12,1024,311,120,120,0.7842,0.7674,80,74,499.0,537.9,0.0776,0.0779
PHerc1667/segments/20240304161941-w023_20240304161941_flatboi/ink-detection/downsampled/PHerc1667-20240304161941-2.399um-0.22m-78keV-volume-20251217075048-20260417190342-new_canon_autoresearch_recipe-tile256-stride128-ds8.jpg,PHerc1667,20240304161941-w023_20240304161941_flatboi,canon,2,13,1024,311,120,120,0.5467,0.5636,60,60,460.6,443.0,0.0348,0.0352
PHerc1667/segments/20240304161941-w023_20240304161941_flatboi/ink-detection/downsampled/PHerc1667-20240304161941-2.399um-0.22m-78keV-volume-20251217075048-20260417190342-new_canon_autoresearch_recipe-tile256-stride128-ds8.jpg,PHerc1667,20240304161941-w023_20240304161941_flatboi,canon,2,14,1024,311,120,120,0.7542,0.7596,73,65,460.6,506.2,0.0616,0.0605
PHerc1667/segments/20240304161941-w023_20240304161941_flatboi/ink-detection/downsampled/PHerc1667-20240304161941-2.399um-0.22m-78keV-volume-20251217075048-20260417190342-new_canon_autoresearch_recipe-tile256-stride128-ds8.jpg,PHerc1667,20240304161941-w023_20240304161941_flatboi,canon,2,15,1024,311,120,120,0.8694,0.8671,83,80,537.4,569.5,0.1203,0.1185
PHerc1667/segments/20240304161941-w023_20240304161941_flatboi/ink-detection/downsampled/PHerc1667-20240304161941-2.399um-0.22m-78keV-volume-20251217075048-20260417190342-new_canon_autoresearch_recipe-tile256-stride128-ds8.jpg,PHerc1667,20240304161941-w023_20240304161941_flatboi,canon,2,16,1024,311,120,120,0.8517,0.8004,69,62,537.4,569.5,0.1,0.0993
PHerc1667/segments/20240304161941-w023_20240304161941_flatboi/ink-detection/downsampled/PHerc1667-20240304161941-2.399um-0.22m-78keV-volume-20251217075048-20260417190342-new_canon_autoresearch_recipe-tile256-stride128-ds8.jpg,PHerc1667,20240304161941-w023_20240304161941_flatboi,canon,2,17,1024,311,120,120,0.744,0.8488,61,58,575.8,569.5,0.0912,0.0914
PHerc1667/segments/20240304161941-w023_20240304161941_flatboi/ink-detection/downsampled/PHerc1667-20240304161941-2.399um-0.22m-78keV-volume-20251217075048-20260417190342-new_canon_autoresearch_recipe-tile256-stride128-ds8.jpg,PHerc1667,20240304161941-w023_20240304161941_flatboi,canon,2,18,1024,311,120,120,0.7314,0.7435,69,63,537.4,506.2,0.0966,0.0966
PHerc1667/segments/20240304161941-w023_20240304161941_flatboi/ink-detection/downsampled/PHerc1667-20240304161941-2.399um-0.22m-78keV-volume-20251217075048-20260417190342-new_canon_autoresearch_recipe-tile256-stride128-ds8.jpg,PHerc1667,20240304161941-w023_20240304161941_flatboi,canon,2,19,1024,311,120,120,0.8033,0.806,86,78,441.4,506.2,0.0866,0.088
PHerc1667/segments/20240304161941-w023_20240304161941_flatboi/ink-detection/downsampled/PHerc1667-20240304161941-2.399um-0.22m-78keV-volume-20251217075048-20260417190342-new_canon_autoresearch_recipe-tile256-stride128-ds8.jpg,PHerc1667,20240304161941-w023_20240304161941_flatboi,canon,2,20,1024,311,120,120,0.6223,0.6278,100,91,460.6,506.2,0.0678,0.0683
PHerc1667/segments/20240304161941-w023_20240304161941_flatboi/ink-detection/downsampled/PHerc1667-20240304161941-2.399um-0.22m-78keV-volume-20251217075048-20260417190342-new_canon_autoresearch_recipe-tile256-stride128-ds8.jpg,PHerc1667,20240304161941-w023_20240304161941_flatboi,canon,2,21,1024,311,120,120,0.6582,0.6383,118,118,527.8,506.2,0.0981,0.091
PHerc1667/segments/20240304161941-w023_20240304161941_flatboi/ink-detection/downsampled/PHerc1667-20240304161941-2.399um-0.22m-78keV-volume-20251217075048-20260417190342-new_canon_autoresearch_recipe-tile256-stride128-ds8.jpg,PHerc1667,20240304161941-w023_20240304161941_flatboi,canon,2,22,1024,311,120,120,0.8353,0.8297,120,117,479.8,506.2,0.1567,0.1543
PHerc1667/segments/20240304161941-w023_20240304161941_flatboi/ink-detection/downsampled/PHerc1667-20240304161941-2.399um-0.22m-78keV-volume-20251217075048-20260417190342-new_canon_autoresearch_recipe-tile256-stride128-ds8.jpg,PHerc1667,20240304161941-w023_20240304161941_flatboi,canon,3,0,1024,311,120,120,0.8424,0.8433,95,93,575.8,569.5,0.1185,0.1186
PHerc1667/segments/20240304161941-w023_20240304161941_flatboi/ink-detection/downsampled/PHerc1667-20240304161941-2.399um-0.22m-78keV-volume-20251217075048-20260417190342-new_canon_autoresearch_recipe-tile256-stride128-ds8.jpg,PHerc1667,20240304161941-w023_20240304161941_flatboi,canon,3,1,1024,311,120,120,0.415,0.3357,106,100,518.2,506.2,0.18,0.1795
PHerc1667/segments/20240304161941-w023_20240304161941_flatboi/ink-detection/downsampled/PHerc1667-20240304161941-2.399um-0.22m-78keV-volume-20251217075048-20260417190342-new_canon_autoresearch_recipe-tile256-stride128-ds8.jpg,PHerc1667,20240304161941-w023_20240304161941_flatboi,canon,3,2,1024,311,120,120,0.4637,0.3826,98,90,479.8,506.2,0.1668,0.1667
PHerc1667/segments/20240304161941-w023_20240304161941_flatboi/ink-detection/downsampled/PHerc1667-20240304161941-2.399um-0.22m-78keV-volume-20251217075048-20260417190342-new_canon_autoresearch_recipe-tile256-stride128-ds8.jpg,PHerc1667,20240304161941-w023_20240304161941_flatboi,canon,3,3,1024,311,120,120,0.8829,0.8848,100,93,451.0,443.0,0.1518,0.1519
PHerc1667/segments/20240304161941-w023_20240304161941_flatboi/ink-detection/downsampled/PHerc1667-20240304161941-2.399um-0.22m-78keV-volume-20251217075048-20260417190342-new_canon_autoresearch_recipe-tile256-stride128-ds8.jpg,PHerc1667,20240304161941-w023_20240304161941_flatboi,canon,3,4,1024,311,120,120,0.9206,0.8098,109,101,556.6,569.5,0.2329,0.2329
PHerc1667/segments/20240304161941-w023_20240304161941_flatboi/ink-detection/downsampled/PHerc1667-20240304161941-2.399um-0.22m-78keV-volume-20251217075048-20260417190342-new_canon_autoresearch_recipe-tile256-stride128-ds8.jpg,PHerc1667,20240304161941-w023_20240304161941_flatboi,canon,3,5,1024,311,120,120,0.8431,0.6948,118,111,537.4,569.5,0.1798,0.1804
PHerc1667/segments/20240304161941-w023_20240304161941_flatboi/ink-detection/downsampled/PHerc1667-20240304161941-2.399um-0.22m-78keV-volume-20251217075048-20260417190342-new_canon_autoresearch_recipe-tile256-stride128-ds8.jpg,PHerc1667,20240304161941-w023_20240304161941_flatboi,canon,3,6,1024,311,120,120,0.7667,0.7558,128,124,556.6,569.5,0.1372,0.1353
PHerc1667/segments/20240304161941-w023_20240304161941_flatboi/ink-detection/downsampled/PHerc1667-20240304161941-2.399um-0.22m-78keV-volume-20251217075048-20260417190342-new_canon_autoresearch_recipe-tile256-stride128-ds8.jpg,PHerc1667,20240304161941-w023_20240304161941_flatboi,canon,3,7,1024,311,120,120,0.8502,0.8445,125,116,595.0,632.8,0.1861,0.1856
PHerc1667/segments/20240304161941-w023_20240304161941_flatboi/ink-detection/downsampled/PHerc1667-20240304161941-2.399um-0.22m-78keV-volume-20251217075048-20260417190342-new_canon_autoresearch_recipe-tile256-stride128-ds8.jpg,PHerc1667,20240304161941-w023_20240304161941_flatboi,canon,3,8,1024,311,120,120,0.8647,0.8601,111,101,595.0,632.8,0.1752,0.1771
PHerc1667/segments/20240304161941-w023_20240304161941_flatboi/ink-detection/downsampled/PHerc1667-20240304161941-2.399um-0.22m-78keV-volume-20251217075048-20260417190342-new_canon_autoresearch_recipe-tile256-stride128-ds8.jpg,PHerc1667,20240304161941-w023_20240304161941_flatboi,canon,3,9,1024,311,120,120,0.8382,0.8335,106,95,499.0,569.5,0.1377,0.1381
PHerc1667/segments/20240304161941-w023_20240304161941_flatboi/ink-detection/downsampled/PHerc1667-20240304161941-2.399um-0.22m-78keV-volume-20251217075048-20260417190342-new_canon_autoresearch_recipe-tile256-stride128-ds8.jpg,PHerc1667,20240304161941-w023_20240304161941_flatboi,canon,3,10,1024,311,120,120,0.8318,0.8137,89,89,499.0,506.2,0.1094,0.1109
PHerc1667/segments/20240304161941-w023_20240304161941_flatboi/ink-detection/downsampled/PHerc1667-20240304161941-2.399um-0.22m-78keV-volume-20251217075048-20260417190342-new_canon_autoresearch_recipe-tile256-stride128-ds8.jpg,PHerc1667,20240304161941-w023_20240304161941_flatboi,canon,3,11,1024,311,120,120,0.8099,0.7922,79,73,614.1,632.8,0.0841,0.0846
PHerc1667/segments/20240304161941-w023_20240304161941_flatboi/ink-detection/downsampled/PHerc1667-20240304161941-2.399um-0.22m-78keV-volume-20251217075048-20260417190342-new_canon_autoresearch_recipe-tile256-stride128-ds8.jpg,PHerc1667,20240304161941-w023_20240304161941_flatboi,canon,3,12,1024,311,120,120,0.67,0.6813,68,63,537.4,569.5,0.0497,0.0501
PHerc1667/segments/20240304161941-w023_20240304161941_flatboi/ink-detection/downsampled/PHerc1667-20240304161941-2.399um-0.22m-78keV-volume-20251217075048-20260417190342-new_canon_autoresearch_recipe-tile256-stride128-ds8.jpg,PHerc1667,20240304161941-w023_20240304161941_flatboi,canon,3,13,1024,311,120,120,0.4846,0.5126,63,56,422.2,474.6,0.0328,0.0319
PHerc1667/segments/20240304161941-w023_20240304161941_flatboi/ink-detection/downsampled/PHerc1667-20240304161941-2.399um-0.22m-78keV-volume-20251217075048-20260417190342-new_canon_autoresearch_recipe-tile256-stride128-ds8.jpg,PHerc1667,20240304161941-w023_20240304161941_flatboi,canon,3,14,1024,311,120,120,0.8337,0.8399,73,64,460.6,474.6,0.0859,0.0843
PHerc1667/segments/20240304161941-w023_20240304161941_flatboi/ink-detection/downsampled/PHerc1667-20240304161941-2.399um-0.22m-78keV-volume-20251217075048-20260417190342-new_canon_autoresearch_recipe-tile256-stride128-ds8.jpg,PHerc1667,20240304161941-w023_20240304161941_flatboi,canon,3,15,1024,311,120,120,0.9121,0.9228,64,62,547.0,506.2,0.1312,0.1305
PHerc1667/segments/20240304161941-w023_20240304161941_flatboi/ink-detection/downsampled/PHerc1667-20240304161941-2.399um-0.22m-78keV-volume-20251217075048-20260417190342-new_canon_autoresearch_recipe-tile256-stride128-ds8.jpg,PHerc1667,20240304161941-w023_20240304161941_flatboi,canon,3,16,1024,311,120,120,0.9536,0.8955,44,41,662.1,822.6,0.1175,0.1173
PHerc1667/segments/20240304161941-w023_20240304161941_flatboi/ink-detection/downsampled/PHerc1667-20240304161941-2.399um-0.22m-78keV-volume-20251217075048-20260417190342-new_canon_autoresearch_recipe-tile256-stride128-ds8.jpg,PHerc1667,20240304161941-w023_20240304161941_flatboi,canon,3,17,1024,311,120,120,0.9695,0.9479,44,42,633.3,632.8,0.1334,0.1338
PHerc1667/segments/20240304161941-w023_20240304161941_flatboi/ink-detection/downsampled/PHerc1667-20240304161941-2.399um-0.22m-78keV-volume-20251217075048-20260417190342-new_canon_autoresearch_recipe-tile256-stride128-ds8.jpg,PHerc1667,20240304161941-w023_20240304161941_flatboi,canon,3,18,1024,311,120,120,0.8861,0.8965,58,54,527.8,506.2,0.1181,0.117
PHerc1667/segments/20240304161941-w023_20240304161941_flatboi/ink-detection/downsampled/PHerc1667-20240304161941-2.399um-0.22m-78keV-volume-20251217075048-20260417190342-new_canon_autoresearch_recipe-tile256-stride128-ds8.jpg,PHerc1667,20240304161941-w023_20240304161941_flatboi,canon,3,19,1024,311,120,120,0.8649,0.8718,67,66,441.4,443.0,0.1071,0.1083
PHerc1667/segments/20240304161941-w023_20240304161941_flatboi/ink-detection/downsampled/PHerc1667-20240304161941-2.399um-0.22m-78keV-volume-20251217075048-20260417190342-new_canon_autoresearch_recipe-tile256-stride128-ds8.jpg,PHerc1667,20240304161941-w023_20240304161941_flatboi,canon,3,20,1024,311,120,120,0.7828,0.7998,68,62,460.6,443.0,0.0797,0.0821
PHerc1667/segments/20240304161941-w023_20240304161941_flatboi/ink-detection/downsampled/PHerc1667-20240304161941-2.399um-0.22m-78keV-volume-20251217075048-20260417190342-new_canon_autoresearch_recipe-tile256-stride128-ds8.jpg,PHerc1667,20240304161941-w023_20240304161941_flatboi,canon,3,21,1024,311,120,120,0.8274,0.8084,80,76,460.6,474.6,0.1025,0.0969
PHerc1667/segments/20240304161941-w023_20240304161941_flatboi/ink-detection/downsampled/PHerc1667-20240304161941-2.399um-0.22m-78keV-volume-20251217075048-20260417190342-new_canon_autoresearch_recipe-tile256-stride128-ds8.jpg,PHerc1667,20240304161941-w023_20240304161941_flatboi,canon,3,22,1024,311,120,120,0.92,0.9149,85,80,499.0,506.2,0.1827,0.179
PHerc1667/segments/20240304161941-w023_20240304161941_flatboi/ink-detection/downsampled/PHerc1667-20240304161941-2.399um-0.22m-78keV-volume-20251217075048-20260417190342-new_canon_autoresearch_recipe-tile256-stride128-ds8.jpg,PHerc1667,20240304161941-w023_20240304161941_flatboi,canon,4,0,1024,311,120,120,0.8815,0.8734,103,101,614.1,632.8,0.1751,0.1751
PHerc1667/segments/20240304161941-w023_20240304161941_flatboi/ink-detection/downsampled/PHerc1667-20240304161941-2.399um-0.22m-78keV-volume-20251217075048-20260417190342-new_canon_autoresearch_recipe-tile256-stride128-ds8.jpg,PHerc1667,20240304161941-w023_20240304161941_flatboi,canon,4,1,1024,311,120,120,0.6796,0.6102,99,93,556.6,632.8,0.2059,0.2067
PHerc1667/segments/20240304161941-w023_20240304161941_flatboi/ink-detection/downsampled/PHerc1667-20240304161941-2.399um-0.22m-78keV-volume-20251217075048-20260417190342-new_canon_autoresearch_recipe-tile256-stride128-ds8.jpg,PHerc1667,20240304161941-w023_20240304161941_flatboi,canon,4,2,1024,311,120,120,0.6208,0.5495,96,90,537.4,569.5,0.1917,0.1925
PHerc1667/segments/20240304161941-w023_20240304161941_flatboi/ink-detection/downsampled/PHerc1667-20240304161941-2.399um-0.22m-78keV-volume-20251217075048-20260417190342-new_canon_autoresearch_recipe-tile256-stride128-ds8.jpg,PHerc1667,20240304161941-w023_20240304161941_flatboi,canon,4,3,1024,311,120,120,0.9002,0.9032,115,108,460.6,506.2,0.1997,0.2002
PHerc1667/segments/20240304161941-w023_20240304161941_flatboi/ink-detection/downsampled/PHerc1667-20240304161941-2.399um-0.22m-78keV-volume-20251217075048-20260417190342-new_canon_autoresearch_recipe-tile256-stride128-ds8.jpg,PHerc1667,20240304161941-w023_20240304161941_flatboi,canon,4,4,1024,311,120,120,0.5753,0.5783,105,100,537.4,569.5,0.2775,0.2776
PHerc1667/segments/20240304161941-w023_20240304161941_flatboi/ink-detection/downsampled/PHerc1667-20240304161941-2.399um-0.22m-78keV-volume-20251217075048-20260417190342-new_canon_autoresearch_recipe-tile256-stride128-ds8.jpg,PHerc1667,20240304161941-w023_20240304161941_flatboi,canon,4,5,1024,311,120,120,0.4537,0.4523,110,106,537.4,569.5,0.2693,0.27
PHerc1667/segments/20240304161941-w023_20240304161941_flatboi/ink-detection/downsampled/PHerc1667-20240304161941-2.399um-0.22m-78keV-volume-20251217075048-20260417190342-new_canon_autoresearch_recipe-tile256-stride128-ds8.jpg,PHerc1667,20240304161941-w023_20240304161941_flatboi,canon,4,6,1024,311,120,120,0.3389,0.3305,124,118,518.2,569.5,0.2726,0.2715
PHerc1667/segments/20240304161941-w023_20240304161941_flatboi/ink-detection/downsampled/PHerc1667-20240304161941-2.399um-0.22m-78keV-volume-20251217075048-20260417190342-new_canon_autoresearch_recipe-tile256-stride128-ds8.jpg,PHerc1667,20240304161941-w023_20240304161941_flatboi,canon,4,7,1024,311,120,120,0.3475,0.3479,112,103,527.8,569.5,0.3259,0.3254
PHerc1667/segments/20240304161941-w023_20240304161941_flatboi/ink-detection/downsampled/PHerc1667-20240304161941-2.399um-0.22m-78keV-volume-20251217075048-20260417190342-new_canon_autoresearch_recipe-tile256-stride128-ds8.jpg,PHerc1667,20240304161941-w023_20240304161941_flatboi,canon,4,8,1024,311,120,120,0.7578,0.7524,107,96,518.2,632.8,0.2636,0.2649
PHerc1667/segments/20240304161941-w023_20240304161941_flatboi/ink-detection/downsampled/PHerc1667-20240304161941-2.399um-0.22m-78keV-volume-20251217075048-20260417190342-new_canon_autoresearch_recipe-tile256-stride128-ds8.jpg,PHerc1667,20240304161941-w023_20240304161941_flatboi,canon,4,9,1024,311,120,120,0.8776,0.8694,107,94,595.0,632.8,0.1918,0.1914
PHerc1667/segments/20240304161941-w023_20240304161941_flatboi/ink-detection/downsampled/PHerc1667-20240304161941-2.399um-0.22m-78keV-volume-20251217075048-20260417190342-new_canon_autoresearch_recipe-tile256-stride128-ds8.jpg,PHerc1667,20240304161941-w023_20240304161941_flatboi,canon,4,10,1024,311,120,120,0.8868,0.8888,76,73,614.1,632.8,0.1624,0.1624
PHerc1667/segments/20240304161941-w023_20240304161941_flatboi/ink-detection/downsampled/PHerc1667-20240304161941-2.399um-0.22m-78keV-volume-20251217075048-20260417190342-new_canon_autoresearch_recipe-tile256-stride128-ds8.jpg,PHerc1667,20240304161941-w023_20240304161941_flatboi,canon,4,11,1024,311,120,120,0.8511,0.8555,61,62,729.3,696.1,0.1205,0.1215
PHerc1667/segments/20240304161941-w023_20240304161941_flatboi/ink-detection/downsampled/PHerc1667-20240304161941-2.399um-0.22m-78keV-volume-20251217075048-20260417190342-new_canon_autoresearch_recipe-tile256-stride128-ds8.jpg,PHerc1667,20240304161941-w023_20240304161941_flatboi,canon,4,12,1024,311,120,120,0.7395,0.7394,60,57,556.6,569.5,0.0622,0.0634
PHerc1667/segments/20240304161941-w023_20240304161941_flatboi/ink-detection/downsampled/PHerc1667-20240304161941-2.399um-0.22m-78keV-volume-20251217075048-20260417190342-new_canon_autoresearch_recipe-tile256-stride128-ds8.jpg,PHerc1667,20240304161941-w023_20240304161941_flatboi,canon,4,13,1024,311,120,120,0.5933,0.5825,65,57,422.2,506.2,0.0376,0.0374
PHerc1667/segments/20240304161941-w023_20240304161941_flatboi/ink-detection/downsampled/PHerc1667-20240304161941-2.399um-0.22m-78keV-volume-20251217075048-20260417190342-new_canon_autoresearch_recipe-tile256-stride128-ds8.jpg,PHerc1667,20240304161941-w023_20240304161941_flatboi,canon,4,14,1024,311,120,120,0.8517,0.8426,80,74,518.2,537.9,0.1068,0.1052
PHerc1667/segments/20240304161941-w023_20240304161941_flatboi/ink-detection/downsampled/PHerc1667-20240304161941-2.399um-0.22m-78keV-volume-20251217075048-20260417190342-new_canon_autoresearch_recipe-tile256-stride128-ds8.jpg,PHerc1667,20240304161941-w023_20240304161941_flatboi,canon,4,15,1024,311,120,120,0.8806,0.906,78,79,585.4,569.5,0.15,0.1491
PHerc1667/segments/20240304161941-w023_20240304161941_flatboi/ink-detection/downsampled/PHerc1667-20240304161941-2.399um-0.22m-78keV-volume-20251217075048-20260417190342-new_canon_autoresearch_recipe-tile256-stride128-ds8.jpg,PHerc1667,20240304161941-w023_20240304161941_flatboi,canon,4,16,1024,311,120,120,0.9218,0.9018,54,53,575.8,569.5,0.1108,0.1118
PHerc1667/segments/20240304161941-w023_20240304161941_flatboi/ink-detection/downsampled/PHerc1667-20240304161941-2.399um-0.22m-78keV-volume-20251217075048-20260417190342-new_canon_autoresearch_recipe-tile256-stride128-ds8.jpg,PHerc1667,20240304161941-w023_20240304161941_flatboi,canon,4,17,1024,311,120,120,0.934,0.9276,46,43,700.5,759.4,0.0999,0.1035
PHerc1667/segments/20240304161941-w023_20240304161941_flatboi/ink-detection/downsampled/PHerc1667-20240304161941-2.399um-0.22m-78keV-volume-20251217075048-20260417190342-new_canon_autoresearch_recipe-tile256-stride128-ds8.jpg,PHerc1667,20240304161941-w023_20240304161941_flatboi,canon,4,18,1024,311,120,120,0.8363,0.8351,54,50,575.8,569.5,0.087,0.0867
PHerc1667/segments/20240304161941-w023_20240304161941_flatboi/ink-detection/downsampled/PHerc1667-20240304161941-2.399um-0.22m-78keV-volume-20251217075048-20260417190342-new_canon_autoresearch_recipe-tile256-stride128-ds8.jpg,PHerc1667,20240304161941-w023_20240304161941_flatboi,canon,4,19,1024,311,120,120,0.8389,0.8467,63,61,518.2,506.2,0.0914,0.0923
PHerc1667/segments/20240304161941-w023_20240304161941_flatboi/ink-detection/downsampled/PHerc1667-20240304161941-2.399um-0.22m-78keV-volume-20251217075048-20260417190342-new_canon_autoresearch_recipe-tile256-stride128-ds8.jpg,PHerc1667,20240304161941-w023_20240304161941_flatboi,canon,4,20,1024,311,120,120,0.7588,0.7864,60,54,489.4,569.5,0.0669,0.0704
PHerc1667/segments/20240304161941-w023_20240304161941_flatboi/ink-detection/downsampled/PHerc1667-20240304161941-2.399um-0.22m-78keV-volume-20251217075048-20260417190342-new_canon_autoresearch_recipe-tile256-stride128-ds8.jpg,PHerc1667,20240304161941-w023_20240304161941_flatboi,canon,4,21,1024,311,120,120,0.8599,0.8464,60,52,412.6,443.0,0.0864,0.084
PHerc1667/segments/20240304161941-w023_20240304161941_flatboi/ink-detection/downsampled/PHerc1667-20240304161941-2.399um-0.22m-78keV-volume-20251217075048-20260417190342-new_canon_autoresearch_recipe-tile256-stride128-ds8.jpg,PHerc1667,20240304161941-w023_20240304161941_flatboi,canon,4,22,1024,311,120,120,0.9401,0.9432,68,60,460.6,506.2,0.1558,0.1546
PHerc1667/segments/20240304161941-w023_20240304161941_flatboi/ink-detection/downsampled/PHerc1667-20240304161941-2.399um-0.22m-78keV-volume-20251217075048-20260417190342-new_canon_autoresearch_recipe-tile256-stride128-ds8.jpg,PHerc1667,20240304161941-w023_20240304161941_flatboi,canon,5,0,1024,311,120,120,0.701,0.6922,73,70,690.9,696.1,0.2057,0.2062
PHerc1667/segments/20240304161941-w023_20240304161941_flatboi/ink-detection/downsampled/PHerc1667-20240304161941-2.399um-0.22m-78keV-volume-20251217075048-20260417190342-new_canon_autoresearch_recipe-tile256-stride128-ds8.jpg,PHerc1667,20240304161941-w023_20240304161941_flatboi,canon,5,1,1024,311,120,120,0.4919,0.4922,77,73,595.0,696.1,0.2226,0.2233
PHerc1667/segments/20240304161941-w023_20240304161941_flatboi/ink-detection/downsampled/PHerc1667-20240304161941-2.399um-0.22m-78keV-volume-20251217075048-20260417190342-new_canon_autoresearch_recipe-tile256-stride128-ds8.jpg,PHerc1667,20240304161941-w023_20240304161941_flatboi,canon,5,2,1024,311,120,120,0.6167,0.6169,90,87,451.0,506.2,0.1997,0.1999
PHerc1667/segments/20240304161941-w023_20240304161941_flatboi/ink-detection/downsampled/PHerc1667-20240304161941-2.399um-0.22m-78keV-volume-20251217075048-20260417190342-new_canon_autoresearch_recipe-tile256-stride128-ds8.jpg,PHerc1667,20240304161941-w023_20240304161941_flatboi,canon,5,3,1024,311,120,120,0.9207,0.9222,107,102,460.6,506.2,0.2,0.1998
PHerc1667/segments/20240304161941-w023_20240304161941_flatboi/ink-detection/downsampled/PHerc1667-20240304161941-2.399um-0.22m-78keV-volume-20251217075048-20260417190342-new_canon_autoresearch_recipe-tile256-stride128-ds8.jpg,PHerc1667,20240304161941-w023_20240304161941_flatboi,canon,5,4,1024,311,120,120,0.5316,0.5323,110,106,508.6,506.2,0.2635,0.2633
PHerc1667/segments/20240304161941-w023_20240304161941_flatboi/ink-detection/downsampled/PHerc1667-20240304161941-2.399um-0.22m-78keV-volume-20251217075048-20260417190342-new_canon_autoresearch_recipe-tile256-stride128-ds8.jpg,PHerc1667,20240304161941-w023_20240304161941_flatboi,canon,5,5,1024,311,120,120,0.4669,0.4654,115,110,595.0,569.5,0.2832,0.2835
PHerc1667/segments/20240304161941-w023_20240304161941_flatboi/ink-detection/downsampled/PHerc1667-20240304161941-2.399um-0.22m-78keV-volume-20251217075048-20260417190342-new_canon_autoresearch_recipe-tile256-stride128-ds8.jpg,PHerc1667,20240304161941-w023_20240304161941_flatboi,canon,5,6,1024,311,120,120,0.407,0.3979,118,111,556.6,569.5,0.2879,0.2878
PHerc1667/segments/20240304161941-w023_20240304161941_flatboi/ink-detection/downsampled/PHerc1667-20240304161941-2.399um-0.22m-78keV-volume-20251217075048-20260417190342-new_canon_autoresearch_recipe-tile256-stride128-ds8.jpg,PHerc1667,20240304161941-w023_20240304161941_flatboi,canon,5,7,1024,311,120,120,0.3292,0.3335,115,98,460.6,506.2,0.3179,0.3182
PHerc1667/segments/20240304161941-w023_20240304161941_flatboi/ink-detection/downsampled/PHerc1667-20240304161941-2.399um-0.22m-78keV-volume-20251217075048-20260417190342-new_canon_autoresearch_recipe-tile256-stride128-ds8.jpg,PHerc1667,20240304161941-w023_20240304161941_flatboi,canon,5,8,1024,311,120,120,0.7087,0.7021,121,107,460.6,506.2,0.2523,0.2541
PHerc1667/segments/20240304161941-w023_20240304161941_flatboi/ink-detection/downsampled/PHerc1667-20240304161941-2.399um-0.22m-78keV-volume-20251217075048-20260417190342-new_canon_autoresearch_recipe-tile256-stride128-ds8.jpg,PHerc1667,20240304161941-w023_20240304161941_flatboi,canon,5,9,1024,311,120,120,0.8387,0.8295,122,111,595.0,632.8,0.1745,0.176
PHerc1667/segments/20240304161941-w023_20240304161941_flatboi/ink-detection/downsampled/PHerc1667-20240304161941-2.399um-0.22m-78keV-volume-20251217075048-20260417190342-new_canon_autoresearch_recipe-tile256-stride128-ds8.jpg,PHerc1667,20240304161941-w023_20240304161941_flatboi,canon,5,10,1024,311,120,120,0.8357,0.8378,85,80,614.1,632.8,0.1404,0.142
PHerc1667/segments/20240304161941-w023_20240304161941_flatboi/ink-detection/downsampled/PHerc1667-20240304161941-2.399um-0.22m-78keV-volume-20251217075048-20260417190342-new_canon_autoresearch_recipe-tile256-stride128-ds8.jpg,PHerc1667,20240304161941-w023_20240304161941_flatboi,canon,5,11,1024,311,120,120,0.8153,0.8314,67,63,729.3,759.4,0.1091,0.1106
PHerc1667/segments/20240304161941-w023_20240304161941_flatboi/ink-detection/downsampled/PHerc1667-20240304161941-2.399um-0.22m-78keV-volume-20251217075048-20260417190342-new_canon_autoresearch_recipe-tile256-stride128-ds8.jpg,PHerc1667,20240304161941-w023_20240304161941_flatboi,canon,5,12,1024,311,120,120,0.7254,0.7454,60,56,604.5,632.8,0.059,0.0601
PHerc1667/segments/20240304161941-w023_20240304161941_flatboi/ink-detection/downsampled/PHerc1667-20240304161941-2.399um-0.22m-78keV-volume-20251217075048-20260417190342-new_canon_autoresearch_recipe-tile256-stride128-ds8.jpg,PHerc1667,20240304161941-w023_20240304161941_flatboi,canon,5,13,1024,311,120,120,0.604,0.589,59,55,479.8,506.2,0.0341,0.0343
PHerc1667/segments/20240304161941-w023_20240304161941_flatboi/ink-detection/downsampled/PHerc1667-20240304161941-2.399um-0.22m-78keV-volume-20251217075048-20260417190342-new_canon_autoresearch_recipe-tile256-stride128-ds8.jpg,PHerc1667,20240304161941-w023_20240304161941_flatboi,canon,5,14,1024,311,120,120,0.784,0.78,75,71,518.2,506.2,0.0777,0.0759
PHerc1667/segments/20240304161941-w023_20240304161941_flatboi/ink-detection/downsampled/PHerc1667-20240304161941-2.399um-0.22m-78keV-volume-20251217075048-20260417190342-new_canon_autoresearch_recipe-tile256-stride128-ds8.jpg,PHerc1667,20240304161941-w023_20240304161941_flatboi,canon,5,15,1024,311,120,120,0.7937,0.7923,86,86,566.2,569.5,0.1154,0.114
PHerc1667/segments/20240304161941-w023_20240304161941_flatboi/ink-detection/downsampled/PHerc1667-20240304161941-2.399um-0.22m-78keV-volume-20251217075048-20260417190342-new_canon_autoresearch_recipe-tile256-stride128-ds8.jpg,PHerc1667,20240304161941-w023_20240304161941_flatboi,canon,5,16,1024,311,120,120,0.767,0.7519,78,74,585.4,601.2,0.099,0.0995
PHerc1667/segments/20240304161941-w023_20240304161941_flatboi/ink-detection/downsampled/PHerc1667-20240304161941-2.399um-0.22m-78keV-volume-20251217075048-20260417190342-new_canon_autoresearch_recipe-tile256-stride128-ds8.jpg,PHerc1667,20240304161941-w023_20240304161941_flatboi,canon,5,17,1024,311,120,120,0.6425,0.6393,71,68,575.8,632.8,0.06,0.0626
PHerc1667/segments/20240304161941-w023_20240304161941_flatboi/ink-detection/downsampled/PHerc1667-20240304161941-2.399um-0.22m-78keV-volume-20251217075048-20260417190342-new_canon_autoresearch_recipe-tile256-stride128-ds8.jpg,PHerc1667,20240304161941-w023_20240304161941_flatboi,canon,5,18,1024,311,120,120,0.607,0.5832,67,66,518.2,537.9,0.0495,0.0501
PHerc1667/segments/20240304161941-w023_20240304161941_flatboi/ink-detection/downsampled/PHerc1667-20240304161941-2.399um-0.22m-78keV-volume-20251217075048-20260417190342-new_canon_autoresearch_recipe-tile256-stride128-ds8.jpg,PHerc1667,20240304161941-w023_20240304161941_flatboi,canon,5,19,1024,311,120,120,0.7775,0.7805,73,66,499.0,506.2,0.0736,0.0733
PHerc1667/segments/20240304161941-w023_20240304161941_flatboi/ink-detection/downsampled/PHerc1667-20240304161941-2.399um-0.22m-78keV-volume-20251217075048-20260417190342-new_canon_autoresearch_recipe-tile256-stride128-ds8.jpg,PHerc1667,20240304161941-w023_20240304161941_flatboi,canon,5,20,1024,311,120,120,0.6887,0.6987,68,57,422.2,443.0,0.0501,0.0502
PHerc1667/segments/20240304161941-w023_20240304161941_flatboi/ink-detection/downsampled/PHerc1667-20240304161941-2.399um-0.22m-78keV-volume-20251217075048-20260417190342-new_canon_autoresearch_recipe-tile256-stride128-ds8.jpg,PHerc1667,20240304161941-w023_20240304161941_flatboi,canon,5,21,1024,311,120,120,0.832,0.8348,56,48,451.0,443.0,0.0749,0.0711
PHerc1667/segments/20240304161941-w023_20240304161941_flatboi/ink-detection/downsampled/PHerc1667-20240304161941-2.399um-0.22m-78keV-volume-20251217075048-20260417190342-new_canon_autoresearch_recipe-tile256-stride128-ds8.jpg,PHerc1667,20240304161941-w023_20240304161941_flatboi,canon,5,22,1024,311,120,120,0.9346,0.9376,66,59,479.8,569.5,0.157,0.1543
PHerc1667/segments/20240304161941-w023_20240304161941_flatboi/ink-detection/downsampled/PHerc1667-20240304161941-2.399um-0.22m-78keV-volume-20251217075048-20260417190342-new_canon_autoresearch_recipe-tile256-stride128-ds8.jpg,PHerc1667,20240304161941-w023_20240304161941_flatboi,canon,6,0,1024,311,120,120,0.6657,0.6507,79,73,710.1,696.1,0.1737,0.1748
PHerc1667/segments/20240304161941-w023_20240304161941_flatboi/ink-detection/downsampled/PHerc1667-20240304161941-2.399um-0.22m-78keV-volume-20251217075048-20260417190342-new_canon_autoresearch_recipe-tile256-stride128-ds8.jpg,PHerc1667,20240304161941-w023_20240304161941_flatboi,canon,6,1,1024,311,120,120,0.5827,0.571,103,97,595.0,696.1,0.1993,0.2025
PHerc1667/segments/20240304161941-w023_20240304161941_flatboi/ink-detection/downsampled/PHerc1667-20240304161941-2.399um-0.22m-78keV-volume-20251217075048-20260417190342-new_canon_autoresearch_recipe-tile256-stride128-ds8.jpg,PHerc1667,20240304161941-w023_20240304161941_flatboi,canon,6,2,1024,311,120,120,0.8273,0.8331,90,87,652.5,696.1,0.1347,0.1377
PHerc1667/segments/20240304161941-w023_20240304161941_flatboi/ink-detection/downsampled/PHerc1667-20240304161941-2.399um-0.22m-78keV-volume-20251217075048-20260417190342-new_canon_autoresearch_recipe-tile256-stride128-ds8.jpg,PHerc1667,20240304161941-w023_20240304161941_flatboi,canon,6,3,1024,311,120,120,0.7308,0.7201,109,106,537.4,569.5,0.107,0.108
PHerc1667/segments/20240304161941-w023_20240304161941_flatboi/ink-detection/downsampled/PHerc1667-20240304161941-2.399um-0.22m-78keV-volume-20251217075048-20260417190342-new_canon_autoresearch_recipe-tile256-stride128-ds8.jpg,PHerc1667,20240304161941-w023_20240304161941_flatboi,canon,6,4,1024,311,120,120,0.7764,0.7695,143,139,499.0,506.2,0.1581,0.1585
PHerc1667/segments/20240304161941-w023_20240304161941_flatboi/ink-detection/downsampled/PHerc1667-20240304161941-2.399um-0.22m-78keV-volume-20251217075048-20260417190342-new_canon_autoresearch_recipe-tile256-stride128-ds8.jpg,PHerc1667,20240304161941-w023_20240304161941_flatboi,canon,6,5,1024,311,120,120,0.6483,0.6499,143,134,537.4,569.5,0.2012,0.2021
PHerc1667/segments/20240304161941-w023_20240304161941_flatboi/ink-detection/downsampled/PHerc1667-20240304161941-2.399um-0.22m-78keV-volume-20251217075048-20260417190342-new_canon_autoresearch_recipe-tile256-stride128-ds8.jpg,PHerc1667,20240304161941-w023_20240304161941_flatboi,canon,6,6,1024,311,120,120,0.5852,0.5856,130,120,556.6,569.5,0.1689,0.1687
PHerc1667/segments/20240304161941-w023_20240304161941_flatboi/ink-detection/downsampled/PHerc1667-20240304161941-2.399um-0.22m-78keV-volume-20251217075048-20260417190342-new_canon_autoresearch_recipe-tile256-stride128-ds8.jpg,PHerc1667,20240304161941-w023_20240304161941_flatboi,canon,6,7,1024,311,120,120,0.7175,0.75,133,118,537.4,569.5,0.1397,0.1401
PHerc1667/segments/20240304161941-w023_20240304161941_flatboi/ink-detection/downsampled/PHerc1667-20240304161941-2.399um-0.22m-78keV-volume-20251217075048-20260417190342-new_canon_autoresearch_recipe-tile256-stride128-ds8.jpg,PHerc1667,20240304161941-w023_20240304161941_flatboi,canon,6,8,1024,311,120,120,0.7476,0.7589,124,113,508.6,506.2,0.1178,0.1192
PHerc1667/segments/20240304161941-w023_20240304161941_flatboi/ink-detection/downsampled/PHerc1667-20240304161941-2.399um-0.22m-78keV-volume-20251217075048-20260417190342-new_canon_autoresearch_recipe-tile256-stride128-ds8.jpg,PHerc1667,20240304161941-w023_20240304161941_flatboi,canon,6,9,1024,311,120,120,0.7392,0.7417,108,98,441.4,506.2,0.0841,0.085
PHerc1667/segments/20240304161941-w023_20240304161941_flatboi/ink-detection/downsampled/PHerc1667-20240304161941-2.399um-0.22m-78keV-volume-20251217075048-20260417190342-new_canon_autoresearch_recipe-tile256-stride128-ds8.jpg,PHerc1667,20240304161941-w023_20240304161941_flatboi,canon,6,10,1024,311,120,120,0.7095,0.6923,86,85,451.0,443.0,0.0669,0.0674
PHerc1667/segments/20240304161941-w023_20240304161941_flatboi/ink-detection/downsampled/PHerc1667-20240304161941-2.399um-0.22m-78keV-volume-20251217075048-20260417190342-new_canon_autoresearch_recipe-tile256-stride128-ds8.jpg,PHerc1667,20240304161941-w023_20240304161941_flatboi,canon,6,11,1024,311,120,120,0.6381,0.6733,72,70,527.8,506.2,0.052,0.0516
PHerc1667/segments/20240304161941-w023_20240304161941_flatboi/ink-detection/downsampled/PHerc1667-20240304161941-2.399um-0.22m-78keV-volume-20251217075048-20260417190342-new_canon_autoresearch_recipe-tile256-stride128-ds8.jpg,PHerc1667,20240304161941-w023_20240304161941_flatboi,canon,6,12,1024,311,120,120,0.464,0.5097,72,68,499.0,506.2,0.0417,0.0409
PHerc1667/segments/20240304161941-w023_20240304161941_flatboi/ink-detection/downsampled/PHerc1667-20240304161941-2.399um-0.22m-78keV-volume-20251217075048-20260417190342-new_canon_autoresearch_recipe-tile256-stride128-ds8.jpg,PHerc1667,20240304161941-w023_20240304161941_flatboi,canon,6,13,1024,311,120,120,0.4612,0.4119,75,71,422.2,443.0,0.039,0.038
PHerc1667/segments/20240304161941-w023_20240304161941_flatboi/ink-detection/downsampled/PHerc1667-20240304161941-2.399um-0.22m-78keV-volume-20251217075048-20260417190342-new_canon_autoresearch_recipe-tile256-stride128-ds8.jpg,PHerc1667,20240304161941-w023_20240304161941_flatboi,canon,6,14,1024,311,120,120,0.6894,0.6748,87,78,499.0,506.2,0.0604,0.0607
PHerc1667/segments/20240304161941-w023_20240304161941_flatboi/ink-detection/downsampled/PHerc1667-20240304161941-2.399um-0.22m-78keV-volume-20251217075048-20260417190342-new_canon_autoresearch_recipe-tile256-stride128-ds8.jpg,PHerc1667,20240304161941-w023_20240304161941_flatboi,canon,6,15,1024,311,120,120,0.741,0.7301,93,89,575.8,632.8,0.0938,0.0943
PHerc1667/segments/20240304161941-w023_20240304161941_flatboi/ink-detection/downsampled/PHerc1667-20240304161941-2.399um-0.22m-78keV-volume-20251217075048-20260417190342-new_canon_autoresearch_recipe-tile256-stride128-ds8.jpg,PHerc1667,20240304161941-w023_20240304161941_flatboi,canon,6,16,1024,311,120,120,0.7857,0.7797,82,80,633.3,632.8,0.1128,0.115
PHerc1667/segments/20240304161941-w023_20240304161941_flatboi/ink-detection/downsampled/PHerc1667-20240304161941-2.399um-0.22m-78keV-volume-20251217075048-20260417190342-new_canon_autoresearch_recipe-tile256-stride128-ds8.jpg,PHerc1667,20240304161941-w023_20240304161941_flatboi,canon,6,17,1024,311,120,120,0.726,0.7513,82,76,499.0,537.9,0.0827,0.0865
PHerc1667/segments/20240304161941-w023_20240304161941_flatboi/ink-detection/downsampled/PHerc1667-20240304161941-2.399um-0.22m-78keV-volume-20251217075048-20260417190342-new_canon_autoresearch_recipe-tile256-stride128-ds8.jpg,PHerc1667,20240304161941-w023_20240304161941_flatboi,canon,6,18,1024,311,120,120,0.6809,0.6594,84,79,508.6,569.5,0.0724,0.0715
PHerc1667/segments/20240304161941-w023_20240304161941_flatboi/ink-detection/downsampled/PHerc1667-20240304161941-2.399um-0.22m-78keV-volume-20251217075048-20260417190342-new_canon_autoresearch_recipe-tile256-stride128-ds8.jpg,PHerc1667,20240304161941-w023_20240304161941_flatboi,canon,6,19,1024,311,120,120,0.7575,0.7727,86,75,460.6,506.2,0.0849,0.0849
PHerc1667/segments/20240304161941-w023_20240304161941_flatboi/ink-detection/downsampled/PHerc1667-20240304161941-2.399um-0.22m-78keV-volume-20251217075048-20260417190342-new_canon_autoresearch_recipe-tile256-stride128-ds8.jpg,PHerc1667,20240304161941-w023_20240304161941_flatboi,canon,6,20,1024,311,120,120,0.6265,0.6504,82,70,383.8,379.7,0.0463,0.0479
PHerc1667/segments/20240304161941-w023_20240304161941_flatboi/ink-detection/downsampled/PHerc1667-20240304161941-2.399um-0.22m-78keV-volume-20251217075048-20260417190342-new_canon_autoresearch_recipe-tile256-stride128-ds8.jpg,PHerc1667,20240304161941-w023_20240304161941_flatboi,canon,6,21,1024,311,120,120,0.8161,0.8192,69,63,403.0,443.0,0.0883,0.0851
PHerc1667/segments/20240304161941-w023_20240304161941_flatboi/ink-detection/downsampled/PHerc1667-20240304161941-2.399um-0.22m-78keV-volume-20251217075048-20260417190342-new_canon_autoresearch_recipe-tile256-stride128-ds8.jpg,PHerc1667,20240304161941-w023_20240304161941_flatboi,canon,6,22,1024,311,120,120,0.8993,0.9028,73,71,479.8,569.5,0.1732,0.1694
PHerc1667/segments/20240304161941-w023_20240304161941_flatboi/ink-detection/downsampled/PHerc1667-20240304161941-2.399um-0.22m-78keV-volume-20251217075048-20260417190342-new_canon_autoresearch_recipe-tile256-stride128-ds8.jpg,PHerc1667,20240304161941-w023_20240304161941_flatboi,canon,7,1,1024,311,120,120,0.8586,0.8562,131,120,537.4,569.5,0.2137,0.2137
PHerc1667/segments/20240304161941-w023_20240304161941_flatboi/ink-detection/downsampled/PHerc1667-20240304161941-2.399um-0.22m-78keV-volume-20251217075048-20260417190342-new_canon_autoresearch_recipe-tile256-stride128-ds8.jpg,PHerc1667,20240304161941-w023_20240304161941_flatboi,canon,7,2,1024,311,120,120,0.7759,0.7693,113,102,499.0,569.5,0.1419,0.142
PHerc1667/segments/20240304161941-w023_20240304161941_flatboi/ink-detection/downsampled/PHerc1667-20240304161941-2.399um-0.22m-78keV-volume-20251217075048-20260417190342-new_canon_autoresearch_recipe-tile256-stride128-ds8.jpg,PHerc1667,20240304161941-w023_20240304161941_flatboi,canon,7,3,1024,311,120,120,0.7401,0.7356,133,118,537.4,569.5,0.1404,0.1399
PHerc1667/segments/20240304161941-w023_20240304161941_flatboi/ink-detection/downsampled/PHerc1667-20240304161941-2.399um-0.22m-78keV-volume-20251217075048-20260417190342-new_canon_autoresearch_recipe-tile256-stride128-ds8.jpg,PHerc1667,20240304161941-w023_20240304161941_flatboi,canon,7,4,1024,311,120,120,0.7313,0.7349,135,122,537.4,569.5,0.2446,0.2437
PHerc1667/segments/20240304161941-w023_20240304161941_flatboi/ink-detection/downsampled/PHerc1667-20240304161941-2.399um-0.22m-78keV-volume-20251217075048-20260417190342-new_canon_autoresearch_recipe-tile256-stride128-ds8.jpg,PHerc1667,20240304161941-w023_20240304161941_flatboi,canon,7,5,1024,311,120,120,0.4005,0.4304,115,107,537.4,569.5,0.3412,0.3414
PHerc1667/segments/20240304161941-w023_20240304161941_flatboi/ink-detection/downsampled/PHerc1667-20240304161941-2.399um-0.22m-78keV-volume-20251217075048-20260417190342-new_canon_autoresearch_recipe-tile256-stride128-ds8.jpg,PHerc1667,20240304161941-w023_20240304161941_flatboi,canon,7,6,1024,311,120,120,0.3632,0.3632,122,115,556.6,569.5,0.2775,0.2779
PHerc1667/segments/20240304161941-w023_20240304161941_flatboi/ink-detection/downsampled/PHerc1667-20240304161941-2.399um-0.22m-78keV-volume-20251217075048-20260417190342-new_canon_autoresearch_recipe-tile256-stride128-ds8.jpg,PHerc1667,20240304161941-w023_20240304161941_flatboi,canon,7,7,1024,311,120,120,0.7621,0.7759,140,133,566.2,569.5,0.1682,0.1692
PHerc1667/segments/20240304161941-w023_20240304161941_flatboi/ink-detection/downsampled/PHerc1667-20240304161941-2.399um-0.22m-78keV-volume-20251217075048-20260417190342-new_canon_autoresearch_recipe-tile256-stride128-ds8.jpg,PHerc1667,20240304161941-w023_20240304161941_flatboi,canon,7,8,1024,311,120,120,0.7214,0.7381,122,114,556.6,569.5,0.1267,0.1282
PHerc1667/segments/20240304161941-w023_20240304161941_flatboi/ink-detection/downsampled/PHerc1667-20240304161941-2.399um-0.22m-78keV-volume-20251217075048-20260417190342-new_canon_autoresearch_recipe-tile256-stride128-ds8.jpg,PHerc1667,20240304161941-w023_20240304161941_flatboi,canon,7,9,1024,311,120,120,0.39,0.4015,104,97,441.4,506.2,0.1054,0.107
PHerc1667/segments/20240304161941-w023_20240304161941_flatboi/ink-detection/downsampled/PHerc1667-20240304161941-2.399um-0.22m-78keV-volume-20251217075048-20260417190342-new_canon_autoresearch_recipe-tile256-stride128-ds8.jpg,PHerc1667,20240304161941-w023_20240304161941_flatboi,canon,7,10,1024,311,120,120,0.3783,0.3738,107,104,518.2,506.2,0.1153,0.1157
PHerc1667/segments/20240304161941-w023_20240304161941_flatboi/ink-detection/downsampled/PHerc1667-20240304161941-2.399um-0.22m-78keV-volume-20251217075048-20260417190342-new_canon_autoresearch_recipe-tile256-stride128-ds8.jpg,PHerc1667,20240304161941-w023_20240304161941_flatboi,canon,7,11,1024,311,120,120,0.6908,0.6867,125,118,441.4,443.0,0.0912,0.0918
PHerc1667/segments/20240304161941-w023_20240304161941_flatboi/ink-detection/downsampled/PHerc1667-20240304161941-2.399um-0.22m-78keV-volume-20251217075048-20260417190342-new_canon_autoresearch_recipe-tile256-stride128-ds8.jpg,PHerc1667,20240304161941-w023_20240304161941_flatboi,canon,7,12,1024,311,120,120,0.5459,0.5368,126,117,345.5,316.4,0.0622,0.0631
PHerc1667/segments/20240304161941-w023_20240304161941_flatboi/ink-detection/downsampled/PHerc1667-20240304161941-2.399um-0.22m-78keV-volume-20251217075048-20260417190342-new_canon_autoresearch_recipe-tile256-stride128-ds8.jpg,PHerc1667,20240304161941-w023_20240304161941_flatboi,canon,7,13,1024,311,120,120,0.4943,0.4675,98,96,403.0,379.7,0.0471,0.0463
PHerc1667/segments/20240304161941-w023_20240304161941_flatboi/ink-detection/downsampled/PHerc1667-20240304161941-2.399um-0.22m-78keV-volume-20251217075048-20260417190342-new_canon_autoresearch_recipe-tile256-stride128-ds8.jpg,PHerc1667,20240304161941-w023_20240304161941_flatboi,canon,7,14,1024,311,120,120,0.6885,0.6779,92,83,431.8,443.0,0.0599,0.0586
PHerc1667/segments/20240304161941-w023_20240304161941_flatboi/ink-detection/downsampled/PHerc1667-20240304161941-2.399um-0.22m-78keV-volume-20251217075048-20260417190342-new_canon_autoresearch_recipe-tile256-stride128-ds8.jpg,PHerc1667,20240304161941-w023_20240304161941_flatboi,canon,7,15,1024,311,120,120,0.7237,0.6915,107,96,441.4,506.2,0.0883,0.0864
PHerc1667/segments/20240304161941-w023_20240304161941_flatboi/ink-detection/downsampled/PHerc1667-20240304161941-2.399um-0.22m-78keV-volume-20251217075048-20260417190342-new_canon_autoresearch_recipe-tile256-stride128-ds8.jpg,PHerc1667,20240304161941-w023_20240304161941_flatboi,canon,7,16,1024,311,120,120,0.7072,0.6767,104,101,499.0,506.2,0.0877,0.0887
PHerc1667/segments/20240304161941-w023_20240304161941_flatboi/ink-detection/downsampled/PHerc1667-20240304161941-2.399um-0.22m-78keV-volume-20251217075048-20260417190342-new_canon_autoresearch_recipe-tile256-stride128-ds8.jpg,PHerc1667,20240304161941-w023_20240304161941_flatboi,canon,7,17,1024,311,120,120,0.7246,0.7293,89,82,403.0,443.0,0.061,0.0638
PHerc1667/segments/20240304161941-w023_20240304161941_flatboi/ink-detection/downsampled/PHerc1667-20240304161941-2.399um-0.22m-78keV-volume-20251217075048-20260417190342-new_canon_autoresearch_recipe-tile256-stride128-ds8.jpg,PHerc1667,20240304161941-w023_20240304161941_flatboi,canon,7,18,1024,311,120,120,0.6999,0.7069,84,73,383.8,506.2,0.0577,0.0565
PHerc1667/segments/20240304161941-w023_20240304161941_flatboi/ink-detection/downsampled/PHerc1667-20240304161941-2.399um-0.22m-78keV-volume-20251217075048-20260417190342-new_canon_autoresearch_recipe-tile256-stride128-ds8.jpg,PHerc1667,20240304161941-w023_20240304161941_flatboi,canon,7,19,1024,311,120,120,0.6687,0.6949,78,65,422.2,443.0,0.0564,0.0556
PHerc1667/segments/20240304161941-w023_20240304161941_flatboi/ink-detection/downsampled/PHerc1667-20240304161941-2.399um-0.22m-78keV-volume-20251217075048-20260417190342-new_canon_autoresearch_recipe-tile256-stride128-ds8.jpg,PHerc1667,20240304161941-w023_20240304161941_flatboi,canon,7,20,1024,311,120,120,0.5388,0.5608,84,80,403.0,379.7,0.0413,0.042
PHerc1667/segments/20240304161941-w023_20240304161941_flatboi/ink-detection/downsampled/PHerc1667-20240304161941-2.399um-0.22m-78keV-volume-20251217075048-20260417190342-new_canon_autoresearch_recipe-tile256-stride128-ds8.jpg,PHerc1667,20240304161941-w023_20240304161941_flatboi,canon,7,21,1024,311,120,120,0.7353,0.7275,89,83,422.2,443.0,0.0859,0.0848
PHerc1667/segments/20240304161941-w023_20240304161941_flatboi/ink-detection/downsampled/PHerc1667-20240304161941-2.399um-0.22m-78keV-volume-20251217075048-20260417190342-new_canon_autoresearch_recipe-tile256-stride128-ds8.jpg,PHerc1667,20240304161941-w023_20240304161941_flatboi,canon,7,22,1024,311,120,120,0.7685,0.7615,102,94,479.8,506.2,0.1252,0.1242
PHerc1667/segments/20240304161941-w023_20240304161941_flatboi/ink-detection/downsampled/PHerc1667-20240304161941-2.399um-0.22m-78keV-volume-20251217075048-20260417190342-new_canon_autoresearch_recipe-tile256-stride128-ds8.jpg,PHerc1667,20240304161941-w023_20240304161941_flatboi,canon,8,1,1024,311,120,120,0.8603,0.865,96,87,460.6,506.2,0.1519,0.1519
PHerc1667/segments/20240304161941-w023_20240304161941_flatboi/ink-detection/downsampled/PHerc1667-20240304161941-2.399um-0.22m-78keV-volume-20251217075048-20260417190342-new_canon_autoresearch_recipe-tile256-stride128-ds8.jpg,PHerc1667,20240304161941-w023_20240304161941_flatboi,canon,8,5,1024,311,120,120,0.2468,0.2898,113,105,479.8,506.2,0.2259,0.2271
PHerc1667/segments/20240304161941-w023_20240304161941_flatboi/ink-detection/downsampled/PHerc1667-20240304161941-2.399um-0.22m-78keV-volume-20251217075048-20260417190342-new_canon_autoresearch_recipe-tile256-stride128-ds8.jpg,PHerc1667,20240304161941-w023_20240304161941_flatboi,canon,8,6,1024,311,120,120,0.2865,0.2904,123,114,479.8,506.2,0.193,0.1941
PHerc1667/segments/20240304161941-w023_20240304161941_flatboi/ink-detection/downsampled/PHerc1667-20240304161941-2.399um-0.22m-78keV-volume-20251217075048-20260417190342-new_canon_autoresearch_recipe-tile256-stride128-ds8.jpg,PHerc1667,20240304161941-w023_20240304161941_flatboi,canon,8,7,1024,311,120,120,0.7746,0.797,119,113,556.6,569.5,0.1234,0.1251
PHerc1667/segments/20240304161941-w023_20240304161941_flatboi/ink-detection/downsampled/PHerc1667-20240304161941-2.399um-0.22m-78keV-volume-20251217075048-20260417190342-new_canon_autoresearch_recipe-tile256-stride128-ds8.jpg,PHerc1667,20240304161941-w023_20240304161941_flatboi,canon,8,10,1024,311,120,120,0.2883,0.2883,100,95,441.4,506.2,0.1009,0.1009
PHerc1667/segments/20240304161941-w023_20240304161941_flatboi/ink-detection/downsampled/PHerc1667-20240304161941-2.399um-0.22m-78keV-volume-20251217075048-20260417190342-new_canon_autoresearch_recipe-tile256-stride128-ds8.jpg,PHerc1667,20240304161941-w023_20240304161941_flatboi,canon,8,11,1024,311,120,120,0.6311,0.6403,127,121,479.8,506.2,0.0895,0.0897
PHerc1667/segments/20240304161941-w023_20240304161941_flatboi/ink-detection/downsampled/PHerc1667-20240304161941-2.399um-0.22m-78keV-volume-20251217075048-20260417190342-new_canon_autoresearch_recipe-tile256-stride128-ds8.jpg,PHerc1667,20240304161941-w023_20240304161941_flatboi,canon,8,12,1024,311,120,120,0.5686,0.5597,116,111,364.6,379.7,0.0562,0.0573
PHerc1667/segments/20240304161941-w023_20240304161941_flatboi/ink-detection/downsampled/PHerc1667-20240304161941-2.399um-0.22m-78keV-volume-20251217075048-20260417190342-new_canon_autoresearch_recipe-tile256-stride128-ds8.jpg,PHerc1667,20240304161941-w023_20240304161941_flatboi,canon,8,15,1024,311,120,120,0.4601,0.4043,97,85,422.2,443.0,0.0463,0.0447
PHerc1667/segments/20240304161941-w023_20240304161941_flatboi/ink-detection/downsampled/PHerc1667-20240304161941-2.399um-0.22m-78keV-volume-20251217075048-20260417190342-new_canon_autoresearch_recipe-tile256-stride128-ds8.jpg,PHerc1667,20240304161941-w023_20240304161941_flatboi,canon,8,16,1024,311,120,120,0.3569,0.3279,132,119,431.8,443.0,0.0551,0.0549
PHerc1667/segments/20240304161941-w023_20240304161941_flatboi/ink-detection/downsampled/PHerc1667-20240304161941-2.399um-0.22m-78keV-volume-20251217075048-20260417190342-new_canon_autoresearch_recipe-tile256-stride128-ds8.jpg,PHerc1667,20240304161941-w023_20240304161941_flatboi,canon,8,17,1024,311,120,120,0.3749,0.3806,128,115,412.6,443.0,0.0472,0.0487
PHerc1667/segments/20240304161941-w023_20240304161941_flatboi/ink-detection/downsampled/PHerc1667-20240304161941-2.399um-0.22m-78keV-volume-20251217075048-20260417190342-new_canon_autoresearch_recipe-tile256-stride128-ds8.jpg,PHerc1667,20240304161941-w023_20240304161941_flatboi,canon,8,18,1024,311,120,120,0.4389,0.4513,96,87,383.8,379.7,0.0338,0.0346
PHerc1667/segments/20240304161941-w023_20240304161941_flatboi/ink-detection/downsampled/PHerc1667-20240304161941-2.399um-0.22m-78keV-volume-20251217075048-20260417190342-new_canon_autoresearch_recipe-tile256-stride128-ds8.jpg,PHerc1667,20240304161941-w023_20240304161941_flatboi,canon,8,20,1024,311,120,120,0.4331,0.4511,65,61,479.8,443.0,0.0318,0.0296
PHerc1667/segments/20240304161941-w023_20240304161941_flatboi/ink-detection/downsampled/PHerc1667-20240304161941-2.399um-0.22m-78keV-volume-20251217075048-20260417190342-new_canon_autoresearch_recipe-tile256-stride128-ds8.jpg,PHerc1667,20240304161941-w023_20240304161941_flatboi,canon,8,21,1024,311,120,120,0.5348,0.5278,108,101,460.6,443.0,0.0669,0.067
PHerc1667/segments/20240304161941-w023_20240304161941_flatboi/ink-detection/downsampled/PHerc1667-20240304161941-2.399um-0.22m-78keV-volume-20251217075048-20260417190342-new_canon_autoresearch_recipe-tile256-stride128-ds8.jpg,PHerc1667,20240304161941-w023_20240304161941_flatboi,canon,8,22,1024,311,120,120,0.5753,0.5534,129,117,422.2,443.0,0.0815,0.0834
PHerc1667/segments/20251206103305-w012_20251206103305555_flatboi/ink-detection/downsampled/PHerc1667-20251206103305-2.399um-0.22m-78keV-volume-20251217075048-20260417190342-new_canon_autoresearch_recipe-tile256-stride128-ds8.jpg,PHerc1667,20251206103305-w012_20251206103305555_flatboi,canon,0,0,1024,311,110,110,0.6879,0.7084,80,78,403.0,379.7,0.0557,0.0554
PHerc1667/segments/20251206103305-w012_20251206103305555_flatboi/ink-detection/downsampled/PHerc1667-20251206103305-2.399um-0.22m-78keV-volume-20251217075048-20260417190342-new_canon_autoresearch_recipe-tile256-stride128-ds8.jpg,PHerc1667,20251206103305-w012_20251206103305555_flatboi,canon,0,1,1024,311,110,110,0.5409,0.5652,80,75,355.1,379.7,0.0419,0.0417
PHerc1667/segments/20251206103305-w012_20251206103305555_flatboi/ink-detection/downsampled/PHerc1667-20251206103305-2.399um-0.22m-78keV-volume-20251217075048-20260417190342-new_canon_autoresearch_recipe-tile256-stride128-ds8.jpg,PHerc1667,20251206103305-w012_20251206103305555_flatboi,canon,1,0,1024,311,110,110,0.4897,0.4988,90,85,383.8,379.7,0.0427,0.0425
PHerc1667/segments/20251206103305-w012_20251206103305555_flatboi/ink-detection/downsampled/PHerc1667-20251206103305-2.399um-0.22m-78keV-volume-20251217075048-20260417190342-new_canon_autoresearch_recipe-tile256-stride128-ds8.jpg,PHerc1667,20251206103305-w012_20251206103305555_flatboi,canon,1,1,1024,311,110,110,0.4405,0.4495,98,93,383.8,379.7,0.0402,0.04
PHerc1667/segments/20251206103305-w012_20251206103305555_flatboi/ink-detection/downsampled/PHerc1667-20251206103305-2.399um-0.22m-78keV-volume-20251217075048-20260417190342-new_canon_autoresearch_recipe-tile256-stride128-ds8.jpg,PHerc1667,20251206103305-w012_20251206103305555_flatboi,canon,2,0,1024,311,110,110,0.0655,0.0672,51,46,383.8,379.7,0.0152,0.0151
PHerc1667/segments/20251206103305-w012_20251206103305555_flatboi/ink-detection/downsampled/PHerc1667-20251206103305-2.399um-0.22m-78keV-volume-20251217075048-20260417190342-new_canon_autoresearch_recipe-tile256-stride128-ds8.jpg,PHerc1667,20251206103305-w012_20251206103305555_flatboi,canon,2,1,1024,311,110,110,0.069,0.0705,59,55,383.8,379.7,0.0144,0.0144
PHerc1667/segments/20251206103305-w012_20251206103305555_flatboi/ink-detection/downsampled/PHerc1667-20251206103305-2.399um-0.22m-78keV-volume-20251217075048-20260417190342-new_canon_autoresearch_recipe-tile256-stride128-ds8.jpg,PHerc1667,20251206103305-w012_20251206103305555_flatboi,canon,3,0,1024,311,110,110,0.0,0.0,27,23,383.8,443.0,0.0078,0.0077
PHerc1667/segments/20251206103305-w012_20251206103305555_flatboi/ink-detection/downsampled/PHerc1667-20251206103305-2.399um-0.22m-78keV-volume-20251217075048-20260417190342-new_canon_autoresearch_recipe-tile256-stride128-ds8.jpg,PHerc1667,20251206103305-w012_20251206103305555_flatboi,canon,3,1,1024,311,110,110,0.0,0.0,38,34,326.3,379.7,0.0083,0.0083
PHerc1667/segments/20251206103305-w012_20251206103305555_flatboi/ink-detection/downsampled/PHerc1667-20251206103305-2.399um-0.22m-78keV-volume-20251217075048-20260417190342-new_canon_autoresearch_recipe-tile256-stride128-ds8.jpg,PHerc1667,20251206103305-w012_20251206103305555_flatboi,canon,4,0,1024,311,110,110,0.1393,0.1356,43,38,307.1,379.7,0.0102,0.0102
PHerc1667/segments/20251206103305-w012_20251206103305555_flatboi/ink-detection/downsampled/PHerc1667-20251206103305-2.399um-0.22m-78keV-volume-20251217075048-20260417190342-new_canon_autoresearch_recipe-tile256-stride128-ds8.jpg,PHerc1667,20251206103305-w012_20251206103305555_flatboi,canon,4,1,1024,311,110,110,0.0,0.0,41,36,307.1,379.7,0.0082,0.0083
PHerc1667/segments/20251206103305-w012_20251206103305555_flatboi/ink-detection/downsampled/PHerc1667-20251206103305-2.399um-0.22m-78keV-volume-20251217075048-20260417190342-new_canon_autoresearch_recipe-tile256-stride128-ds8.jpg,PHerc1667,20251206103305-w012_20251206103305555_flatboi,canon,5,0,1024,311,110,110,0.1138,0.079,58,54,364.6,379.7,0.0182,0.0175
PHerc1667/segments/20251206103305-w012_20251206103305555_flatboi/ink-detection/downsampled/PHerc1667-20251206103305-2.399um-0.22m-78keV-volume-20251217075048-20260417190342-new_canon_autoresearch_recipe-tile256-stride128-ds8.jpg,PHerc1667,20251206103305-w012_20251206103305555_flatboi,canon,5,1,1024,311,110,110,0.0581,0.0,44,40,345.5,379.7,0.0112,0.0108
PHerc1667/segments/20251206103305-w012_20251206103305555_flatboi/ink-detection/downsampled/PHerc1667-20251206103305-2.399um-0.22m-78keV-volume-20251217075048-20260417190342-new_canon_autoresearch_recipe-tile256-stride128-ds8.jpg,PHerc1667,20251206103305-w012_20251206103305555_flatboi,canon,6,0,1024,311,110,110,0.6553,0.658,95,90,537.4,569.5,0.1716,0.171
PHerc1667/segments/20251206103305-w012_20251206103305555_flatboi/ink-detection/downsampled/PHerc1667-20251206103305-2.399um-0.22m-78keV-volume-20251217075048-20260417190342-new_canon_autoresearch_recipe-tile256-stride128-ds8.jpg,PHerc1667,20251206103305-w012_20251206103305555_flatboi,canon,6,1,1024,311,110,110,0.453,0.4513,105,94,460.6,474.6,0.1684,0.1675
PHerc1667/segments/20251206103305-w012_20251206103305555_flatboi/ink-detection/downsampled/PHerc1667-20251206103305-2.399um-0.22m-78keV-volume-20251217075048-20260417190342-new_canon_autoresearch_recipe-tile256-stride128-ds8.jpg,PHerc1667,20251206103305-w012_20251206103305555_flatboi,canon,7,0,1024,311,110,110,0.6629,0.6777,138,121,470.2,569.5,0.1948,0.1942
PHerc1667/segments/20251206103305-w012_20251206103305555_flatboi/ink-detection/downsampled/PHerc1667-20251206103305-2.399um-0.22m-78keV-volume-20251217075048-20260417190342-new_canon_autoresearch_recipe-tile256-stride128-ds8.jpg,PHerc1667,20251206103305-w012_20251206103305555_flatboi,canon,7,1,1024,311,110,110,0.4382,0.433,146,133,479.8,506.2,0.1916,0.1916
PHerc1667/segments/20251208130119-w028_20251208130119156_flatboi/ink-detection/downsampled/PHerc1667-20251208130119-2.399um-0.22m-78keV-volume-20251217075048-20260417190342-new_canon_autoresearch_recipe-tile256-stride128-ds8.jpg,PHerc1667,20251208130119-w028_20251208130119156_flatboi,canon,0,1,1024,311,122,122,0.6323,0.6412,101,91,479.8,569.5,0.0788,0.0785
PHerc1667/segments/20251208130119-w028_20251208130119156_flatboi/ink-detection/downsampled/PHerc1667-20251208130119-2.399um-0.22m-78keV-volume-20251217075048-20260417190342-new_canon_autoresearch_recipe-tile256-stride128-ds8.jpg,PHerc1667,20251208130119-w028_20251208130119156_flatboi,canon,0,2,1024,311,122,122,0.5801,0.5833,91,82,422.2,443.0,0.0527,0.0525
PHerc1667/segments/20251208130119-w028_20251208130119156_flatboi/ink-detection/downsampled/PHerc1667-20251208130119-2.399um-0.22m-78keV-volume-20251217075048-20260417190342-new_canon_autoresearch_recipe-tile256-stride128-ds8.jpg,PHerc1667,20251208130119-w028_20251208130119156_flatboi,canon,0,3,1024,311,122,122,0.477,0.4684,103,95,460.6,506.2,0.056,0.0558
PHerc1667/segments/20251208130119-w028_20251208130119156_flatboi/ink-detection/downsampled/PHerc1667-20251208130119-2.399um-0.22m-78keV-volume-20251217075048-20260417190342-new_canon_autoresearch_recipe-tile256-stride128-ds8.jpg,PHerc1667,20251208130119-w028_20251208130119156_flatboi,canon,0,4,1024,311,122,122,0.6208,0.6148,102,96,518.2,537.9,0.0817,0.0813
PHerc1667/segments/20251208130119-w028_20251208130119156_flatboi/ink-detection/downsampled/PHerc1667-20251208130119-2.399um-0.22m-78keV-volume-20251217075048-20260417190342-new_canon_autoresearch_recipe-tile256-stride128-ds8.jpg,PHerc1667,20251208130119-w028_20251208130119156_flatboi,canon,0,5,1024,311,122,122,0.7927,0.7949,96,92,575.8,601.2,0.1195,0.119
PHerc1667/segments/20251208130119-w028_20251208130119156_flatboi/ink-detection/downsampled/PHerc1667-20251208130119-2.399um-0.22m-78keV-volume-20251217075048-20260417190342-new_canon_autoresearch_recipe-tile256-stride128-ds8.jpg,PHerc1667,20251208130119-w028_20251208130119156_flatboi,canon,1,0,1024,311,122,122,0.7924,0.7958,111,103,575.8,569.5,0.1389,0.1383
PHerc1667/segments/20251208130119-w028_20251208130119156_flatboi/ink-detection/downsampled/PHerc1667-20251208130119-2.399um-0.22m-78keV-volume-20251217075048-20260417190342-new_canon_autoresearch_recipe-tile256-stride128-ds8.jpg,PHerc1667,20251208130119-w028_20251208130119156_flatboi,canon,1,1,1024,311,122,122,0.6469,0.637,135,123,479.8,569.5,0.0996,0.099
PHerc1667/segments/20251208130119-w028_20251208130119156_flatboi/ink-detection/downsampled/PHerc1667-20251208130119-2.399um-0.22m-78keV-volume-20251217075048-20260417190342-new_canon_autoresearch_recipe-tile256-stride128-ds8.jpg,PHerc1667,20251208130119-w028_20251208130119156_flatboi,canon,1,2,1024,311,122,122,0.6173,0.6198,122,112,412.6,506.2,0.0793,0.079
PHerc1667/segments/20251208130119-w028_20251208130119156_flatboi/ink-detection/downsampled/PHerc1667-20251208130119-2.399um-0.22m-78keV-volume-20251217075048-20260417190342-new_canon_autoresearch_recipe-tile256-stride128-ds8.jpg,PHerc1667,20251208130119-w028_20251208130119156_flatboi,canon,1,3,1024,311,122,122,0.6074,0.5993,109,103,460.6,506.2,0.0685,0.0683
PHerc1667/segments/20251208130119-w028_20251208130119156_flatboi/ink-detection/downsampled/PHerc1667-20251208130119-2.399um-0.22m-78keV-volume-20251217075048-20260417190342-new_canon_autoresearch_recipe-tile256-stride128-ds8.jpg,PHerc1667,20251208130119-w028_20251208130119156_flatboi,canon,1,4,1024,311,122,122,0.736,0.7286,98,91,489.4,506.2,0.0815,0.0814
PHerc1667/segments/20251208130119-w028_20251208130119156_flatboi/ink-detection/downsampled/PHerc1667-20251208130119-2.399um-0.22m-78keV-volume-20251217075048-20260417190342-new_canon_autoresearch_recipe-tile256-stride128-ds8.jpg,PHerc1667,20251208130119-w028_20251208130119156_flatboi,canon,1,5,1024,311,122,122,0.8101,0.8131,85,81,556.6,569.5,0.0967,0.0963
PHerc1667/segments/20251208130119-w028_20251208130119156_flatboi/ink-detection/downsampled/PHerc1667-20251208130119-2.399um-0.22m-78keV-volume-20251217075048-20260417190342-new_canon_autoresearch_recipe-tile256-stride128-ds8.jpg,PHerc1667,20251208130119-w028_20251208130119156_flatboi,canon,2,0,1024,311,122,122,0.8535,0.8543,97,89,575.8,569.5,0.1535,0.1524
PHerc1667/segments/20251208130119-w028_20251208130119156_flatboi/ink-detection/downsampled/PHerc1667-20251208130119-2.399um-0.22m-78keV-volume-20251217075048-20260417190342-new_canon_autoresearch_recipe-tile256-stride128-ds8.jpg,PHerc1667,20251208130119-w028_20251208130119156_flatboi,canon,2,1,1024,311,122,122,0.8428,0.8439,121,111,518.2,569.5,0.1714,0.1706
PHerc1667/segments/20251208130119-w028_20251208130119156_flatboi/ink-detection/downsampled/PHerc1667-20251208130119-2.399um-0.22m-78keV-volume-20251217075048-20260417190342-new_canon_autoresearch_recipe-tile256-stride128-ds8.jpg,PHerc1667,20251208130119-w028_20251208130119156_flatboi,canon,2,2,1024,311,122,122,0.7884,0.7889,93,85,403.0,506.2,0.1104,0.1097
PHerc1667/segments/20251208130119-w028_20251208130119156_flatboi/ink-detection/downsampled/PHerc1667-20251208130119-2.399um-0.22m-78keV-volume-20251217075048-20260417190342-new_canon_autoresearch_recipe-tile256-stride128-ds8.jpg,PHerc1667,20251208130119-w028_20251208130119156_flatboi,canon,2,3,1024,311,122,122,0.6128,0.5565,75,69,403.0,379.7,0.0424,0.0419
PHerc1667/segments/20251208130119-w028_20251208130119156_flatboi/ink-detection/downsampled/PHerc1667-20251208130119-2.399um-0.22m-78keV-volume-20251217075048-20260417190342-new_canon_autoresearch_recipe-tile256-stride128-ds8.jpg,PHerc1667,20251208130119-w028_20251208130119156_flatboi,canon,2,4,1024,311,122,122,0.7641,0.7636,91,83,460.6,506.2,0.0815,0.0811
PHerc1667/segments/20251208130119-w028_20251208130119156_flatboi/ink-detection/downsampled/PHerc1667-20251208130119-2.399um-0.22m-78keV-volume-20251217075048-20260417190342-new_canon_autoresearch_recipe-tile256-stride128-ds8.jpg,PHerc1667,20251208130119-w028_20251208130119156_flatboi,canon,2,5,1024,311,122,122,0.8244,0.8388,98,89,537.4,569.5,0.1152,0.1148
PHerc1667/segments/20251208130119-w028_20251208130119156_flatboi/ink-detection/downsampled/PHerc1667-20251208130119-2.399um-0.22m-78keV-volume-20251217075048-20260417190342-new_canon_autoresearch_recipe-tile256-stride128-ds8.jpg,PHerc1667,20251208130119-w028_20251208130119156_flatboi,canon,3,0,1024,311,122,122,0.6347,0.5595,107,100,479.8,506.2,0.2404,0.2395
PHerc1667/segments/20251208130119-w028_20251208130119156_flatboi/ink-detection/downsampled/PHerc1667-20251208130119-2.399um-0.22m-78keV-volume-20251217075048-20260417190342-new_canon_autoresearch_recipe-tile256-stride128-ds8.jpg,PHerc1667,20251208130119-w028_20251208130119156_flatboi,canon,3,1,1024,311,122,122,0.7004,0.6376,131,125,556.6,569.5,0.2886,0.2878
PHerc1667/segments/20251208130119-w028_20251208130119156_flatboi/ink-detection/downsampled/PHerc1667-20251208130119-2.399um-0.22m-78keV-volume-20251217075048-20260417190342-new_canon_autoresearch_recipe-tile256-stride128-ds8.jpg,PHerc1667,20251208130119-w028_20251208130119156_flatboi,canon,3,2,1024,311,122,122,0.8769,0.8724,108,101,566.2,569.5,0.2086,0.2077
PHerc1667/segments/20251208130119-w028_20251208130119156_flatboi/ink-detection/downsampled/PHerc1667-20251208130119-2.399um-0.22m-78keV-volume-20251217075048-20260417190342-new_canon_autoresearch_recipe-tile256-stride128-ds8.jpg,PHerc1667,20251208130119-w028_20251208130119156_flatboi,canon,3,3,1024,311,122,122,0.7988,0.7617,102,98,556.6,569.5,0.1246,0.1237
PHerc1667/segments/20251208130119-w028_20251208130119156_flatboi/ink-detection/downsampled/PHerc1667-20251208130119-2.399um-0.22m-78keV-volume-20251217075048-20260417190342-new_canon_autoresearch_recipe-tile256-stride128-ds8.jpg,PHerc1667,20251208130119-w028_20251208130119156_flatboi,canon,3,4,1024,311,122,122,0.7597,0.7464,134,128,547.0,569.5,0.1292,0.1289
PHerc1667/segments/20251208130119-w028_20251208130119156_flatboi/ink-detection/downsampled/PHerc1667-20251208130119-2.399um-0.22m-78keV-volume-20251217075048-20260417190342-new_canon_autoresearch_recipe-tile256-stride128-ds8.jpg,PHerc1667,20251208130119-w028_20251208130119156_flatboi,canon,3,5,1024,311,122,122,0.5796,0.5899,127,119,537.4,506.2,0.1821,0.1814
PHerc1667/segments/20251208130119-w028_20251208130119156_flatboi/ink-detection/downsampled/PHerc1667-20251208130119-2.399um-0.22m-78keV-volume-20251217075048-20260417190342-new_canon_autoresearch_recipe-tile256-stride128-ds8.jpg,PHerc1667,20251208130119-w028_20251208130119156_flatboi,canon,4,0,1024,311,122,122,0.4354,0.5283,90,87,518.2,506.2,0.2539,0.2546
PHerc1667/segments/20251208130119-w028_20251208130119156_flatboi/ink-detection/downsampled/PHerc1667-20251208130119-2.399um-0.22m-78keV-volume-20251217075048-20260417190342-new_canon_autoresearch_recipe-tile256-stride128-ds8.jpg,PHerc1667,20251208130119-w028_20251208130119156_flatboi,canon,4,1,1024,311,122,122,0.5225,0.5521,126,121,575.8,569.5,0.3209,0.3219
PHerc1667/segments/20251208130119-w028_20251208130119156_flatboi/ink-detection/downsampled/PHerc1667-20251208130119-2.399um-0.22m-78keV-volume-20251217075048-20260417190342-new_canon_autoresearch_recipe-tile256-stride128-ds8.jpg,PHerc1667,20251208130119-w028_20251208130119156_flatboi,canon,4,2,1024,311,122,122,0.6269,0.6202,130,121,614.1,632.8,0.3262,0.3267
PHerc1667/segments/20251208130119-w028_20251208130119156_flatboi/ink-detection/downsampled/PHerc1667-20251208130119-2.399um-0.22m-78keV-volume-20251217075048-20260417190342-new_canon_autoresearch_recipe-tile256-stride128-ds8.jpg,PHerc1667,20251208130119-w028_20251208130119156_flatboi,canon,4,3,1024,311,122,122,0.5645,0.5565,124,120,604.5,601.2,0.3117,0.3111
PHerc1667/segments/20251208130119-w028_20251208130119156_flatboi/ink-detection/downsampled/PHerc1667-20251208130119-2.399um-0.22m-78keV-volume-20251217075048-20260417190342-new_canon_autoresearch_recipe-tile256-stride128-ds8.jpg,PHerc1667,20251208130119-w028_20251208130119156_flatboi,canon,4,4,1024,311,122,122,0.7042,0.6933,135,130,537.4,569.5,0.2725,0.2716
PHerc1667/segments/20251208130119-w028_20251208130119156_flatboi/ink-detection/downsampled/PHerc1667-20251208130119-2.399um-0.22m-78keV-volume-20251217075048-20260417190342-new_canon_autoresearch_recipe-tile256-stride128-ds8.jpg,PHerc1667,20251208130119-w028_20251208130119156_flatboi,canon,4,5,1024,311,122,122,0.4275,0.3561,113,108,518.2,506.2,0.2977,0.2967
PHerc1667/segments/20251208130119-w028_20251208130119156_flatboi/ink-detection/downsampled/PHerc1667-20251208130119-2.399um-0.22m-78keV-volume-20251217075048-20260417190342-new_canon_autoresearch_recipe-tile256-stride128-ds8.jpg,PHerc1667,20251208130119-w028_20251208130119156_flatboi,canon,5,0,1024,311,122,122,0.4615,0.4632,68,64,604.5,632.8,0.2545,0.2535
PHerc1667/segments/20251208130119-w028_20251208130119156_flatboi/ink-detection/downsampled/PHerc1667-20251208130119-2.399um-0.22m-78keV-volume-20251217075048-20260417190342-new_canon_autoresearch_recipe-tile256-stride128-ds8.jpg,PHerc1667,20251208130119-w028_20251208130119156_flatboi,canon,5,1,1024,311,122,122,0.4701,0.4672,112,103,575.8,569.5,0.3386,0.3369
PHerc1667/segments/20251208130119-w028_20251208130119156_flatboi/ink-detection/downsampled/PHerc1667-20251208130119-2.399um-0.22m-78keV-volume-20251217075048-20260417190342-new_canon_autoresearch_recipe-tile256-stride128-ds8.jpg,PHerc1667,20251208130119-w028_20251208130119156_flatboi,canon,5,2,1024,311,122,122,0.6433,0.6381,119,108,633.3,632.8,0.3201,0.321
PHerc1667/segments/20251208130119-w028_20251208130119156_flatboi/ink-detection/downsampled/PHerc1667-20251208130119-2.399um-0.22m-78keV-volume-20251217075048-20260417190342-new_canon_autoresearch_recipe-tile256-stride128-ds8.jpg,PHerc1667,20251208130119-w028_20251208130119156_flatboi,canon,5,3,1024,311,122,122,0.4528,0.4617,109,104,614.1,632.8,0.3078,0.3096
PHerc1667/segments/20251208130119-w028_20251208130119156_flatboi/ink-detection/downsampled/PHerc1667-20251208130119-2.399um-0.22m-78keV-volume-20251217075048-20260417190342-new_canon_autoresearch_recipe-tile256-stride128-ds8.jpg,PHerc1667,20251208130119-w028_20251208130119156_flatboi,canon,5,4,1024,311,122,122,0.589,0.5943,103,99,556.6,569.5,0.2801,0.2793
PHerc1667/segments/20251208130119-w028_20251208130119156_flatboi/ink-detection/downsampled/PHerc1667-20251208130119-2.399um-0.22m-78keV-volume-20251217075048-20260417190342-new_canon_autoresearch_recipe-tile256-stride128-ds8.jpg,PHerc1667,20251208130119-w028_20251208130119156_flatboi,canon,5,5,1024,311,122,122,0.5879,0.5172,103,99,575.8,569.5,0.2871,0.285
PHerc1667/segments/20251208130119-w028_20251208130119156_flatboi/ink-detection/downsampled/PHerc1667-20251208130119-2.399um-0.22m-78keV-volume-20251217075048-20260417190342-new_canon_autoresearch_recipe-tile256-stride128-ds8.jpg,PHerc1667,20251208130119-w028_20251208130119156_flatboi,canon,6,1,1024,311,122,122,0.4451,0.4424,130,125,556.6,569.5,0.3692,0.3691
PHerc1667/segments/20251208130119-w028_20251208130119156_flatboi/ink-detection/downsampled/PHerc1667-20251208130119-2.399um-0.22m-78keV-volume-20251217075048-20260417190342-new_canon_autoresearch_recipe-tile256-stride128-ds8.jpg,PHerc1667,20251208130119-w028_20251208130119156_flatboi,canon,6,2,1024,311,122,122,0.8846,0.8786,144,126,470.2,632.8,0.2506,0.2514
PHerc1667/segments/20251208130119-w028_20251208130119156_flatboi/ink-detection/downsampled/PHerc1667-20251208130119-2.399um-0.22m-78keV-volume-20251217075048-20260417190342-new_canon_autoresearch_recipe-tile256-stride128-ds8.jpg,PHerc1667,20251208130119-w028_20251208130119156_flatboi,canon,6,3,1024,311,122,122,0.6682,0.6758,134,117,470.2,569.5,0.2215,0.2229
PHerc1667/segments/20251208130119-w028_20251208130119156_flatboi/ink-detection/downsampled/PHerc1667-20251208130119-2.399um-0.22m-78keV-volume-20251217075048-20260417190342-new_canon_autoresearch_recipe-tile256-stride128-ds8.jpg,PHerc1667,20251208130119-w028_20251208130119156_flatboi,canon,6,4,1024,311,122,122,0.3312,0.3391,102,97,604.5,632.8,0.3143,0.3157
PHerc1667/segments/20251208130119-w028_20251208130119156_flatboi/ink-detection/downsampled/PHerc1667-20251208130119-2.399um-0.22m-78keV-volume-20251217075048-20260417190342-new_canon_autoresearch_recipe-tile256-stride128-ds8.jpg,PHerc1667,20251208130119-w028_20251208130119156_flatboi,canon,6,5,1024,311,122,122,0.3676,0.366,94,88,556.6,569.5,0.3347,0.3353
PHerc1667/segments/20251208130119-w028_20251208130119156_flatboi/ink-detection/downsampled/PHerc1667-20251208130119-2.399um-0.22m-78keV-volume-20251217075048-20260417190342-new_canon_autoresearch_recipe-tile256-stride128-ds8.jpg,PHerc1667,20251208130119-w028_20251208130119156_flatboi,canon,7,1,1024,311,122,122,0.5066,0.5034,150,141,518.2,569.5,0.2692,0.2716
PHerc1667/segments/20251208130119-w028_20251208130119156_flatboi/ink-detection/downsampled/PHerc1667-20251208130119-2.399um-0.22m-78keV-volume-20251217075048-20260417190342-new_canon_autoresearch_recipe-tile256-stride128-ds8.jpg,PHerc1667,20251208130119-w028_20251208130119156_flatboi,canon,7,4,1024,311,122,122,0.1677,0.164,75,73,595.0,569.5,0.2375,0.2386
PHerc1667/segments/20251208130119-w028_20251208130119156_flatboi/ink-detection/downsampled/PHerc1667-20251208130119-2.399um-0.22m-78keV-volume-20251217075048-20260417190342-new_canon_autoresearch_recipe-tile256-stride128-ds8.jpg,PHerc1667,20251208130119-w028_20251208130119156_flatboi,canon,7,5,1024,311,122,122,0.1937,0.1931,88,80,499.0,537.9,0.2598,0.2626
PHerc1667/segments/20251212185248-w029_20251212185248662_flatboi/ink-detection/downsampled/PHerc1667-20251212185248-2.399um-0.22m-78keV-volume-20251217075048-20260417190342-new_canon_autoresearch_recipe-tile256-stride128-ds8.jpg,PHerc1667,20251212185248-w029_20251212185248662_flatboi,canon,0,2,1024,311,123,123,0.8087,0.8006,104,85,393.4,506.2,0.113,0.113
PHerc1667/segments/20251212185248-w029_20251212185248662_flatboi/ink-detection/downsampled/PHerc1667-20251212185248-2.399um-0.22m-78keV-volume-20251217075048-20260417190342-new_canon_autoresearch_recipe-tile256-stride128-ds8.jpg,PHerc1667,20251212185248-w029_20251212185248662_flatboi,canon,0,3,1024,311,123,123,0.8948,0.8957,89,78,518.2,601.2,0.1962,0.1956
PHerc1667/segments/20251212185248-w029_20251212185248662_flatboi/ink-detection/downsampled/PHerc1667-20251212185248-2.399um-0.22m-78keV-volume-20251217075048-20260417190342-new_canon_autoresearch_recipe-tile256-stride128-ds8.jpg,PHerc1667,20251212185248-w029_20251212185248662_flatboi,canon,0,4,1024,311,123,123,0.7382,0.7396,100,93,642.9,632.8,0.2968,0.2972
PHerc1667/segments/20251212185248-w029_20251212185248662_flatboi/ink-detection/downsampled/PHerc1667-20251212185248-2.399um-0.22m-78keV-volume-20251217075048-20260417190342-new_canon_autoresearch_recipe-tile256-stride128-ds8.jpg,PHerc1667,20251212185248-w029_20251212185248662_flatboi,canon,0,5,1024,311,123,123,0.409,0.3667,109,95,460.6,506.2,0.3117,0.3132
PHerc1667/segments/20251212185248-w029_20251212185248662_flatboi/ink-detection/downsampled/PHerc1667-20251212185248-2.399um-0.22m-78keV-volume-20251217075048-20260417190342-new_canon_autoresearch_recipe-tile256-stride128-ds8.jpg,PHerc1667,20251212185248-w029_20251212185248662_flatboi,canon,1,0,1024,311,123,123,0.7481,0.7492,115,109,537.4,569.5,0.2133,0.2133
PHerc1667/segments/20251212185248-w029_20251212185248662_flatboi/ink-detection/downsampled/PHerc1667-20251212185248-2.399um-0.22m-78keV-volume-20251217075048-20260417190342-new_canon_autoresearch_recipe-tile256-stride128-ds8.jpg,PHerc1667,20251212185248-w029_20251212185248662_flatboi,canon,1,1,1024,311,123,123,0.8588,0.8578,125,116,518.2,569.5,0.214,0.2137
PHerc1667/segments/20251212185248-w029_20251212185248662_flatboi/ink-detection/downsampled/PHerc1667-20251212185248-2.399um-0.22m-78keV-volume-20251217075048-20260417190342-new_canon_autoresearch_recipe-tile256-stride128-ds8.jpg,PHerc1667,20251212185248-w029_20251212185248662_flatboi,canon,1,2,1024,311,123,123,0.814,0.8107,118,105,489.4,506.2,0.1414,0.1416
PHerc1667/segments/20251212185248-w029_20251212185248662_flatboi/ink-detection/downsampled/PHerc1667-20251212185248-2.399um-0.22m-78keV-volume-20251217075048-20260417190342-new_canon_autoresearch_recipe-tile256-stride128-ds8.jpg,PHerc1667,20251212185248-w029_20251212185248662_flatboi,canon,1,3,1024,311,123,123,0.8596,0.8599,108,97,575.8,569.5,0.2002,0.1995
PHerc1667/segments/20251212185248-w029_20251212185248662_flatboi/ink-detection/downsampled/PHerc1667-20251212185248-2.399um-0.22m-78keV-volume-20251217075048-20260417190342-new_canon_autoresearch_recipe-tile256-stride128-ds8.jpg,PHerc1667,20251212185248-w029_20251212185248662_flatboi,canon,1,4,1024,311,123,123,0.8882,0.8896,113,106,652.5,632.8,0.2711,0.2709
PHerc1667/segments/20251212185248-w029_20251212185248662_flatboi/ink-detection/downsampled/PHerc1667-20251212185248-2.399um-0.22m-78keV-volume-20251217075048-20260417190342-new_canon_autoresearch_recipe-tile256-stride128-ds8.jpg,PHerc1667,20251212185248-w029_20251212185248662_flatboi,canon,1,5,1024,311,123,123,0.7083,0.7128,112,103,575.8,632.8,0.2344,0.2354
PHerc1667/segments/20251212185248-w029_20251212185248662_flatboi/ink-detection/downsampled/PHerc1667-20251212185248-2.399um-0.22m-78keV-volume-20251217075048-20260417190342-new_canon_autoresearch_recipe-tile256-stride128-ds8.jpg,PHerc1667,20251212185248-w029_20251212185248662_flatboi,canon,2,0,1024,311,123,123,0.7984,0.7888,99,95,537.4,569.5,0.1098,0.1104
PHerc1667/segments/20251212185248-w029_20251212185248662_flatboi/ink-detection/downsampled/PHerc1667-20251212185248-2.399um-0.22m-78keV-volume-20251217075048-20260417190342-new_canon_autoresearch_recipe-tile256-stride128-ds8.jpg,PHerc1667,20251212185248-w029_20251212185248662_flatboi,canon,2,1,1024,311,123,123,0.7792,0.7612,111,105,479.8,506.2,0.1198,0.1197
PHerc1667/segments/20251212185248-w029_20251212185248662_flatboi/ink-detection/downsampled/PHerc1667-20251212185248-2.399um-0.22m-78keV-volume-20251217075048-20260417190342-new_canon_autoresearch_recipe-tile256-stride128-ds8.jpg,PHerc1667,20251212185248-w029_20251212185248662_flatboi,canon,2,4,1024,311,123,123,0.8125,0.807,86,80,575.8,601.2,0.1309,0.1311
PHerc1667/segments/20251212185248-w029_20251212185248662_flatboi/ink-detection/downsampled/PHerc1667-20251212185248-2.399um-0.22m-78keV-volume-20251217075048-20260417190342-new_canon_autoresearch_recipe-tile256-stride128-ds8.jpg,PHerc1667,20251212185248-w029_20251212185248662_flatboi,canon,2,5,1024,311,123,123,0.8284,0.8168,112,106,623.7,632.8,0.1659,0.1659
PHerc1667/segments/20251212185248-w029_20251212185248662_flatboi/ink-detection/downsampled/PHerc1667-20251212185248-2.399um-0.22m-78keV-volume-20251217075048-20260417190342-new_canon_autoresearch_recipe-tile256-stride128-ds8.jpg,PHerc1667,20251212185248-w029_20251212185248662_flatboi,canon,3,0,1024,311,123,123,0.7758,0.7316,71,69,499.0,506.2,0.0716,0.0714
PHerc1667/segments/20251212185248-w029_20251212185248662_flatboi/ink-detection/downsampled/PHerc1667-20251212185248-2.399um-0.22m-78keV-volume-20251217075048-20260417190342-new_canon_autoresearch_recipe-tile256-stride128-ds8.jpg,PHerc1667,20251212185248-w029_20251212185248662_flatboi,canon,3,1,1024,311,123,123,0.6811,0.6376,105,97,537.4,506.2,0.0974,0.097
PHerc1667/segments/20251212185248-w029_20251212185248662_flatboi/ink-detection/downsampled/PHerc1667-20251212185248-2.399um-0.22m-78keV-volume-20251217075048-20260417190342-new_canon_autoresearch_recipe-tile256-stride128-ds8.jpg,PHerc1667,20251212185248-w029_20251212185248662_flatboi,canon,3,2,1024,311,123,123,0.5285,0.5072,77,65,479.8,506.2,0.0465,0.0466
PHerc1667/segments/20251212185248-w029_20251212185248662_flatboi/ink-detection/downsampled/PHerc1667-20251212185248-2.399um-0.22m-78keV-volume-20251217075048-20260417190342-new_canon_autoresearch_recipe-tile256-stride128-ds8.jpg,PHerc1667,20251212185248-w029_20251212185248662_flatboi,canon,3,4,1024,311,123,123,0.8797,0.8736,88,83,585.4,632.8,0.1782,0.177
PHerc1667/segments/20251212185248-w029_20251212185248662_flatboi/ink-detection/downsampled/PHerc1667-20251212185248-2.399um-0.22m-78keV-volume-20251217075048-20260417190342-new_canon_autoresearch_recipe-tile256-stride128-ds8.jpg,PHerc1667,20251212185248-w029_20251212185248662_flatboi,canon,3,5,1024,311,123,123,0.5959,0.5883,112,105,595.0,632.8,0.2642,0.2626
PHerc1667/segments/20251212185248-w029_20251212185248662_flatboi/ink-detection/downsampled/PHerc1667-20251212185248-2.399um-0.22m-78keV-volume-20251217075048-20260417190342-new_canon_autoresearch_recipe-tile256-stride128-ds8.jpg,PHerc1667,20251212185248-w029_20251212185248662_flatboi,canon,4,0,1024,311,123,123,0.8173,0.7664,53,50,556.6,569.5,0.0581,0.0574
PHerc1667/segments/20251212185248-w029_20251212185248662_flatboi/ink-detection/downsampled/PHerc1667-20251212185248-2.399um-0.22m-78keV-volume-20251217075048-20260417190342-new_canon_autoresearch_recipe-tile256-stride128-ds8.jpg,PHerc1667,20251212185248-w029_20251212185248662_flatboi,canon,4,1,1024,311,123,123,0.7045,0.6717,101,93,537.4,569.5,0.097,0.0956
PHerc1667/segments/20251212185248-w029_20251212185248662_flatboi/ink-detection/downsampled/PHerc1667-20251212185248-2.399um-0.22m-78keV-volume-20251217075048-20260417190342-new_canon_autoresearch_recipe-tile256-stride128-ds8.jpg,PHerc1667,20251212185248-w029_20251212185248662_flatboi,canon,4,2,1024,311,123,123,0.5439,0.5345,107,96,460.6,506.2,0.0657,0.065
PHerc1667/segments/20251212185248-w029_20251212185248662_flatboi/ink-detection/downsampled/PHerc1667-20251212185248-2.399um-0.22m-78keV-volume-20251217075048-20260417190342-new_canon_autoresearch_recipe-tile256-stride128-ds8.jpg,PHerc1667,20251212185248-w029_20251212185248662_flatboi,canon,4,3,1024,311,123,123,0.8479,0.8357,100,91,479.8,569.5,0.1429,0.1416
PHerc1667/segments/20251212185248-w029_20251212185248662_flatboi/ink-detection/downsampled/PHerc1667-20251212185248-2.399um-0.22m-78keV-volume-20251217075048-20260417190342-new_canon_autoresearch_recipe-tile256-stride128-ds8.jpg,PHerc1667,20251212185248-w029_20251212185248662_flatboi,canon,4,4,1024,311,123,123,0.6604,0.6569,107,99,614.1,696.1,0.3061,0.305
PHerc1667/segments/20251212185248-w029_20251212185248662_flatboi/ink-detection/downsampled/PHerc1667-20251212185248-2.399um-0.22m-78keV-volume-20251217075048-20260417190342-new_canon_autoresearch_recipe-tile256-stride128-ds8.jpg,PHerc1667,20251212185248-w029_20251212185248662_flatboi,canon,4,5,1024,311,123,123,0.5148,0.5179,104,98,556.6,601.2,0.3599,0.3595
PHerc1667/segments/20251212185248-w029_20251212185248662_flatboi/ink-detection/downsampled/PHerc1667-20251212185248-2.399um-0.22m-78keV-volume-20251217075048-20260417190342-new_canon_autoresearch_recipe-tile256-stride128-ds8.jpg,PHerc1667,20251212185248-w029_20251212185248662_flatboi,canon,5,0,1024,311,123,123,0.7542,0.6672,44,43,556.6,569.5,0.0455,0.0451
PHerc1667/segments/20251212185248-w029_20251212185248662_flatboi/ink-detection/downsampled/PHerc1667-20251212185248-2.399um-0.22m-78keV-volume-20251217075048-20260417190342-new_canon_autoresearch_recipe-tile256-stride128-ds8.jpg,PHerc1667,20251212185248-w029_20251212185248662_flatboi,canon,5,1,1024,311,123,123,0.78,0.7676,75,71,537.4,569.5,0.0934,0.0928
PHerc1667/segments/20251212185248-w029_20251212185248662_flatboi/ink-detection/downsampled/PHerc1667-20251212185248-2.399um-0.22m-78keV-volume-20251217075048-20260417190342-new_canon_autoresearch_recipe-tile256-stride128-ds8.jpg,PHerc1667,20251212185248-w029_20251212185248662_flatboi,canon,5,2,1024,311,123,123,0.7275,0.7238,102,97,556.6,569.5,0.1012,0.1007
PHerc1667/segments/20251212185248-w029_20251212185248662_flatboi/ink-detection/downsampled/PHerc1667-20251212185248-2.399um-0.22m-78keV-volume-20251217075048-20260417190342-new_canon_autoresearch_recipe-tile256-stride128-ds8.jpg,PHerc1667,20251212185248-w029_20251212185248662_flatboi,canon,5,3,1024,311,123,123,0.5835,0.5751,109,102,556.6,569.5,0.1896,0.1895
PHerc1667/segments/20251212185248-w029_20251212185248662_flatboi/ink-detection/downsampled/PHerc1667-20251212185248-2.399um-0.22m-78keV-volume-20251217075048-20260417190342-new_canon_autoresearch_recipe-tile256-stride128-ds8.jpg,PHerc1667,20251212185248-w029_20251212185248662_flatboi,canon,5,4,1024,311,123,123,0.578,0.5772,106,94,585.4,632.8,0.304,0.3053
PHerc1667/segments/20251212185248-w029_20251212185248662_flatboi/ink-detection/downsampled/PHerc1667-20251212185248-2.399um-0.22m-78keV-volume-20251217075048-20260417190342-new_canon_autoresearch_recipe-tile256-stride128-ds8.jpg,PHerc1667,20251212185248-w029_20251212185248662_flatboi,canon,5,5,1024,311,123,123,0.6255,0.6292,100,91,527.8,632.8,0.3509,0.3525
PHerc1667/segments/20251212185248-w029_20251212185248662_flatboi/ink-detection/downsampled/PHerc1667-20251212185248-2.399um-0.22m-78keV-volume-20251217075048-20260417190342-new_canon_autoresearch_recipe-tile256-stride128-ds8.jpg,PHerc1667,20251212185248-w029_20251212185248662_flatboi,canon,6,1,1024,311,123,123,0.7752,0.7675,81,73,518.2,569.5,0.0839,0.0855
PHerc1667/segments/20251212185248-w029_20251212185248662_flatboi/ink-detection/downsampled/PHerc1667-20251212185248-2.399um-0.22m-78keV-volume-20251217075048-20260417190342-new_canon_autoresearch_recipe-tile256-stride128-ds8.jpg,PHerc1667,20251212185248-w029_20251212185248662_flatboi,canon,6,2,1024,311,123,123,0.7888,0.7849,122,87,431.8,632.8,0.1202,0.1201
PHerc1667/segments/20251212185248-w029_20251212185248662_flatboi/ink-detection/downsampled/PHerc1667-20251212185248-2.399um-0.22m-78keV-volume-20251217075048-20260417190342-new_canon_autoresearch_recipe-tile256-stride128-ds8.jpg,PHerc1667,20251212185248-w029_20251212185248662_flatboi,canon,6,3,1024,311,123,123,0.5834,0.5862,157,112,383.8,632.8,0.1969,0.1968
PHerc1667/segments/20251212185248-w029_20251212185248662_flatboi/ink-detection/downsampled/PHerc1667-20251212185248-2.399um-0.22m-78keV-volume-20251217075048-20260417190342-new_canon_autoresearch_recipe-tile256-stride128-ds8.jpg,PHerc1667,20251212185248-w029_20251212185248662_flatboi,canon,6,4,1024,311,123,123,0.7287,0.7288,159,136,479.8,569.5,0.279,0.2786
PHerc1667/segments/20251212185248-w029_20251212185248662_flatboi/ink-detection/downsampled/PHerc1667-20251212185248-2.399um-0.22m-78keV-volume-20251217075048-20260417190342-new_canon_autoresearch_recipe-tile256-stride128-ds8.jpg,PHerc1667,20251212185248-w029_20251212185248662_flatboi,canon,6,5,1024,311,123,123,0.7203,0.7319,131,121,614.1,632.8,0.3354,0.3358
PHerc1667/segments/20251212185248-w029_20251212185248662_flatboi/ink-detection/downsampled/PHerc1667-20251212185248-2.399um-0.22m-78keV-volume-20251217075048-20260417190342-new_canon_autoresearch_recipe-tile256-stride128-ds8.jpg,PHerc1667,20251212185248-w029_20251212185248662_flatboi,canon,7,1,1024,311,123,123,0.737,0.725,105,96,441.4,443.0,0.0841,0.0845
PHerc1667/segments/20251212185248-w029_20251212185248662_flatboi/ink-detection/downsampled/PHerc1667-20251212185248-2.399um-0.22m-78keV-volume-20251217075048-20260417190342-new_canon_autoresearch_recipe-tile256-stride128-ds8.jpg,PHerc1667,20251212185248-w029_20251212185248662_flatboi,canon,7,4,1024,311,123,123,0.8881,0.8799,149,119,422.2,569.5,0.2102,0.2092
PHerc1667/segments/20251212185248-w029_20251212185248662_flatboi/ink-detection/downsampled/PHerc1667-20251212185248-2.399um-0.22m-78keV-volume-20251217075048-20260417190342-new_canon_autoresearch_recipe-tile256-stride128-ds8.jpg,PHerc1667,20251212185248-w029_20251212185248662_flatboi,canon,7,5,1024,311,123,123,0.4694,0.4762,151,132,460.6,569.5,0.3138,0.3142
PHerc1667/segments/20251220020000-w030_2025122002_flatboi/ink-detection/downsampled/PHerc1667-20251220020000-2.399um-0.22m-78keV-volume-20251217075048-20260417190342-new_canon_autoresearch_recipe-tile256-stride128-ds8.jpg,PHerc1667,20251220020000-w030_2025122002_flatboi,canon,0,3,1024,311,118,117,0.8833,0.8839,123,88,403.0,632.8,0.1779,0.1783
PHerc1667/segments/20251220020000-w030_2025122002_flatboi/ink-detection/downsampled/PHerc1667-20251220020000-2.399um-0.22m-78keV-volume-20251217075048-20260417190342-new_canon_autoresearch_recipe-tile256-stride128-ds8.jpg,PHerc1667,20251220020000-w030_2025122002_flatboi,canon,0,4,1024,311,118,117,0.8818,0.8822,107,92,537.4,664.4,0.1759,0.1776
PHerc1667/segments/20251220020000-w030_2025122002_flatboi/ink-detection/downsampled/PHerc1667-20251220020000-2.399um-0.22m-78keV-volume-20251217075048-20260417190342-new_canon_autoresearch_recipe-tile256-stride128-ds8.jpg,PHerc1667,20251220020000-w030_2025122002_flatboi,canon,0,5,1024,311,118,117,0.8399,0.8393,123,107,537.4,696.1,0.1717,0.1729
PHerc1667/segments/20251220020000-w030_2025122002_flatboi/ink-detection/downsampled/PHerc1667-20251220020000-2.399um-0.22m-78keV-volume-20251217075048-20260417190342-new_canon_autoresearch_recipe-tile256-stride128-ds8.jpg,PHerc1667,20251220020000-w030_2025122002_flatboi,canon,1,0,1024,311,118,117,0.8207,0.8325,105,98,479.8,537.9,0.1265,0.1273
PHerc1667/segments/20251220020000-w030_2025122002_flatboi/ink-detection/downsampled/PHerc1667-20251220020000-2.399um-0.22m-78keV-volume-20251217075048-20260417190342-new_canon_autoresearch_recipe-tile256-stride128-ds8.jpg,PHerc1667,20251220020000-w030_2025122002_flatboi,canon,1,1,1024,311,118,117,0.7007,0.7082,108,100,527.8,569.5,0.0899,0.0905
PHerc1667/segments/20251220020000-w030_2025122002_flatboi/ink-detection/downsampled/PHerc1667-20251220020000-2.399um-0.22m-78keV-volume-20251217075048-20260417190342-new_canon_autoresearch_recipe-tile256-stride128-ds8.jpg,PHerc1667,20251220020000-w030_2025122002_flatboi,canon,1,2,1024,311,118,117,0.7196,0.7205,122,103,403.0,506.2,0.0921,0.0926
PHerc1667/segments/20251220020000-w030_2025122002_flatboi/ink-detection/downsampled/PHerc1667-20251220020000-2.399um-0.22m-78keV-volume-20251217075048-20260417190342-new_canon_autoresearch_recipe-tile256-stride128-ds8.jpg,PHerc1667,20251220020000-w030_2025122002_flatboi,canon,1,3,1024,311,118,117,0.861,0.8686,127,108,479.8,537.9,0.1811,0.1811
PHerc1667/segments/20251220020000-w030_2025122002_flatboi/ink-detection/downsampled/PHerc1667-20251220020000-2.399um-0.22m-78keV-volume-20251217075048-20260417190342-new_canon_autoresearch_recipe-tile256-stride128-ds8.jpg,PHerc1667,20251220020000-w030_2025122002_flatboi,canon,1,4,1024,311,118,117,0.8842,0.8883,138,125,518.2,569.5,0.2455,0.2465
PHerc1667/segments/20251220020000-w030_2025122002_flatboi/ink-detection/downsampled/PHerc1667-20251220020000-2.399um-0.22m-78keV-volume-20251217075048-20260417190342-new_canon_autoresearch_recipe-tile256-stride128-ds8.jpg,PHerc1667,20251220020000-w030_2025122002_flatboi,canon,1,5,1024,311,118,117,0.7882,0.788,118,109,518.2,569.5,0.2342,0.2353
PHerc1667/segments/20251220020000-w030_2025122002_flatboi/ink-detection/downsampled/PHerc1667-20251220020000-2.399um-0.22m-78keV-volume-20251217075048-20260417190342-new_canon_autoresearch_recipe-tile256-stride128-ds8.jpg,PHerc1667,20251220020000-w030_2025122002_flatboi,canon,2,0,1024,311,118,117,0.6097,0.6131,72,68,518.2,569.5,0.0526,0.0529
PHerc1667/segments/20251220020000-w030_2025122002_flatboi/ink-detection/downsampled/PHerc1667-20251220020000-2.399um-0.22m-78keV-volume-20251217075048-20260417190342-new_canon_autoresearch_recipe-tile256-stride128-ds8.jpg,PHerc1667,20251220020000-w030_2025122002_flatboi,canon,2,1,1024,311,118,117,0.5199,0.5192,68,64,518.2,537.9,0.0429,0.0431
PHerc1667/segments/20251220020000-w030_2025122002_flatboi/ink-detection/downsampled/PHerc1667-20251220020000-2.399um-0.22m-78keV-volume-20251217075048-20260417190342-new_canon_autoresearch_recipe-tile256-stride128-ds8.jpg,PHerc1667,20251220020000-w030_2025122002_flatboi,canon,2,4,1024,311,118,117,0.8168,0.8276,99,91,537.4,506.2,0.1367,0.1372
PHerc1667/segments/20251220020000-w030_2025122002_flatboi/ink-detection/downsampled/PHerc1667-20251220020000-2.399um-0.22m-78keV-volume-20251217075048-20260417190342-new_canon_autoresearch_recipe-tile256-stride128-ds8.jpg,PHerc1667,20251220020000-w030_2025122002_flatboi,canon,2,5,1024,311,118,117,0.7016,0.7037,93,84,537.4,601.2,0.1563,0.1574
PHerc1667/segments/20251220020000-w030_2025122002_flatboi/ink-detection/downsampled/PHerc1667-20251220020000-2.399um-0.22m-78keV-volume-20251217075048-20260417190342-new_canon_autoresearch_recipe-tile256-stride128-ds8.jpg,PHerc1667,20251220020000-w030_2025122002_flatboi,canon,3,0,1024,311,118,117,0.3488,0.3555,54,51,479.8,506.2,0.0305,0.0305
PHerc1667/segments/20251220020000-w030_2025122002_flatboi/ink-detection/downsampled/PHerc1667-20251220020000-2.399um-0.22m-78keV-volume-20251217075048-20260417190342-new_canon_autoresearch_recipe-tile256-stride128-ds8.jpg,PHerc1667,20251220020000-w030_2025122002_flatboi,canon,3,1,1024,311,118,117,0.3896,0.3924,51,49,441.4,443.0,0.0249,0.0248
PHerc1667/segments/20251220020000-w030_2025122002_flatboi/ink-detection/downsampled/PHerc1667-20251220020000-2.399um-0.22m-78keV-volume-20251217075048-20260417190342-new_canon_autoresearch_recipe-tile256-stride128-ds8.jpg,PHerc1667,20251220020000-w030_2025122002_flatboi,canon,3,4,1024,311,118,117,0.7747,0.7777,86,78,441.4,474.6,0.0835,0.0838
PHerc1667/segments/20251220020000-w030_2025122002_flatboi/ink-detection/downsampled/PHerc1667-20251220020000-2.399um-0.22m-78keV-volume-20251217075048-20260417190342-new_canon_autoresearch_recipe-tile256-stride128-ds8.jpg,PHerc1667,20251220020000-w030_2025122002_flatboi,canon,3,5,1024,311,118,117,0.7888,0.7969,75,71,518.2,506.2,0.0898,0.0901
PHerc1667/segments/20251220020000-w030_2025122002_flatboi/ink-detection/downsampled/PHerc1667-20251220020000-2.399um-0.22m-78keV-volume-20251217075048-20260417190342-new_canon_autoresearch_recipe-tile256-stride128-ds8.jpg,PHerc1667,20251220020000-w030_2025122002_flatboi,canon,4,0,1024,311,118,117,0.7443,0.7421,63,60,556.6,569.5,0.0732,0.0732
PHerc1667/segments/20251220020000-w030_2025122002_flatboi/ink-detection/downsampled/PHerc1667-20251220020000-2.399um-0.22m-78keV-volume-20251217075048-20260417190342-new_canon_autoresearch_recipe-tile256-stride128-ds8.jpg,PHerc1667,20251220020000-w030_2025122002_flatboi,canon,4,1,1024,311,118,117,0.4845,0.4817,72,67,547.0,569.5,0.0931,0.0931
PHerc1667/segments/20251220020000-w030_2025122002_flatboi/ink-detection/downsampled/PHerc1667-20251220020000-2.399um-0.22m-78keV-volume-20251217075048-20260417190342-new_canon_autoresearch_recipe-tile256-stride128-ds8.jpg,PHerc1667,20251220020000-w030_2025122002_flatboi,canon,4,2,1024,311,118,117,0.7999,0.7994,82,76,537.4,569.5,0.0964,0.0967
PHerc1667/segments/20251220020000-w030_2025122002_flatboi/ink-detection/downsampled/PHerc1667-20251220020000-2.399um-0.22m-78keV-volume-20251217075048-20260417190342-new_canon_autoresearch_recipe-tile256-stride128-ds8.jpg,PHerc1667,20251220020000-w030_2025122002_flatboi,canon,4,3,1024,311,118,117,0.7631,0.7659,104,95,537.4,569.5,0.1114,0.1117
PHerc1667/segments/20251220020000-w030_2025122002_flatboi/ink-detection/downsampled/PHerc1667-20251220020000-2.399um-0.22m-78keV-volume-20251217075048-20260417190342-new_canon_autoresearch_recipe-tile256-stride128-ds8.jpg,PHerc1667,20251220020000-w030_2025122002_flatboi,canon,4,4,1024,311,118,117,0.8515,0.8526,104,96,508.6,569.5,0.1272,0.1285
PHerc1667/segments/20251220020000-w030_2025122002_flatboi/ink-detection/downsampled/PHerc1667-20251220020000-2.399um-0.22m-78keV-volume-20251217075048-20260417190342-new_canon_autoresearch_recipe-tile256-stride128-ds8.jpg,PHerc1667,20251220020000-w030_2025122002_flatboi,canon,4,5,1024,311,118,117,0.8494,0.8567,84,81,537.4,569.5,0.105,0.1064
PHerc1667/segments/20251220020000-w030_2025122002_flatboi/ink-detection/downsampled/PHerc1667-20251220020000-2.399um-0.22m-78keV-volume-20251217075048-20260417190342-new_canon_autoresearch_recipe-tile256-stride128-ds8.jpg,PHerc1667,20251220020000-w030_2025122002_flatboi,canon,5,0,1024,311,118,117,0.8618,0.8631,63,57,479.8,569.5,0.092,0.0924
PHerc1667/segments/20251220020000-w030_2025122002_flatboi/ink-detection/downsampled/PHerc1667-20251220020000-2.399um-0.22m-78keV-volume-20251217075048-20260417190342-new_canon_autoresearch_recipe-tile256-stride128-ds8.jpg,PHerc1667,20251220020000-w030_2025122002_flatboi,canon,5,1,1024,311,118,117,0.6491,0.6441,80,73,566.2,632.8,0.125,0.1254
PHerc1667/segments/20251220020000-w030_2025122002_flatboi/ink-detection/downsampled/PHerc1667-20251220020000-2.399um-0.22m-78keV-volume-20251217075048-20260417190342-new_canon_autoresearch_recipe-tile256-stride128-ds8.jpg,PHerc1667,20251220020000-w030_2025122002_flatboi,canon,5,2,1024,311,118,117,0.8341,0.8354,99,91,518.2,569.5,0.1182,0.1186
PHerc1667/segments/20251220020000-w030_2025122002_flatboi/ink-detection/downsampled/PHerc1667-20251220020000-2.399um-0.22m-78keV-volume-20251217075048-20260417190342-new_canon_autoresearch_recipe-tile256-stride128-ds8.jpg,PHerc1667,20251220020000-w030_2025122002_flatboi,canon,5,3,1024,311,118,117,0.7206,0.7258,93,89,575.8,632.8,0.0959,0.0962
PHerc1667/segments/20251220020000-w030_2025122002_flatboi/ink-detection/downsampled/PHerc1667-20251220020000-2.399um-0.22m-78keV-volume-20251217075048-20260417190342-new_canon_autoresearch_recipe-tile256-stride128-ds8.jpg,PHerc1667,20251220020000-w030_2025122002_flatboi,canon,5,4,1024,311,118,117,0.8013,0.7944,66,65,642.9,632.8,0.0915,0.092
PHerc1667/segments/20251220020000-w030_2025122002_flatboi/ink-detection/downsampled/PHerc1667-20251220020000-2.399um-0.22m-78keV-volume-20251217075048-20260417190342-new_canon_autoresearch_recipe-tile256-stride128-ds8.jpg,PHerc1667,20251220020000-w030_2025122002_flatboi,canon,5,5,1024,311,118,117,0.8576,0.8521,66,65,652.5,632.8,0.0969,0.0979
PHerc1667/segments/20251220020000-w030_2025122002_flatboi/ink-detection/downsampled/PHerc1667-20251220020000-2.399um-0.22m-78keV-volume-20251217075048-20260417190342-new_canon_autoresearch_recipe-tile256-stride128-ds8.jpg,PHerc1667,20251220020000-w030_2025122002_flatboi,canon,6,1,1024,311,118,117,0.7741,0.7666,89,82,595.0,632.8,0.0879,0.0888
PHerc1667/segments/20251220020000-w030_2025122002_flatboi/ink-detection/downsampled/PHerc1667-20251220020000-2.399um-0.22m-78keV-volume-20251217075048-20260417190342-new_canon_autoresearch_recipe-tile256-stride128-ds8.jpg,PHerc1667,20251220020000-w030_2025122002_flatboi,canon,6,2,1024,311,118,117,0.7554,0.7551,126,81,287.9,569.5,0.0928,0.0927
PHerc1667/segments/20251220020000-w030_2025122002_flatboi/ink-detection/downsampled/PHerc1667-20251220020000-2.399um-0.22m-78keV-volume-20251217075048-20260417190342-new_canon_autoresearch_recipe-tile256-stride128-ds8.jpg,PHerc1667,20251220020000-w030_2025122002_flatboi,canon,6,3,1024,311,118,117,0.7121,0.7179,124,79,287.9,506.2,0.075,0.0753
PHerc1667/segments/20251220020000-w030_2025122002_flatboi/ink-detection/downsampled/PHerc1667-20251220020000-2.399um-0.22m-78keV-volume-20251217075048-20260417190342-new_canon_autoresearch_recipe-tile256-stride128-ds8.jpg,PHerc1667,20251220020000-w030_2025122002_flatboi,canon,6,4,1024,311,118,117,0.699,0.7108,92,82,556.6,569.5,0.0794,0.0799
PHerc1667/segments/20251220020000-w030_2025122002_flatboi/ink-detection/downsampled/PHerc1667-20251220020000-2.399um-0.22m-78keV-volume-20251217075048-20260417190342-new_canon_autoresearch_recipe-tile256-stride128-ds8.jpg,PHerc1667,20251220020000-w030_2025122002_flatboi,canon,6,5,1024,311,118,117,0.8181,0.8263,66,60,575.8,632.8,0.0779,0.0779
PHerc1667/segments/20251220020000-w030_2025122002_flatboi/ink-detection/downsampled/PHerc1667-20251220020000-2.399um-0.22m-78keV-volume-20251217075048-20260417190342-new_canon_autoresearch_recipe-tile256-stride128-ds8.jpg,PHerc1667,20251220020000-w030_2025122002_flatboi,canon,7,1,1024,311,118,117,0.5106,0.5156,115,105,537.4,506.2,0.0729,0.073
PHerc1667/segments/20251220020000-w030_2025122002_flatboi/ink-detection/downsampled/PHerc1667-20251220020000-2.399um-0.22m-78keV-volume-20251217075048-20260417190342-new_canon_autoresearch_recipe-tile256-stride128-ds8.jpg,PHerc1667,20251220020000-w030_2025122002_flatboi,canon,7,4,1024,311,118,117,0.7656,0.7693,108,83,422.2,506.2,0.0875,0.0877
PHerc1667/segments/20251220020000-w030_2025122002_flatboi/ink-detection/downsampled/PHerc1667-20251220020000-2.399um-0.22m-78keV-volume-20251217075048-20260417190342-new_canon_autoresearch_recipe-tile256-stride128-ds8.jpg,PHerc1667,20251220020000-w030_2025122002_flatboi,canon,7,5,1024,311,118,117,0.8105,0.8216,99,83,460.6,569.5,0.1027,0.1033
PHerc1667/segments/20251223230000-w031_2025122323_flatboi/ink-detection/downsampled/PHerc1667-20251223230000-2.399um-0.22m-78keV-volume-20251217075048-20260417190342-new_canon_autoresearch_recipe-tile256-stride128-ds8.jpg,PHerc1667,20251223230000-w031_2025122323_flatboi,canon,0,4,1024,311,121,120,0.8949,0.8961,110,93,566.2,632.8,0.2315,0.2328
PHerc1667/segments/20251223230000-w031_2025122323_flatboi/ink-detection/downsampled/PHerc1667-20251223230000-2.399um-0.22m-78keV-volume-20251217075048-20260417190342-new_canon_autoresearch_recipe-tile256-stride128-ds8.jpg,PHerc1667,20251223230000-w031_2025122323_flatboi,canon,1,0,1024,311,121,120,0.4927,0.492,95,76,345.5,443.0,0.0435,0.0435
PHerc1667/segments/20251223230000-w031_2025122323_flatboi/ink-detection/downsampled/PHerc1667-20251223230000-2.399um-0.22m-78keV-volume-20251217075048-20260417190342-new_canon_autoresearch_recipe-tile256-stride128-ds8.jpg,PHerc1667,20251223230000-w031_2025122323_flatboi,canon,1,1,1024,311,121,120,0.6106,0.6113,88,83,489.4,506.2,0.0647,0.0647
PHerc1667/segments/20251223230000-w031_2025122323_flatboi/ink-detection/downsampled/PHerc1667-20251223230000-2.399um-0.22m-78keV-volume-20251217075048-20260417190342-new_canon_autoresearch_recipe-tile256-stride128-ds8.jpg,PHerc1667,20251223230000-w031_2025122323_flatboi,canon,1,4,1024,311,121,120,0.8905,0.8952,113,106,575.8,632.8,0.2272,0.2288
PHerc1667/segments/20251223230000-w031_2025122323_flatboi/ink-detection/downsampled/PHerc1667-20251223230000-2.399um-0.22m-78keV-volume-20251217075048-20260417190342-new_canon_autoresearch_recipe-tile256-stride128-ds8.jpg,PHerc1667,20251223230000-w031_2025122323_flatboi,canon,1,5,1024,311,121,120,0.8838,0.8918,109,101,575.8,569.5,0.2051,0.2071
PHerc1667/segments/20251223230000-w031_2025122323_flatboi/ink-detection/downsampled/PHerc1667-20251223230000-2.399um-0.22m-78keV-volume-20251217075048-20260417190342-new_canon_autoresearch_recipe-tile256-stride128-ds8.jpg,PHerc1667,20251223230000-w031_2025122323_flatboi,canon,2,0,1024,311,121,120,0.5609,0.5594,54,51,383.8,443.0,0.0308,0.0311
PHerc1667/segments/20251223230000-w031_2025122323_flatboi/ink-detection/downsampled/PHerc1667-20251223230000-2.399um-0.22m-78keV-volume-20251217075048-20260417190342-new_canon_autoresearch_recipe-tile256-stride128-ds8.jpg,PHerc1667,20251223230000-w031_2025122323_flatboi,canon,2,1,1024,311,121,120,0.7739,0.7874,73,68,422.2,443.0,0.0784,0.0784
PHerc1667/segments/20251223230000-w031_2025122323_flatboi/ink-detection/downsampled/PHerc1667-20251223230000-2.399um-0.22m-78keV-volume-20251217075048-20260417190342-new_canon_autoresearch_recipe-tile256-stride128-ds8.jpg,PHerc1667,20251223230000-w031_2025122323_flatboi,canon,2,5,1024,311,121,120,0.7885,0.8009,83,75,633.3,632.8,0.1032,0.1036
PHerc1667/segments/20251223230000-w031_2025122323_flatboi/ink-detection/downsampled/PHerc1667-20251223230000-2.399um-0.22m-78keV-volume-20251217075048-20260417190342-new_canon_autoresearch_recipe-tile256-stride128-ds8.jpg,PHerc1667,20251223230000-w031_2025122323_flatboi,canon,3,0,1024,311,121,120,0.7847,0.7807,26,26,441.4,474.6,0.0268,0.0272
PHerc1667/segments/20251223230000-w031_2025122323_flatboi/ink-detection/downsampled/PHerc1667-20251223230000-2.399um-0.22m-78keV-volume-20251217075048-20260417190342-new_canon_autoresearch_recipe-tile256-stride128-ds8.jpg,PHerc1667,20251223230000-w031_2025122323_flatboi,canon,3,1,1024,311,121,120,0.8456,0.844,53,51,518.2,569.5,0.0751,0.0754
PHerc1667/segments/20251223230000-w031_2025122323_flatboi/ink-detection/downsampled/PHerc1667-20251223230000-2.399um-0.22m-78keV-volume-20251217075048-20260417190342-new_canon_autoresearch_recipe-tile256-stride128-ds8.jpg,PHerc1667,20251223230000-w031_2025122323_flatboi,canon,3,5,1024,311,121,120,0.7677,0.7755,82,76,575.8,632.8,0.0829,0.0829
PHerc1667/segments/20251223230000-w031_2025122323_flatboi/ink-detection/downsampled/PHerc1667-20251223230000-2.399um-0.22m-78keV-volume-20251217075048-20260417190342-new_canon_autoresearch_recipe-tile256-stride128-ds8.jpg,PHerc1667,20251223230000-w031_2025122323_flatboi,canon,4,0,1024,311,121,120,0.8593,0.856,23,23,441.4,379.7,0.0318,0.0318
PHerc1667/segments/20251223230000-w031_2025122323_flatboi/ink-detection/downsampled/PHerc1667-20251223230000-2.399um-0.22m-78keV-volume-20251217075048-20260417190342-new_canon_autoresearch_recipe-tile256-stride128-ds8.jpg,PHerc1667,20251223230000-w031_2025122323_flatboi,canon,4,1,1024,311,121,120,0.8718,0.8691,55,53,556.6,569.5,0.0902,0.0908
PHerc1667/segments/20251223230000-w031_2025122323_flatboi/ink-detection/downsampled/PHerc1667-20251223230000-2.399um-0.22m-78keV-volume-20251217075048-20260417190342-new_canon_autoresearch_recipe-tile256-stride128-ds8.jpg,PHerc1667,20251223230000-w031_2025122323_flatboi,canon,4,2,1024,311,121,120,0.8908,0.9011,63,59,710.1,759.4,0.1227,0.1232
PHerc1667/segments/20251223230000-w031_2025122323_flatboi/ink-detection/downsampled/PHerc1667-20251223230000-2.399um-0.22m-78keV-volume-20251217075048-20260417190342-new_canon_autoresearch_recipe-tile256-stride128-ds8.jpg,PHerc1667,20251223230000-w031_2025122323_flatboi,canon,4,3,1024,311,121,120,0.8766,0.8872,83,72,633.3,632.8,0.1485,0.1488
PHerc1667/segments/20251223230000-w031_2025122323_flatboi/ink-detection/downsampled/PHerc1667-20251223230000-2.399um-0.22m-78keV-volume-20251217075048-20260417190342-new_canon_autoresearch_recipe-tile256-stride128-ds8.jpg,PHerc1667,20251223230000-w031_2025122323_flatboi,canon,4,4,1024,311,121,120,0.8532,0.8565,102,90,623.7,632.8,0.152,0.1528
PHerc1667/segments/20251223230000-w031_2025122323_flatboi/ink-detection/downsampled/PHerc1667-20251223230000-2.399um-0.22m-78keV-volume-20251217075048-20260417190342-new_canon_autoresearch_recipe-tile256-stride128-ds8.jpg,PHerc1667,20251223230000-w031_2025122323_flatboi,canon,4,5,1024,311,121,120,0.8566,0.8627,98,95,556.6,569.5,0.1447,0.1447
PHerc1667/segments/20251223230000-w031_2025122323_flatboi/ink-detection/downsampled/PHerc1667-20251223230000-2.399um-0.22m-78keV-volume-20251217075048-20260417190342-new_canon_autoresearch_recipe-tile256-stride128-ds8.jpg,PHerc1667,20251223230000-w031_2025122323_flatboi,canon,5,0,1024,311,121,120,0.8702,0.868,27,25,383.8,443.0,0.0375,0.0374
PHerc1667/segments/20251223230000-w031_2025122323_flatboi/ink-detection/downsampled/PHerc1667-20251223230000-2.399um-0.22m-78keV-volume-20251217075048-20260417190342-new_canon_autoresearch_recipe-tile256-stride128-ds8.jpg,PHerc1667,20251223230000-w031_2025122323_flatboi,canon,5,1,1024,311,121,120,0.8976,0.8976,61,57,537.4,569.5,0.1213,0.121
PHerc1667/segments/20251223230000-w031_2025122323_flatboi/ink-detection/downsampled/PHerc1667-20251223230000-2.399um-0.22m-78keV-volume-20251217075048-20260417190342-new_canon_autoresearch_recipe-tile256-stride128-ds8.jpg,PHerc1667,20251223230000-w031_2025122323_flatboi,canon,5,2,1024,311,121,120,0.8983,0.909,73,65,614.1,696.1,0.1545,0.1546
PHerc1667/segments/20251223230000-w031_2025122323_flatboi/ink-detection/downsampled/PHerc1667-20251223230000-2.399um-0.22m-78keV-volume-20251217075048-20260417190342-new_canon_autoresearch_recipe-tile256-stride128-ds8.jpg,PHerc1667,20251223230000-w031_2025122323_flatboi,canon,5,3,1024,311,121,120,0.8756,0.8796,83,73,652.5,632.8,0.1665,0.1673
PHerc1667/segments/20251223230000-w031_2025122323_flatboi/ink-detection/downsampled/PHerc1667-20251223230000-2.399um-0.22m-78keV-volume-20251217075048-20260417190342-new_canon_autoresearch_recipe-tile256-stride128-ds8.jpg,PHerc1667,20251223230000-w031_2025122323_flatboi,canon,5,4,1024,311,121,120,0.8792,0.8715,97,89,690.9,696.1,0.1944,0.196
PHerc1667/segments/20251223230000-w031_2025122323_flatboi/ink-detection/downsampled/PHerc1667-20251223230000-2.399um-0.22m-78keV-volume-20251217075048-20260417190342-new_canon_autoresearch_recipe-tile256-stride128-ds8.jpg,PHerc1667,20251223230000-w031_2025122323_flatboi,canon,5,5,1024,311,121,120,0.8576,0.8559,116,109,566.2,632.8,0.1864,0.1875
PHerc1667/segments/20251223230000-w031_2025122323_flatboi/ink-detection/downsampled/PHerc1667-20251223230000-2.399um-0.22m-78keV-volume-20251217075048-20260417190342-new_canon_autoresearch_recipe-tile256-stride128-ds8.jpg,PHerc1667,20251223230000-w031_2025122323_flatboi,canon,6,1,1024,311,121,120,0.5534,0.555,89,83,537.4,569.5,0.1826,0.1802
PHerc1667/segments/20251223230000-w031_2025122323_flatboi/ink-detection/downsampled/PHerc1667-20251223230000-2.399um-0.22m-78keV-volume-20251217075048-20260417190342-new_canon_autoresearch_recipe-tile256-stride128-ds8.jpg,PHerc1667,20251223230000-w031_2025122323_flatboi,canon,6,2,1024,311,121,120,0.5963,0.5949,93,75,518.2,569.5,0.1557,0.1555
PHerc1667/segments/20251223230000-w031_2025122323_flatboi/ink-detection/downsampled/PHerc1667-20251223230000-2.399um-0.22m-78keV-volume-20251217075048-20260417190342-new_canon_autoresearch_recipe-tile256-stride128-ds8.jpg,PHerc1667,20251223230000-w031_2025122323_flatboi,canon,6,4,1024,311,121,120,0.8616,0.6675,113,98,575.8,632.8,0.1785,0.1792
PHerc1667/segments/20251223230000-w031_2025122323_flatboi/ink-detection/downsampled/PHerc1667-20251223230000-2.399um-0.22m-78keV-volume-20251217075048-20260417190342-new_canon_autoresearch_recipe-tile256-stride128-ds8.jpg,PHerc1667,20251223230000-w031_2025122323_flatboi,canon,6,5,1024,311,121,120,0.8484,0.8337,124,112,518.2,569.5,0.1574,0.1585
PHerc1667/segments/20251223230000-w031_2025122323_flatboi/ink-detection/downsampled/PHerc1667-20251223230000-2.399um-0.22m-78keV-volume-20251217075048-20260417190342-new_canon_autoresearch_recipe-tile256-stride128-ds8.jpg,PHerc1667,20251223230000-w031_2025122323_flatboi,canon,7,1,1024,311,121,120,0.3075,0.3102,118,109,575.8,569.5,0.2046,0.2057
PHerc1667/segments/20251223230000-w031_2025122323_flatboi/ink-detection/downsampled/PHerc1667-20251223230000-2.399um-0.22m-78keV-volume-20251217075048-20260417190342-new_canon_autoresearch_recipe-tile256-stride128-ds8.jpg,PHerc1667,20251223230000-w031_2025122323_flatboi,canon,7,5,1024,311,121,120,0.7693,0.7462,92,85,393.4,443.0,0.0832,0.0833
PHerc1667/segments/20260105050000-w032_2026010505_flatboi/ink-detection/downsampled/PHerc1667-20260105050000-2.399um-0.22m-78keV-volume-20251217075048-20260417190342-new_canon_autoresearch_recipe-tile256-stride128-ds8.jpg,PHerc1667,20260105050000-w032_2026010505_flatboi,canon,0,4,1024,311,119,118,0.8472,0.8271,110,97,518.2,632.8,0.1287,0.1297
PHerc1667/segments/20260105050000-w032_2026010505_flatboi/ink-detection/downsampled/PHerc1667-20260105050000-2.399um-0.22m-78keV-volume-20251217075048-20260417190342-new_canon_autoresearch_recipe-tile256-stride128-ds8.jpg,PHerc1667,20260105050000-w032_2026010505_flatboi,canon,1,0,1024,311,119,118,0.6913,0.6847,117,99,403.0,506.2,0.163,0.163
PHerc1667/segments/20260105050000-w032_2026010505_flatboi/ink-detection/downsampled/PHerc1667-20260105050000-2.399um-0.22m-78keV-volume-20251217075048-20260417190342-new_canon_autoresearch_recipe-tile256-stride128-ds8.jpg,PHerc1667,20260105050000-w032_2026010505_flatboi,canon,1,1,1024,311,119,118,0.8658,0.852,113,88,364.6,506.2,0.1307,0.1309
PHerc1667/segments/20260105050000-w032_2026010505_flatboi/ink-detection/downsampled/PHerc1667-20260105050000-2.399um-0.22m-78keV-volume-20251217075048-20260417190342-new_canon_autoresearch_recipe-tile256-stride128-ds8.jpg,PHerc1667,20260105050000-w032_2026010505_flatboi,canon,1,4,1024,311,119,118,0.8304,0.8228,115,106,518.2,569.5,0.1357,0.1359
PHerc1667/segments/20260105050000-w032_2026010505_flatboi/ink-detection/downsampled/PHerc1667-20260105050000-2.399um-0.22m-78keV-volume-20251217075048-20260417190342-new_canon_autoresearch_recipe-tile256-stride128-ds8.jpg,PHerc1667,20260105050000-w032_2026010505_flatboi,canon,1,5,1024,311,119,118,0.8059,0.798,116,102,556.6,632.8,0.1482,0.1491
PHerc1667/segments/20260105050000-w032_2026010505_flatboi/ink-detection/downsampled/PHerc1667-20260105050000-2.399um-0.22m-78keV-volume-20251217075048-20260417190342-new_canon_autoresearch_recipe-tile256-stride128-ds8.jpg,PHerc1667,20260105050000-w032_2026010505_flatboi,canon,2,0,1024,311,119,118,0.5607,0.5562,96,91,556.6,569.5,0.1324,0.1326
PHerc1667/segments/20260105050000-w032_2026010505_flatboi/ink-detection/downsampled/PHerc1667-20260105050000-2.399um-0.22m-78keV-volume-20251217075048-20260417190342-new_canon_autoresearch_recipe-tile256-stride128-ds8.jpg,PHerc1667,20260105050000-w032_2026010505_flatboi,canon,2,1,1024,311,119,118,0.8299,0.8131,114,101,537.4,632.8,0.138,0.1381
PHerc1667/segments/20260105050000-w032_2026010505_flatboi/ink-detection/downsampled/PHerc1667-20260105050000-2.399um-0.22m-78keV-volume-20251217075048-20260417190342-new_canon_autoresearch_recipe-tile256-stride128-ds8.jpg,PHerc1667,20260105050000-w032_2026010505_flatboi,canon,2,5,1024,311,119,118,0.6555,0.6566,81,68,518.2,569.5,0.0576,0.0583
PHerc1667/segments/20260105050000-w032_2026010505_flatboi/ink-detection/downsampled/PHerc1667-20260105050000-2.399um-0.22m-78keV-volume-20251217075048-20260417190342-new_canon_autoresearch_recipe-tile256-stride128-ds8.jpg,PHerc1667,20260105050000-w032_2026010505_flatboi,canon,2,6,1024,311,119,118,0.507,0.4943,66,57,451.0,506.2,0.0338,0.0345
PHerc1667/segments/20260105050000-w032_2026010505_flatboi/ink-detection/downsampled/PHerc1667-20260105050000-2.399um-0.22m-78keV-volume-20251217075048-20260417190342-new_canon_autoresearch_recipe-tile256-stride128-ds8.jpg,PHerc1667,20260105050000-w032_2026010505_flatboi,canon,3,0,1024,311,119,118,0.6571,0.6387,78,79,527.8,506.2,0.0689,0.0695
PHerc1667/segments/20260105050000-w032_2026010505_flatboi/ink-detection/downsampled/PHerc1667-20260105050000-2.399um-0.22m-78keV-volume-20251217075048-20260417190342-new_canon_autoresearch_recipe-tile256-stride128-ds8.jpg,PHerc1667,20260105050000-w032_2026010505_flatboi,canon,3,1,1024,311,119,118,0.771,0.7599,105,101,556.6,569.5,0.108,0.1083
PHerc1667/segments/20260105050000-w032_2026010505_flatboi/ink-detection/downsampled/PHerc1667-20260105050000-2.399um-0.22m-78keV-volume-20251217075048-20260417190342-new_canon_autoresearch_recipe-tile256-stride128-ds8.jpg,PHerc1667,20260105050000-w032_2026010505_flatboi,canon,3,5,1024,311,119,118,0.6238,0.5958,65,58,518.2,537.9,0.0534,0.0534
PHerc1667/segments/20260105050000-w032_2026010505_flatboi/ink-detection/downsampled/PHerc1667-20260105050000-2.399um-0.22m-78keV-volume-20251217075048-20260417190342-new_canon_autoresearch_recipe-tile256-stride128-ds8.jpg,PHerc1667,20260105050000-w032_2026010505_flatboi,canon,3,6,1024,311,119,118,0.5374,0.5304,52,44,422.2,443.0,0.028,0.0282
PHerc1667/segments/20260105050000-w032_2026010505_flatboi/ink-detection/downsampled/PHerc1667-20260105050000-2.399um-0.22m-78keV-volume-20251217075048-20260417190342-new_canon_autoresearch_recipe-tile256-stride128-ds8.jpg,PHerc1667,20260105050000-w032_2026010505_flatboi,canon,4,0,1024,311,119,118,0.7676,0.7679,69,67,595.0,632.8,0.0851,0.0855
PHerc1667/segments/20260105050000-w032_2026010505_flatboi/ink-detection/downsampled/PHerc1667-20260105050000-2.399um-0.22m-78keV-volume-20251217075048-20260417190342-new_canon_autoresearch_recipe-tile256-stride128-ds8.jpg,PHerc1667,20260105050000-w032_2026010505_flatboi,canon,4,1,1024,311,119,118,0.7439,0.7458,109,104,537.4,569.5,0.1106,0.1114
PHerc1667/segments/20260105050000-w032_2026010505_flatboi/ink-detection/downsampled/PHerc1667-20260105050000-2.399um-0.22m-78keV-volume-20251217075048-20260417190342-new_canon_autoresearch_recipe-tile256-stride128-ds8.jpg,PHerc1667,20260105050000-w032_2026010505_flatboi,canon,4,2,1024,311,119,118,0.8222,0.8102,109,87,460.6,569.5,0.125,0.1251
PHerc1667/segments/20260105050000-w032_2026010505_flatboi/ink-detection/downsampled/PHerc1667-20260105050000-2.399um-0.22m-78keV-volume-20251217075048-20260417190342-new_canon_autoresearch_recipe-tile256-stride128-ds8.jpg,PHerc1667,20260105050000-w032_2026010505_flatboi,canon,4,3,1024,311,119,118,0.8703,0.8614,115,78,383.8,601.2,0.1398,0.1387
PHerc1667/segments/20260105050000-w032_2026010505_flatboi/ink-detection/downsampled/PHerc1667-20260105050000-2.399um-0.22m-78keV-volume-20251217075048-20260417190342-new_canon_autoresearch_recipe-tile256-stride128-ds8.jpg,PHerc1667,20260105050000-w032_2026010505_flatboi,canon,4,4,1024,311,119,118,0.8425,0.8354,122,87,460.6,696.1,0.1491,0.1488
PHerc1667/segments/20260105050000-w032_2026010505_flatboi/ink-detection/downsampled/PHerc1667-20260105050000-2.399um-0.22m-78keV-volume-20251217075048-20260417190342-new_canon_autoresearch_recipe-tile256-stride128-ds8.jpg,PHerc1667,20260105050000-w032_2026010505_flatboi,canon,4,5,1024,311,119,118,0.7899,0.7755,95,78,479.8,569.5,0.1117,0.1124
PHerc1667/segments/20260105050000-w032_2026010505_flatboi/ink-detection/downsampled/PHerc1667-20260105050000-2.399um-0.22m-78keV-volume-20251217075048-20260417190342-new_canon_autoresearch_recipe-tile256-stride128-ds8.jpg,PHerc1667,20260105050000-w032_2026010505_flatboi,canon,4,6,1024,311,119,118,0.6063,0.5976,50,48,422.2,443.0,0.034,0.0343
PHerc1667/segments/20260105050000-w032_2026010505_flatboi/ink-detection/downsampled/PHerc1667-20260105050000-2.399um-0.22m-78keV-volume-20251217075048-20260417190342-new_canon_autoresearch_recipe-tile256-stride128-ds8.jpg,PHerc1667,20260105050000-w032_2026010505_flatboi,canon,5,1,1024,311,119,118,0.7725,0.7529,69,68,690.9,632.8,0.0932,0.0934
PHerc1667/segments/20260105050000-w032_2026010505_flatboi/ink-detection/downsampled/PHerc1667-20260105050000-2.399um-0.22m-78keV-volume-20251217075048-20260417190342-new_canon_autoresearch_recipe-tile256-stride128-ds8.jpg,PHerc1667,20260105050000-w032_2026010505_flatboi,canon,5,2,1024,311,119,118,0.7406,0.724,103,84,499.0,569.5,0.0999,0.1004
PHerc1667/segments/20260105050000-w032_2026010505_flatboi/ink-detection/downsampled/PHerc1667-20260105050000-2.399um-0.22m-78keV-volume-20251217075048-20260417190342-new_canon_autoresearch_recipe-tile256-stride128-ds8.jpg,PHerc1667,20260105050000-w032_2026010505_flatboi,canon,5,3,1024,311,119,118,0.7993,0.7892,120,90,412.6,569.5,0.1157,0.1159
PHerc1667/segments/20260105050000-w032_2026010505_flatboi/ink-detection/downsampled/PHerc1667-20260105050000-2.399um-0.22m-78keV-volume-20251217075048-20260417190342-new_canon_autoresearch_recipe-tile256-stride128-ds8.jpg,PHerc1667,20260105050000-w032_2026010505_flatboi,canon,5,4,1024,311,119,118,0.8856,0.8895,114,85,374.2,759.4,0.1477,0.1477
PHerc1667/segments/20260105050000-w032_2026010505_flatboi/ink-detection/downsampled/PHerc1667-20260105050000-2.399um-0.22m-78keV-volume-20251217075048-20260417190342-new_canon_autoresearch_recipe-tile256-stride128-ds8.jpg,PHerc1667,20260105050000-w032_2026010505_flatboi,canon,5,5,1024,311,119,118,0.8775,0.8877,93,71,364.6,569.5,0.1117,0.1127
PHerc1667/segments/20260105050000-w032_2026010505_flatboi/ink-detection/downsampled/PHerc1667-20260105050000-2.399um-0.22m-78keV-volume-20251217075048-20260417190342-new_canon_autoresearch_recipe-tile256-stride128-ds8.jpg,PHerc1667,20260105050000-w032_2026010505_flatboi,canon,5,6,1024,311,119,118,0.6924,0.6852,46,43,364.6,379.7,0.0275,0.0277
PHerc1667/segments/20260105050000-w032_2026010505_flatboi/ink-detection/downsampled/PHerc1667-20260105050000-2.399um-0.22m-78keV-volume-20251217075048-20260417190342-new_canon_autoresearch_recipe-tile256-stride128-ds8.jpg,PHerc1667,20260105050000-w032_2026010505_flatboi,canon,6,1,1024,311,119,118,0.7016,0.6886,107,95,460.6,443.0,0.0914,0.0909
PHerc1667/segments/20260105050000-w032_2026010505_flatboi/ink-detection/downsampled/PHerc1667-20260105050000-2.399um-0.22m-78keV-volume-20251217075048-20260417190342-new_canon_autoresearch_recipe-tile256-stride128-ds8.jpg,PHerc1667,20260105050000-w032_2026010505_flatboi,canon,6,2,1024,311,119,118,0.6511,0.6633,120,96,403.0,474.6,0.0813,0.0815
PHerc1667/segments/20260105050000-w032_2026010505_flatboi/ink-detection/downsampled/PHerc1667-20260105050000-2.399um-0.22m-78keV-volume-20251217075048-20260417190342-new_canon_autoresearch_recipe-tile256-stride128-ds8.jpg,PHerc1667,20260105050000-w032_2026010505_flatboi,canon,6,4,1024,311,119,118,0.7933,0.7664,125,99,403.0,569.5,0.1098,0.1105
PHerc1667/segments/20260105050000-w032_2026010505_flatboi/ink-detection/downsampled/PHerc1667-20260105050000-2.399um-0.22m-78keV-volume-20251217075048-20260417190342-new_canon_autoresearch_recipe-tile256-stride128-ds8.jpg,PHerc1667,20260105050000-w032_2026010505_flatboi,canon,6,5,1024,311,119,118,0.7908,0.7654,96,92,518.2,506.2,0.1025,0.1019
PHerc1667/segments/20260105050000-w032_2026010505_flatboi/ink-detection/downsampled/PHerc1667-20260105050000-2.399um-0.22m-78keV-volume-20251217075048-20260417190342-new_canon_autoresearch_recipe-tile256-stride128-ds8.jpg,PHerc1667,20260105050000-w032_2026010505_flatboi,canon,6,6,1024,311,119,118,0.7484,0.7202,75,71,422.2,443.0,0.0572,0.0566
PHerc1667/segments/20260105050000-w032_2026010505_flatboi/ink-detection/downsampled/PHerc1667-20260105050000-2.399um-0.22m-78keV-volume-20251217075048-20260417190342-new_canon_autoresearch_recipe-tile256-stride128-ds8.jpg,PHerc1667,20260105050000-w032_2026010505_flatboi,canon,7,1,1024,311,119,118,0.2454,0.2491,130,115,441.4,443.0,0.2179,0.2185
PHerc1667/segments/20260105050000-w032_2026010505_flatboi/ink-detection/downsampled/PHerc1667-20260105050000-2.399um-0.22m-78keV-volume-20251217075048-20260417190342-new_canon_autoresearch_recipe-tile256-stride128-ds8.jpg,PHerc1667,20260105050000-w032_2026010505_flatboi,canon,7,5,1024,311,119,118,0.7304,0.6623,94,91,614.1,569.5,0.1575,0.1585
PHerc1667/segments/20260105050000-w032_2026010505_flatboi/ink-detection/downsampled/PHerc1667-20260105050000-2.399um-0.22m-78keV-volume-20251217075048-20260417190342-new_canon_autoresearch_recipe-tile256-stride128-ds8.jpg,PHerc1667,20260105050000-w032_2026010505_flatboi,canon,7,6,1024,311,119,118,0.6549,0.6276,115,113,537.4,506.2,0.1451,0.1466
PHerc1667/segments/20260108140509-w011_20260108140509268_flatboi/ink-detection/downsampled/PHerc1667-20260108140509-2.399um-0.22m-78keV-volume-20251217075048-20260417190342-new_canon_autoresearch_recipe-tile256-stride128-ds8.jpg,PHerc1667,20260108140509-w011_20260108140509268_flatboi,canon,0,0,1024,311,102,101,0.238,0.1615,105,98,479.8,506.2,0.0429,0.0437
PHerc1667/segments/20260108140509-w011_20260108140509268_flatboi/ink-detection/downsampled/PHerc1667-20260108140509-2.399um-0.22m-78keV-volume-20251217075048-20260417190342-new_canon_autoresearch_recipe-tile256-stride128-ds8.jpg,PHerc1667,20260108140509-w011_20260108140509268_flatboi,canon,0,1,1024,311,102,101,0.2657,0.1848,107,98,383.8,411.3,0.0399,0.0402
PHerc1667/segments/20260108140509-w011_20260108140509268_flatboi/ink-detection/downsampled/PHerc1667-20260108140509-2.399um-0.22m-78keV-volume-20251217075048-20260417190342-new_canon_autoresearch_recipe-tile256-stride128-ds8.jpg,PHerc1667,20260108140509-w011_20260108140509268_flatboi,canon,1,0,1024,311,102,101,0.2203,0.1653,115,109,441.4,443.0,0.0417,0.0426
PHerc1667/segments/20260108140509-w011_20260108140509268_flatboi/ink-detection/downsampled/PHerc1667-20260108140509-2.399um-0.22m-78keV-volume-20251217075048-20260417190342-new_canon_autoresearch_recipe-tile256-stride128-ds8.jpg,PHerc1667,20260108140509-w011_20260108140509268_flatboi,canon,1,1,1024,311,102,101,0.2263,0.1708,124,116,383.8,379.7,0.0407,0.0413
PHerc1667/segments/20260108140509-w011_20260108140509268_flatboi/ink-detection/downsampled/PHerc1667-20260108140509-2.399um-0.22m-78keV-volume-20251217075048-20260417190342-new_canon_autoresearch_recipe-tile256-stride128-ds8.jpg,PHerc1667,20260108140509-w011_20260108140509268_flatboi,canon,2,0,1024,311,102,101,0.1892,0.19,75,72,364.6,379.7,0.0255,0.0257
PHerc1667/segments/20260108140509-w011_20260108140509268_flatboi/ink-detection/downsampled/PHerc1667-20260108140509-2.399um-0.22m-78keV-volume-20251217075048-20260417190342-new_canon_autoresearch_recipe-tile256-stride128-ds8.jpg,PHerc1667,20260108140509-w011_20260108140509268_flatboi,canon,2,1,1024,311,102,101,0.0364,0.0362,87,84,364.6,379.7,0.024,0.0243
PHerc1667/segments/20260108140509-w011_20260108140509268_flatboi/ink-detection/downsampled/PHerc1667-20260108140509-2.399um-0.22m-78keV-volume-20251217075048-20260417190342-new_canon_autoresearch_recipe-tile256-stride128-ds8.jpg,PHerc1667,20260108140509-w011_20260108140509268_flatboi,canon,3,0,1024,311,102,101,0.2721,0.2736,81,73,383.8,443.0,0.0299,0.0301
PHerc1667/segments/20260108140509-w011_20260108140509268_flatboi/ink-detection/downsampled/PHerc1667-20260108140509-2.399um-0.22m-78keV-volume-20251217075048-20260417190342-new_canon_autoresearch_recipe-tile256-stride128-ds8.jpg,PHerc1667,20260108140509-w011_20260108140509268_flatboi,canon,3,1,1024,311,102,101,0.2154,0.214,81,76,422.2,443.0,0.0297,0.0301
PHerc1667/segments/20260108140509-w011_20260108140509268_flatboi/ink-detection/downsampled/PHerc1667-20260108140509-2.399um-0.22m-78keV-volume-20251217075048-20260417190342-new_canon_autoresearch_recipe-tile256-stride128-ds8.jpg,PHerc1667,20260108140509-w011_20260108140509268_flatboi,canon,4,0,1024,311,102,101,0.2071,0.1624,67,58,364.6,443.0,0.0207,0.0206
PHerc1667/segments/20260108140509-w011_20260108140509268_flatboi/ink-detection/downsampled/PHerc1667-20260108140509-2.399um-0.22m-78keV-volume-20251217075048-20260417190342-new_canon_autoresearch_recipe-tile256-stride128-ds8.jpg,PHerc1667,20260108140509-w011_20260108140509268_flatboi,canon,4,1,1024,311,102,101,0.2219,0.2202,74,69,412.6,443.0,0.0249,0.0252
PHerc1667/segments/20260108140509-w011_20260108140509268_flatboi/ink-detection/downsampled/PHerc1667-20260108140509-2.399um-0.22m-78keV-volume-20251217075048-20260417190342-new_canon_autoresearch_recipe-tile256-stride128-ds8.jpg,PHerc1667,20260108140509-w011_20260108140509268_flatboi,canon,5,0,1024,311,102,101,0.2744,0.2064,64,59,422.2,506.2,0.026,0.0257
PHerc1667/segments/20260108140509-w011_20260108140509268_flatboi/ink-detection/downsampled/PHerc1667-20260108140509-2.399um-0.22m-78keV-volume-20251217075048-20260417190342-new_canon_autoresearch_recipe-tile256-stride128-ds8.jpg,PHerc1667,20260108140509-w011_20260108140509268_flatboi,canon,5,1,1024,311,102,101,0.1921,0.1783,66,63,383.8,379.7,0.0221,0.0219
PHerc1667/segments/20260108140509-w011_20260108140509268_flatboi/ink-detection/downsampled/PHerc1667-20260108140509-2.399um-0.22m-78keV-volume-20251217075048-20260417190342-new_canon_autoresearch_recipe-tile256-stride128-ds8.jpg,PHerc1667,20260108140509-w011_20260108140509268_flatboi,canon,6,0,1024,311,102,101,0.5836,0.6001,124,115,556.6,569.5,0.0928,0.0935
PHerc1667/segments/20260108140509-w011_20260108140509268_flatboi/ink-detection/downsampled/PHerc1667-20260108140509-2.399um-0.22m-78keV-volume-20251217075048-20260417190342-new_canon_autoresearch_recipe-tile256-stride128-ds8.jpg,PHerc1667,20260108140509-w011_20260108140509268_flatboi,canon,6,1,1024,311,102,101,0.5563,0.5329,99,93,441.4,443.0,0.0608,0.0611
PHerc1667/segments/20260108140509-w011_20260108140509268_flatboi/ink-detection/downsampled/PHerc1667-20260108140509-2.399um-0.22m-78keV-volume-20251217075048-20260417190342-new_canon_autoresearch_recipe-tile256-stride128-ds8.jpg,PHerc1667,20260108140509-w011_20260108140509268_flatboi,canon,7,0,1024,311,102,101,0.611,0.6297,144,133,595.0,632.8,0.1099,0.1115
PHerc1667/segments/20260108140509-w011_20260108140509268_flatboi/ink-detection/downsampled/PHerc1667-20260108140509-2.399um-0.22m-78keV-volume-20251217075048-20260417190342-new_canon_autoresearch_recipe-tile256-stride128-ds8.jpg,PHerc1667,20260108140509-w011_20260108140509268_flatboi,canon,7,1,1024,311,102,101,0.6168,0.6036,122,112,518.2,569.5,0.0844,0.0855
PHerc1667/segments/20260110010000-w033_2026011001_flatboi/ink-detection/downsampled/PHerc1667-20260110010000-2.399um-0.22m-78keV-volume-20251217075048-20260417190342-new_canon_autoresearch_recipe-tile256-stride128-ds8.jpg,PHerc1667,20260110010000-w033_2026011001_flatboi,canon,0,4,1024,311,118,117,0.8037,0.8094,132,122,585.4,632.8,0.1645,0.1658
PHerc1667/segments/20260110010000-w033_2026011001_flatboi/ink-detection/downsampled/PHerc1667-20260110010000-2.399um-0.22m-78keV-volume-20251217075048-20260417190342-new_canon_autoresearch_recipe-tile256-stride128-ds8.jpg,PHerc1667,20260110010000-w033_2026011001_flatboi,canon,1,0,1024,311,118,117,0.8386,0.8389,134,111,518.2,569.5,0.1829,0.183
PHerc1667/segments/20260110010000-w033_2026011001_flatboi/ink-detection/downsampled/PHerc1667-20260110010000-2.399um-0.22m-78keV-volume-20251217075048-20260417190342-new_canon_autoresearch_recipe-tile256-stride128-ds8.jpg,PHerc1667,20260110010000-w033_2026011001_flatboi,canon,1,4,1024,311,118,117,0.8076,0.8132,118,103,470.2,569.5,0.1328,0.1336
PHerc1667/segments/20260110010000-w033_2026011001_flatboi/ink-detection/downsampled/PHerc1667-20260110010000-2.399um-0.22m-78keV-volume-20251217075048-20260417190342-new_canon_autoresearch_recipe-tile256-stride128-ds8.jpg,PHerc1667,20260110010000-w033_2026011001_flatboi,canon,1,5,1024,311,118,117,0.682,0.6664,146,129,460.6,506.2,0.1153,0.1158
PHerc1667/segments/20260110010000-w033_2026011001_flatboi/ink-detection/downsampled/PHerc1667-20260110010000-2.399um-0.22m-78keV-volume-20251217075048-20260417190342-new_canon_autoresearch_recipe-tile256-stride128-ds8.jpg,PHerc1667,20260110010000-w033_2026011001_flatboi,canon,2,0,1024,311,118,117,0.9155,0.9168,86,81,489.4,506.2,0.1677,0.1678
PHerc1667/segments/20260110010000-w033_2026011001_flatboi/ink-detection/downsampled/PHerc1667-20260110010000-2.399um-0.22m-78keV-volume-20251217075048-20260417190342-new_canon_autoresearch_recipe-tile256-stride128-ds8.jpg,PHerc1667,20260110010000-w033_2026011001_flatboi,canon,2,5,1024,311,118,117,0.6835,0.665,82,69,364.6,443.0,0.0488,0.0495
PHerc1667/segments/20260110010000-w033_2026011001_flatboi/ink-detection/downsampled/PHerc1667-20260110010000-2.399um-0.22m-78keV-volume-20251217075048-20260417190342-new_canon_autoresearch_recipe-tile256-stride128-ds8.jpg,PHerc1667,20260110010000-w033_2026011001_flatboi,canon,3,0,1024,311,118,117,0.8493,0.8512,90,86,537.4,569.5,0.1215,0.1222
PHerc1667/segments/20260110010000-w033_2026011001_flatboi/ink-detection/downsampled/PHerc1667-20260110010000-2.399um-0.22m-78keV-volume-20251217075048-20260417190342-new_canon_autoresearch_recipe-tile256-stride128-ds8.jpg,PHerc1667,20260110010000-w033_2026011001_flatboi,canon,3,1,1024,311,118,117,0.8279,0.8308,102,86,479.8,601.2,0.1171,0.1175
PHerc1667/segments/20260110010000-w033_2026011001_flatboi/ink-detection/downsampled/PHerc1667-20260110010000-2.399um-0.22m-78keV-volume-20251217075048-20260417190342-new_canon_autoresearch_recipe-tile256-stride128-ds8.jpg,PHerc1667,20260110010000-w033_2026011001_flatboi,canon,3,5,1024,311,118,117,0.5329,0.5395,58,53,345.5,379.7,0.0265,0.0271
PHerc1667/segments/20260110010000-w033_2026011001_flatboi/ink-detection/downsampled/PHerc1667-20260110010000-2.399um-0.22m-78keV-volume-20251217075048-20260417190342-new_canon_autoresearch_recipe-tile256-stride128-ds8.jpg,PHerc1667,20260110010000-w033_2026011001_flatboi,canon,4,0,1024,311,118,117,0.876,0.8917,80,71,547.0,632.8,0.1169,0.1177
PHerc1667/segments/20260110010000-w033_2026011001_flatboi/ink-detection/downsampled/PHerc1667-20260110010000-2.399um-0.22m-78keV-volume-20251217075048-20260417190342-new_canon_autoresearch_recipe-tile256-stride128-ds8.jpg,PHerc1667,20260110010000-w033_2026011001_flatboi,canon,4,1,1024,311,118,117,0.8484,0.865,107,81,499.0,632.8,0.1206,0.1207
PHerc1667/segments/20260110010000-w033_2026011001_flatboi/ink-detection/downsampled/PHerc1667-20260110010000-2.399um-0.22m-78keV-volume-20251217075048-20260417190342-new_canon_autoresearch_recipe-tile256-stride128-ds8.jpg,PHerc1667,20260110010000-w033_2026011001_flatboi,canon,4,2,1024,311,118,117,0.7757,0.7775,134,72,239.9,759.4,0.0875,0.0872
PHerc1667/segments/20260110010000-w033_2026011001_flatboi/ink-detection/downsampled/PHerc1667-20260110010000-2.399um-0.22m-78keV-volume-20251217075048-20260417190342-new_canon_autoresearch_recipe-tile256-stride128-ds8.jpg,PHerc1667,20260110010000-w033_2026011001_flatboi,canon,4,4,1024,311,118,117,0.8137,0.7739,118,77,287.9,632.8,0.0907,0.0914
PHerc1667/segments/20260110010000-w033_2026011001_flatboi/ink-detection/downsampled/PHerc1667-20260110010000-2.399um-0.22m-78keV-volume-20251217075048-20260417190342-new_canon_autoresearch_recipe-tile256-stride128-ds8.jpg,PHerc1667,20260110010000-w033_2026011001_flatboi,canon,4,5,1024,311,118,117,0.7899,0.74,95,64,230.3,379.7,0.0503,0.0511
PHerc1667/segments/20260110010000-w033_2026011001_flatboi/ink-detection/downsampled/PHerc1667-20260110010000-2.399um-0.22m-78keV-volume-20251217075048-20260417190342-new_canon_autoresearch_recipe-tile256-stride128-ds8.jpg,PHerc1667,20260110010000-w033_2026011001_flatboi,canon,5,1,1024,311,118,117,0.7656,0.7824,100,84,547.0,632.8,0.1118,0.1129
PHerc1667/segments/20260110010000-w033_2026011001_flatboi/ink-detection/downsampled/PHerc1667-20260110010000-2.399um-0.22m-78keV-volume-20251217075048-20260417190342-new_canon_autoresearch_recipe-tile256-stride128-ds8.jpg,PHerc1667,20260110010000-w033_2026011001_flatboi,canon,5,2,1024,311,118,117,0.7079,0.7139,145,78,191.9,696.1,0.0841,0.0837
PHerc1667/segments/20260110010000-w033_2026011001_flatboi/ink-detection/downsampled/PHerc1667-20260110010000-2.399um-0.22m-78keV-volume-20251217075048-20260417190342-new_canon_autoresearch_recipe-tile256-stride128-ds8.jpg,PHerc1667,20260110010000-w033_2026011001_flatboi,canon,5,3,1024,311,118,117,0.7231,0.7304,155,76,115.2,506.2,0.0744,0.0742
PHerc1667/segments/20260110010000-w033_2026011001_flatboi/ink-detection/downsampled/PHerc1667-20260110010000-2.399um-0.22m-78keV-volume-20251217075048-20260417190342-new_canon_autoresearch_recipe-tile256-stride128-ds8.jpg,PHerc1667,20260110010000-w033_2026011001_flatboi,canon,5,4,1024,311,118,117,0.779,0.7674,109,63,191.9,443.0,0.0628,0.0629
PHerc1667/segments/20260110010000-w033_2026011001_flatboi/ink-detection/downsampled/PHerc1667-20260110010000-2.399um-0.22m-78keV-volume-20251217075048-20260417190342-new_canon_autoresearch_recipe-tile256-stride128-ds8.jpg,PHerc1667,20260110010000-w033_2026011001_flatboi,canon,5,5,1024,311,118,117,0.8639,0.845,68,38,153.5,379.7,0.0353,0.0353
PHerc1667/segments/20260110010000-w033_2026011001_flatboi/ink-detection/downsampled/PHerc1667-20260110010000-2.399um-0.22m-78keV-volume-20251217075048-20260417190342-new_canon_autoresearch_recipe-tile256-stride128-ds8.jpg,PHerc1667,20260110010000-w033_2026011001_flatboi,canon,6,1,1024,311,118,117,0.5635,0.5356,96,90,412.6,443.0,0.0607,0.0611
PHerc1667/segments/20260110010000-w033_2026011001_flatboi/ink-detection/downsampled/PHerc1667-20260110010000-2.399um-0.22m-78keV-volume-20251217075048-20260417190342-new_canon_autoresearch_recipe-tile256-stride128-ds8.jpg,PHerc1667,20260110010000-w033_2026011001_flatboi,canon,6,4,1024,311,118,117,0.7883,0.7856,96,66,211.1,443.0,0.069,0.0691
PHerc1667/segments/20260110010000-w033_2026011001_flatboi/ink-detection/downsampled/PHerc1667-20260110010000-2.399um-0.22m-78keV-volume-20251217075048-20260417190342-new_canon_autoresearch_recipe-tile256-stride128-ds8.jpg,PHerc1667,20260110010000-w033_2026011001_flatboi,canon,6,5,1024,311,118,117,0.4509,0.4524,82,69,479.8,506.2,0.1324,0.1323
PHerc1667/segments/20260115160000-w034_2026011516_flatboi/ink-detection/downsampled/PHerc1667-20260115160000-2.399um-0.22m-78keV-volume-20251217075048-20260417190342-new_canon_autoresearch_recipe-tile256-stride128-ds8.jpg,PHerc1667,20260115160000-w034_2026011516_flatboi,canon,0,4,1024,311,115,114,0.7046,0.7093,132,121,508.6,569.5,0.1117,0.1117
PHerc1667/segments/20260115160000-w034_2026011516_flatboi/ink-detection/downsampled/PHerc1667-20260115160000-2.399um-0.22m-78keV-volume-20251217075048-20260417190342-new_canon_autoresearch_recipe-tile256-stride128-ds8.jpg,PHerc1667,20260115160000-w034_2026011516_flatboi,canon,1,5,1024,311,115,114,0.6893,0.6881,107,98,556.6,569.5,0.0959,0.0959
PHerc1667/segments/20260115160000-w034_2026011516_flatboi/ink-detection/downsampled/PHerc1667-20260115160000-2.399um-0.22m-78keV-volume-20251217075048-20260417190342-new_canon_autoresearch_recipe-tile256-stride128-ds8.jpg,PHerc1667,20260115160000-w034_2026011516_flatboi,canon,2,0,1024,311,115,114,0.7435,0.7337,93,82,499.0,506.2,0.0829,0.083
PHerc1667/segments/20260115160000-w034_2026011516_flatboi/ink-detection/downsampled/PHerc1667-20260115160000-2.399um-0.22m-78keV-volume-20251217075048-20260417190342-new_canon_autoresearch_recipe-tile256-stride128-ds8.jpg,PHerc1667,20260115160000-w034_2026011516_flatboi,canon,2,5,1024,311,115,114,0.6938,0.6642,59,57,556.6,569.5,0.0532,0.0531
PHerc1667/segments/20260115160000-w034_2026011516_flatboi/ink-detection/downsampled/PHerc1667-20260115160000-2.399um-0.22m-78keV-volume-20251217075048-20260417190342-new_canon_autoresearch_recipe-tile256-stride128-ds8.jpg,PHerc1667,20260115160000-w034_2026011516_flatboi,canon,3,0,1024,311,115,114,0.6401,0.6591,90,82,537.4,569.5,0.0682,0.0691
PHerc1667/segments/20260115160000-w034_2026011516_flatboi/ink-detection/downsampled/PHerc1667-20260115160000-2.399um-0.22m-78keV-volume-20251217075048-20260417190342-new_canon_autoresearch_recipe-tile256-stride128-ds8.jpg,PHerc1667,20260115160000-w034_2026011516_flatboi,canon,3,1,1024,311,115,114,0.7164,0.7153,114,76,345.5,569.5,0.0671,0.0677
PHerc1667/segments/20260115160000-w034_2026011516_flatboi/ink-detection/downsampled/PHerc1667-20260115160000-2.399um-0.22m-78keV-volume-20251217075048-20260417190342-new_canon_autoresearch_recipe-tile256-stride128-ds8.jpg,PHerc1667,20260115160000-w034_2026011516_flatboi,canon,3,5,1024,311,115,114,0.6837,0.6577,92,79,470.2,569.5,0.0645,0.0642
PHerc1667/segments/20260115160000-w034_2026011516_flatboi/ink-detection/downsampled/PHerc1667-20260115160000-2.399um-0.22m-78keV-volume-20251217075048-20260417190342-new_canon_autoresearch_recipe-tile256-stride128-ds8.jpg,PHerc1667,20260115160000-w034_2026011516_flatboi,canon,4,0,1024,311,115,114,0.758,0.7905,69,63,575.8,569.5,0.0692,0.0694
PHerc1667/segments/20260115160000-w034_2026011516_flatboi/ink-detection/downsampled/PHerc1667-20260115160000-2.399um-0.22m-78keV-volume-20251217075048-20260417190342-new_canon_autoresearch_recipe-tile256-stride128-ds8.jpg,PHerc1667,20260115160000-w034_2026011516_flatboi,canon,4,1,1024,311,115,114,0.7846,0.7874,104,70,326.3,632.8,0.076,0.0762
PHerc1667/segments/20260115160000-w034_2026011516_flatboi/ink-detection/downsampled/PHerc1667-20260115160000-2.399um-0.22m-78keV-volume-20251217075048-20260417190342-new_canon_autoresearch_recipe-tile256-stride128-ds8.jpg,PHerc1667,20260115160000-w034_2026011516_flatboi,canon,4,5,1024,311,115,114,0.7954,0.7759,93,73,287.9,569.5,0.0811,0.0804
PHerc1667/segments/20260115160000-w034_2026011516_flatboi/ink-detection/downsampled/PHerc1667-20260115160000-2.399um-0.22m-78keV-volume-20251217075048-20260417190342-new_canon_autoresearch_recipe-tile256-stride128-ds8.jpg,PHerc1667,20260115160000-w034_2026011516_flatboi,canon,5,0,1024,311,115,114,0.7692,0.7746,51,45,364.6,379.7,0.0391,0.0393
PHerc1667/segments/20260115160000-w034_2026011516_flatboi/ink-detection/downsampled/PHerc1667-20260115160000-2.399um-0.22m-78keV-volume-20251217075048-20260417190342-new_canon_autoresearch_recipe-tile256-stride128-ds8.jpg,PHerc1667,20260115160000-w034_2026011516_flatboi,canon,5,1,1024,311,115,114,0.7023,0.7078,74,67,403.0,506.2,0.055,0.0551
PHerc1667/segments/20260115160000-w034_2026011516_flatboi/ink-detection/downsampled/PHerc1667-20260115160000-2.399um-0.22m-78keV-volume-20251217075048-20260417190342-new_canon_autoresearch_recipe-tile256-stride128-ds8.jpg,PHerc1667,20260115160000-w034_2026011516_flatboi,canon,5,2,1024,311,115,114,0.6674,0.6477,144,76,153.5,601.2,0.063,0.0627
PHerc1667/segments/20260115160000-w034_2026011516_flatboi/ink-detection/downsampled/PHerc1667-20260115160000-2.399um-0.22m-78keV-volume-20251217075048-20260417190342-new_canon_autoresearch_recipe-tile256-stride128-ds8.jpg,PHerc1667,20260115160000-w034_2026011516_flatboi,canon,5,4,1024,311,115,114,0.8688,0.8743,95,63,230.3,506.2,0.0784,0.0799
PHerc1667/segments/20260115160000-w034_2026011516_flatboi/ink-detection/downsampled/PHerc1667-20260115160000-2.399um-0.22m-78keV-volume-20251217075048-20260417190342-new_canon_autoresearch_recipe-tile256-stride128-ds8.jpg,PHerc1667,20260115160000-w034_2026011516_flatboi,canon,5,5,1024,311,115,114,0.8102,0.8121,55,45,287.9,443.0,0.0477,0.0483
PHerc1667/segments/20260115160000-w034_2026011516_flatboi/ink-detection/downsampled/PHerc1667-20260115160000-2.399um-0.22m-78keV-volume-20251217075048-20260417190342-new_canon_autoresearch_recipe-tile256-stride128-ds8.jpg,PHerc1667,20260115160000-w034_2026011516_flatboi,canon,6,1,1024,311,115,114,0.2614,0.2986,84,74,326.3,316.4,0.0263,0.0267
PHerc1667/segments/20260115160000-w034_2026011516_flatboi/ink-detection/downsampled/PHerc1667-20260115160000-2.399um-0.22m-78keV-volume-20251217075048-20260417190342-new_canon_autoresearch_recipe-tile256-stride128-ds8.jpg,PHerc1667,20260115160000-w034_2026011516_flatboi,canon,6,4,1024,311,115,114,0.8443,0.8576,118,58,76.8,379.7,0.0574,0.0576
PHerc1667/segments/20260115160000-w034_2026011516_flatboi/ink-detection/downsampled/PHerc1667-20260115160000-2.399um-0.22m-78keV-volume-20251217075048-20260417190342-new_canon_autoresearch_recipe-tile256-stride128-ds8.jpg,PHerc1667,20260115160000-w034_2026011516_flatboi,canon,6,5,1024,311,115,114,0.5674,0.568,59,45,287.9,316.4,0.0204,0.02
PHerc1667/segments/20260116230000-w035_2026011623_flatboi/ink-detection/downsampled/PHerc1667-20260116230000-2.399um-0.22m-78keV-volume-20251217075048-20260417190342-new_canon_autoresearch_recipe-tile256-stride128-ds8.jpg,PHerc1667,20260116230000-w035_2026011623_flatboi,canon,0,4,1024,311,115,114,0.7426,0.7442,113,104,441.4,506.2,0.0998,0.1002
PHerc1667/segments/20260116230000-w035_2026011623_flatboi/ink-detection/downsampled/PHerc1667-20260116230000-2.399um-0.22m-78keV-volume-20251217075048-20260417190342-new_canon_autoresearch_recipe-tile256-stride128-ds8.jpg,PHerc1667,20260116230000-w035_2026011623_flatboi,canon,1,5,1024,311,115,114,0.6796,0.6707,100,91,403.0,443.0,0.0651,0.0653
PHerc1667/segments/20260116230000-w035_2026011623_flatboi/ink-detection/downsampled/PHerc1667-20260116230000-2.399um-0.22m-78keV-volume-20251217075048-20260417190342-new_canon_autoresearch_recipe-tile256-stride128-ds8.jpg,PHerc1667,20260116230000-w035_2026011623_flatboi,canon,3,0,1024,311,115,114,0.7923,0.7923,102,87,470.2,569.5,0.0957,0.0959
PHerc1667/segments/20260116230000-w035_2026011623_flatboi/ink-detection/downsampled/PHerc1667-20260116230000-2.399um-0.22m-78keV-volume-20251217075048-20260417190342-new_canon_autoresearch_recipe-tile256-stride128-ds8.jpg,PHerc1667,20260116230000-w035_2026011623_flatboi,canon,3,5,1024,311,115,114,0.4658,0.4673,115,106,441.4,474.6,0.0572,0.0572
PHerc1667/segments/20260116230000-w035_2026011623_flatboi/ink-detection/downsampled/PHerc1667-20260116230000-2.399um-0.22m-78keV-volume-20251217075048-20260417190342-new_canon_autoresearch_recipe-tile256-stride128-ds8.jpg,PHerc1667,20260116230000-w035_2026011623_flatboi,canon,4,0,1024,311,115,114,0.7835,0.7809,94,89,527.8,569.5,0.104,0.1046
PHerc1667/segments/20260116230000-w035_2026011623_flatboi/ink-detection/downsampled/PHerc1667-20260116230000-2.399um-0.22m-78keV-volume-20251217075048-20260417190342-new_canon_autoresearch_recipe-tile256-stride128-ds8.jpg,PHerc1667,20260116230000-w035_2026011623_flatboi,canon,4,1,1024,311,115,114,0.7113,0.7109,82,69,460.6,506.2,0.0653,0.0657
PHerc1667/segments/20260116230000-w035_2026011623_flatboi/ink-detection/downsampled/PHerc1667-20260116230000-2.399um-0.22m-78keV-volume-20251217075048-20260417190342-new_canon_autoresearch_recipe-tile256-stride128-ds8.jpg,PHerc1667,20260116230000-w035_2026011623_flatboi,canon,4,5,1024,311,115,114,0.5871,0.5722,127,113,499.0,506.2,0.0798,0.0789
PHerc1667/segments/20260116230000-w035_2026011623_flatboi/ink-detection/downsampled/PHerc1667-20260116230000-2.399um-0.22m-78keV-volume-20251217075048-20260417190342-new_canon_autoresearch_recipe-tile256-stride128-ds8.jpg,PHerc1667,20260116230000-w035_2026011623_flatboi,canon,5,0,1024,311,115,114,0.7604,0.7561,70,67,575.8,569.5,0.069,0.0706
PHerc1667/segments/20260116230000-w035_2026011623_flatboi/ink-detection/downsampled/PHerc1667-20260116230000-2.399um-0.22m-78keV-volume-20251217075048-20260417190342-new_canon_autoresearch_recipe-tile256-stride128-ds8.jpg,PHerc1667,20260116230000-w035_2026011623_flatboi,canon,5,1,1024,311,115,114,0.6519,0.6518,66,66,537.4,537.9,0.055,0.056
PHerc1667/segments/20260116230000-w035_2026011623_flatboi/ink-detection/downsampled/PHerc1667-20260116230000-2.399um-0.22m-78keV-volume-20251217075048-20260417190342-new_canon_autoresearch_recipe-tile256-stride128-ds8.jpg,PHerc1667,20260116230000-w035_2026011623_flatboi,canon,5,5,1024,311,115,114,0.7052,0.667,86,69,451.0,569.5,0.0644,0.0644
PHerc1667/segments/20260116230000-w035_2026011623_flatboi/ink-detection/downsampled/PHerc1667-20260116230000-2.399um-0.22m-78keV-volume-20251217075048-20260417190342-new_canon_autoresearch_recipe-tile256-stride128-ds8.jpg,PHerc1667,20260116230000-w035_2026011623_flatboi,canon,6,0,1024,311,115,114,0.5247,0.532,65,57,403.0,443.0,0.0355,0.0357
PHerc1667/segments/20260116230000-w035_2026011623_flatboi/ink-detection/downsampled/PHerc1667-20260116230000-2.399um-0.22m-78keV-volume-20251217075048-20260417190342-new_canon_autoresearch_recipe-tile256-stride128-ds8.jpg,PHerc1667,20260116230000-w035_2026011623_flatboi,canon,6,1,1024,311,115,114,0.5474,0.5525,79,71,364.6,379.7,0.039,0.0391
PHerc1667/segments/20260116230000-w035_2026011623_flatboi/ink-detection/downsampled/PHerc1667-20260116230000-2.399um-0.22m-78keV-volume-20251217075048-20260417190342-new_canon_autoresearch_recipe-tile256-stride128-ds8.jpg,PHerc1667,20260116230000-w035_2026011623_flatboi,canon,6,4,1024,311,115,114,0.7766,0.7689,154,69,76.8,569.5,0.0797,0.0805
PHerc1667/segments/20260116230000-w035_2026011623_flatboi/ink-detection/downsampled/PHerc1667-20260116230000-2.399um-0.22m-78keV-volume-20251217075048-20260417190342-new_canon_autoresearch_recipe-tile256-stride128-ds8.jpg,PHerc1667,20260116230000-w035_2026011623_flatboi,canon,6,5,1024,311,115,114,0.6717,0.6452,82,59,326.3,443.0,0.0453,0.0467
PHerc1667/segments/20260119120000-w036_2026011912_flatboi/ink-detection/downsampled/PHerc1667-20260119120000-2.399um-0.22m-78keV-volume-20251217075048-20260417190342-new_canon_autoresearch_recipe-tile256-stride128-ds8.jpg,PHerc1667,20260119120000-w036_2026011912_flatboi,canon,0,4,1024,311,118,116,0.6454,0.648,82,72,383.8,443.0,0.0507,0.0511
PHerc1667/segments/20260119120000-w036_2026011912_flatboi/ink-detection/downsampled/PHerc1667-20260119120000-2.399um-0.22m-78keV-volume-20251217075048-20260417190342-new_canon_autoresearch_recipe-tile256-stride128-ds8.jpg,PHerc1667,20260119120000-w036_2026011912_flatboi,canon,4,0,1024,311,118,116,0.8113,0.8108,75,57,460.6,696.1,0.0907,0.0917
PHerc1667/segments/20260119120000-w036_2026011912_flatboi/ink-detection/downsampled/PHerc1667-20260119120000-2.399um-0.22m-78keV-volume-20251217075048-20260417190342-new_canon_autoresearch_recipe-tile256-stride128-ds8.jpg,PHerc1667,20260119120000-w036_2026011912_flatboi,canon,4,5,1024,311,118,116,0.8383,0.8387,100,76,383.8,632.8,0.0958,0.0959
PHerc1667/segments/20260119120000-w036_2026011912_flatboi/ink-detection/downsampled/PHerc1667-20260119120000-2.399um-0.22m-78keV-volume-20251217075048-20260417190342-new_canon_autoresearch_recipe-tile256-stride128-ds8.jpg,PHerc1667,20260119120000-w036_2026011912_flatboi,canon,4,6,1024,311,118,116,0.891,0.8923,86,77,595.0,696.1,0.124,0.1246
PHerc1667/segments/20260119120000-w036_2026011912_flatboi/ink-detection/downsampled/PHerc1667-20260119120000-2.399um-0.22m-78keV-volume-20251217075048-20260417190342-new_canon_autoresearch_recipe-tile256-stride128-ds8.jpg,PHerc1667,20260119120000-w036_2026011912_flatboi,canon,5,0,1024,311,118,116,0.8616,0.8506,52,50,489.4,506.2,0.077,0.0787
PHerc1667/segments/20260119120000-w036_2026011912_flatboi/ink-detection/downsampled/PHerc1667-20260119120000-2.399um-0.22m-78keV-volume-20251217075048-20260417190342-new_canon_autoresearch_recipe-tile256-stride128-ds8.jpg,PHerc1667,20260119120000-w036_2026011912_flatboi,canon,5,1,1024,311,118,116,0.8973,0.9134,56,50,431.8,474.6,0.0814,0.0823
PHerc1667/segments/20260119120000-w036_2026011912_flatboi/ink-detection/downsampled/PHerc1667-20260119120000-2.399um-0.22m-78keV-volume-20251217075048-20260417190342-new_canon_autoresearch_recipe-tile256-stride128-ds8.jpg,PHerc1667,20260119120000-w036_2026011912_flatboi,canon,5,5,1024,311,118,116,0.8413,0.8578,126,79,287.9,443.0,0.0948,0.0955
PHerc1667/segments/20260119120000-w036_2026011912_flatboi/ink-detection/downsampled/PHerc1667-20260119120000-2.399um-0.22m-78keV-volume-20251217075048-20260417190342-new_canon_autoresearch_recipe-tile256-stride128-ds8.jpg,PHerc1667,20260119120000-w036_2026011912_flatboi,canon,5,6,1024,311,118,116,0.8086,0.8089,97,83,403.0,443.0,0.1009,0.1026
PHerc1667/segments/20260119120000-w036_2026011912_flatboi/ink-detection/downsampled/PHerc1667-20260119120000-2.399um-0.22m-78keV-volume-20251217075048-20260417190342-new_canon_autoresearch_recipe-tile256-stride128-ds8.jpg,PHerc1667,20260119120000-w036_2026011912_flatboi,canon,6,0,1024,311,118,116,0.7924,0.7929,42,39,307.1,316.4,0.0323,0.0324
PHerc1667/segments/20260119120000-w036_2026011912_flatboi/ink-detection/downsampled/PHerc1667-20260119120000-2.399um-0.22m-78keV-volume-20251217075048-20260417190342-new_canon_autoresearch_recipe-tile256-stride128-ds8.jpg,PHerc1667,20260119120000-w036_2026011912_flatboi,canon,6,1,1024,311,118,116,0.7267,0.7291,52,48,345.5,348.0,0.0361,0.0366
PHerc1667/segments/20260119120000-w036_2026011912_flatboi/ink-detection/downsampled/PHerc1667-20260119120000-2.399um-0.22m-78keV-volume-20251217075048-20260417190342-new_canon_autoresearch_recipe-tile256-stride128-ds8.jpg,PHerc1667,20260119120000-w036_2026011912_flatboi,canon,6,5,1024,311,118,116,0.7539,0.7646,149,91,249.5,443.0,0.0779,0.0802
PHerc1667/segments/20260119120000-w036_2026011912_flatboi/ink-detection/downsampled/PHerc1667-20260119120000-2.399um-0.22m-78keV-volume-20251217075048-20260417190342-new_canon_autoresearch_recipe-tile256-stride128-ds8.jpg,PHerc1667,20260119120000-w036_2026011912_flatboi,canon,6,6,1024,311,118,116,0.5423,0.5411,120,93,345.5,443.0,0.055,0.058
PHerc1667/segments/20260119120000-w036_2026011912_flatboi/ink-detection/downsampled/PHerc1667-20260119120000-2.399um-0.22m-78keV-volume-20251217075048-20260417190342-new_canon_autoresearch_recipe-tile256-stride128-ds8.jpg,PHerc1667,20260119120000-w036_2026011912_flatboi,canon,7,1,1024,311,118,116,0.5838,0.6703,56,36,201.5,379.7,0.0234,0.0235
PHerc1667/segments/20260119120000-w036_2026011912_flatboi/ink-detection/downsampled/PHerc1667-20260119120000-2.399um-0.22m-78keV-volume-20251217075048-20260417190342-new_canon_autoresearch_recipe-tile256-stride128-ds8.jpg,PHerc1667,20260119120000-w036_2026011912_flatboi,canon,7,6,1024,311,118,116,0.3771,0.4007,87,72,364.6,443.0,0.0325,0.0335
