key,scroll,segment,recipe,iy,ix,wpx_fine,wpx_coarse,thresh_fine,thresh_coarse,fine,coarse,ncomp_fine,ncomp_coarse,ext_fine,ext_coarse,frac_fine,frac_coarse
PHercParis4/segments/20230702185753/ink-detection/downsampled/PHercParis4-20230702185753-2.4um-0.22m-78keV-volume-20260411134726-20260417190342-new_canon_autoresearch_recipe-tile256-stride128-ds8.jpg,PHercParis4,20230702185753,canon,0,1,1024,311,125,124,0.859,0.8617,71,65,479.8,569.5,0.1222,0.1222
PHercParis4/segments/20230702185753/ink-detection/downsampled/PHercParis4-20230702185753-2.4um-0.22m-78keV-volume-20260411134726-20260417190342-new_canon_autoresearch_recipe-tile256-stride128-ds8.jpg,PHercParis4,20230702185753,canon,0,2,1024,311,125,124,0.8769,0.8772,57,52,537.4,537.9,0.1205,0.1205
PHercParis4/segments/20230702185753/ink-detection/downsampled/PHercParis4-20230702185753-2.4um-0.22m-78keV-volume-20260411134726-20260417190342-new_canon_autoresearch_recipe-tile256-stride128-ds8.jpg,PHercParis4,20230702185753,canon,0,3,1024,311,125,124,0.903,0.9031,60,57,614.1,632.8,0.1615,0.1616
PHercParis4/segments/20230702185753/ink-detection/downsampled/PHercParis4-20230702185753-2.4um-0.22m-78keV-volume-20260411134726-20260417190342-new_canon_autoresearch_recipe-tile256-stride128-ds8.jpg,PHercParis4,20230702185753,canon,0,4,1024,311,125,124,0.7387,0.7392,62,59,585.4,632.8,0.2163,0.2166
PHercParis4/segments/20230702185753/ink-detection/downsampled/PHercParis4-20230702185753-2.4um-0.22m-78keV-volume-20260411134726-20260417190342-new_canon_autoresearch_recipe-tile256-stride128-ds8.jpg,PHercParis4,20230702185753,canon,0,5,1024,311,125,124,0.5218,0.5298,72,67,460.6,506.2,0.2021,0.2029
PHercParis4/segments/20230702185753/ink-detection/downsampled/PHercParis4-20230702185753-2.4um-0.22m-78keV-volume-20260411134726-20260417190342-new_canon_autoresearch_recipe-tile256-stride128-ds8.jpg,PHercParis4,20230702185753,canon,0,6,1024,311,125,124,0.5018,0.5098,89,83,499.0,506.2,0.1677,0.169
PHercParis4/segments/20230702185753/ink-detection/downsampled/PHercParis4-20230702185753-2.4um-0.22m-78keV-volume-20260411134726-20260417190342-new_canon_autoresearch_recipe-tile256-stride128-ds8.jpg,PHercParis4,20230702185753,canon,1,0,1024,311,125,124,0.8348,0.8357,52,49,508.6,506.2,0.07,0.07
PHercParis4/segments/20230702185753/ink-detection/downsampled/PHercParis4-20230702185753-2.4um-0.22m-78keV-volume-20260411134726-20260417190342-new_canon_autoresearch_recipe-tile256-stride128-ds8.jpg,PHercParis4,20230702185753,canon,1,1,1024,311,125,124,0.7601,0.7598,60,58,748.5,822.6,0.1539,0.1544
PHercParis4/segments/20230702185753/ink-detection/downsampled/PHercParis4-20230702185753-2.4um-0.22m-78keV-volume-20260411134726-20260417190342-new_canon_autoresearch_recipe-tile256-stride128-ds8.jpg,PHercParis4,20230702185753,canon,1,2,1024,311,125,124,0.9279,0.8025,55,53,652.5,696.1,0.1652,0.166
PHercParis4/segments/20230702185753/ink-detection/downsampled/PHercParis4-20230702185753-2.4um-0.22m-78keV-volume-20260411134726-20260417190342-new_canon_autoresearch_recipe-tile256-stride128-ds8.jpg,PHercParis4,20230702185753,canon,1,3,1024,311,125,124,0.917,0.9172,74,72,633.3,632.8,0.1844,0.1854
PHercParis4/segments/20230702185753/ink-detection/downsampled/PHercParis4-20230702185753-2.4um-0.22m-78keV-volume-20260411134726-20260417190342-new_canon_autoresearch_recipe-tile256-stride128-ds8.jpg,PHercParis4,20230702185753,canon,1,4,1024,311,125,124,0.7653,0.7666,79,77,575.8,632.8,0.2439,0.245
PHercParis4/segments/20230702185753/ink-detection/downsampled/PHercParis4-20230702185753-2.4um-0.22m-78keV-volume-20260411134726-20260417190342-new_canon_autoresearch_recipe-tile256-stride128-ds8.jpg,PHercParis4,20230702185753,canon,1,5,1024,311,125,124,0.5319,0.5372,96,95,527.8,506.2,0.2759,0.2774
PHercParis4/segments/20230702185753/ink-detection/downsampled/PHercParis4-20230702185753-2.4um-0.22m-78keV-volume-20260411134726-20260417190342-new_canon_autoresearch_recipe-tile256-stride128-ds8.jpg,PHercParis4,20230702185753,canon,1,6,1024,311,125,124,0.5573,0.5608,125,118,499.0,506.2,0.2007,0.2023
PHercParis4/segments/20230702185753/ink-detection/downsampled/PHercParis4-20230702185753-2.4um-0.22m-78keV-volume-20260411134726-20260417190342-new_canon_autoresearch_recipe-tile256-stride128-ds8.jpg,PHercParis4,20230702185753,canon,2,0,1024,311,125,124,0.8711,0.8723,41,39,518.2,506.2,0.0613,0.0612
PHercParis4/segments/20230702185753/ink-detection/downsampled/PHercParis4-20230702185753-2.4um-0.22m-78keV-volume-20260411134726-20260417190342-new_canon_autoresearch_recipe-tile256-stride128-ds8.jpg,PHercParis4,20230702185753,canon,2,1,1024,311,125,124,0.7607,0.7614,63,58,671.7,759.4,0.1489,0.149
PHercParis4/segments/20230702185753/ink-detection/downsampled/PHercParis4-20230702185753-2.4um-0.22m-78keV-volume-20260411134726-20260417190342-new_canon_autoresearch_recipe-tile256-stride128-ds8.jpg,PHercParis4,20230702185753,canon,2,2,1024,311,125,124,0.9309,0.7981,63,57,614.1,759.4,0.1542,0.1543
PHercParis4/segments/20230702185753/ink-detection/downsampled/PHercParis4-20230702185753-2.4um-0.22m-78keV-volume-20260411134726-20260417190342-new_canon_autoresearch_recipe-tile256-stride128-ds8.jpg,PHercParis4,20230702185753,canon,2,3,1024,311,125,124,0.7672,0.7681,66,61,547.0,632.8,0.1657,0.1658
PHercParis4/segments/20230702185753/ink-detection/downsampled/PHercParis4-20230702185753-2.4um-0.22m-78keV-volume-20260411134726-20260417190342-new_canon_autoresearch_recipe-tile256-stride128-ds8.jpg,PHercParis4,20230702185753,canon,2,4,1024,311,125,124,0.6736,0.6696,86,77,489.4,569.5,0.2319,0.2321
PHercParis4/segments/20230702185753/ink-detection/downsampled/PHercParis4-20230702185753-2.4um-0.22m-78keV-volume-20260411134726-20260417190342-new_canon_autoresearch_recipe-tile256-stride128-ds8.jpg,PHercParis4,20230702185753,canon,2,5,1024,311,125,124,0.4468,0.4476,98,95,470.2,443.0,0.2664,0.2665
PHercParis4/segments/20230702185753/ink-detection/downsampled/PHercParis4-20230702185753-2.4um-0.22m-78keV-volume-20260411134726-20260417190342-new_canon_autoresearch_recipe-tile256-stride128-ds8.jpg,PHercParis4,20230702185753,canon,2,6,1024,311,125,124,0.5642,0.566,132,124,422.2,443.0,0.184,0.1849
PHercParis4/segments/20230702185753/ink-detection/downsampled/PHercParis4-20230702185753-2.4um-0.22m-78keV-volume-20260411134726-20260417190342-new_canon_autoresearch_recipe-tile256-stride128-ds8.jpg,PHercParis4,20230702185753,canon,3,0,1024,311,125,124,0.9251,0.9256,32,30,575.8,601.2,0.0671,0.0674
PHercParis4/segments/20230702185753/ink-detection/downsampled/PHercParis4-20230702185753-2.4um-0.22m-78keV-volume-20260411134726-20260417190342-new_canon_autoresearch_recipe-tile256-stride128-ds8.jpg,PHercParis4,20230702185753,canon,3,1,1024,311,125,124,0.9178,0.9176,69,64,652.5,791.0,0.1449,0.1457
PHercParis4/segments/20230702185753/ink-detection/downsampled/PHercParis4-20230702185753-2.4um-0.22m-78keV-volume-20260411134726-20260417190342-new_canon_autoresearch_recipe-tile256-stride128-ds8.jpg,PHercParis4,20230702185753,canon,3,2,1024,311,125,124,0.9056,0.9055,78,72,614.1,727.7,0.1453,0.1462
PHercParis4/segments/20230702185753/ink-detection/downsampled/PHercParis4-20230702185753-2.4um-0.22m-78keV-volume-20260411134726-20260417190342-new_canon_autoresearch_recipe-tile256-stride128-ds8.jpg,PHercParis4,20230702185753,canon,3,3,1024,311,125,124,0.7602,0.7615,80,74,614.1,759.4,0.1744,0.1752
PHercParis4/segments/20230702185753/ink-detection/downsampled/PHercParis4-20230702185753-2.4um-0.22m-78keV-volume-20260411134726-20260417190342-new_canon_autoresearch_recipe-tile256-stride128-ds8.jpg,PHercParis4,20230702185753,canon,3,4,1024,311,125,124,0.6813,0.6729,100,85,451.0,569.5,0.238,0.2386
PHercParis4/segments/20230702185753/ink-detection/downsampled/PHercParis4-20230702185753-2.4um-0.22m-78keV-volume-20260411134726-20260417190342-new_canon_autoresearch_recipe-tile256-stride128-ds8.jpg,PHercParis4,20230702185753,canon,3,5,1024,311,125,124,0.3957,0.3961,99,88,479.8,506.2,0.2582,0.259
PHercParis4/segments/20230702185753/ink-detection/downsampled/PHercParis4-20230702185753-2.4um-0.22m-78keV-volume-20260411134726-20260417190342-new_canon_autoresearch_recipe-tile256-stride128-ds8.jpg,PHercParis4,20230702185753,canon,3,6,1024,311,125,124,0.4929,0.4981,131,121,422.2,443.0,0.1625,0.1647
PHercParis4/segments/20230702185753/ink-detection/downsampled/PHercParis4-20230702185753-2.4um-0.22m-78keV-volume-20260411134726-20260417190342-new_canon_autoresearch_recipe-tile256-stride128-ds8.jpg,PHercParis4,20230702185753,canon,4,0,1024,311,125,124,0.6997,0.7004,28,26,585.4,632.8,0.0962,0.0965
PHercParis4/segments/20230702185753/ink-detection/downsampled/PHercParis4-20230702185753-2.4um-0.22m-78keV-volume-20260411134726-20260417190342-new_canon_autoresearch_recipe-tile256-stride128-ds8.jpg,PHercParis4,20230702185753,canon,4,1,1024,311,125,124,0.7925,0.793,56,54,873.2,949.2,0.1569,0.157
PHercParis4/segments/20230702185753/ink-detection/downsampled/PHercParis4-20230702185753-2.4um-0.22m-78keV-volume-20260411134726-20260417190342-new_canon_autoresearch_recipe-tile256-stride128-ds8.jpg,PHercParis4,20230702185753,canon,4,2,1024,311,125,124,0.9194,0.9193,67,64,671.7,727.7,0.1441,0.1442
PHercParis4/segments/20230702185753/ink-detection/downsampled/PHercParis4-20230702185753-2.4um-0.22m-78keV-volume-20260411134726-20260417190342-new_canon_autoresearch_recipe-tile256-stride128-ds8.jpg,PHercParis4,20230702185753,canon,4,3,1024,311,125,124,0.7814,0.7822,74,69,652.5,696.1,0.1795,0.1798
PHercParis4/segments/20230702185753/ink-detection/downsampled/PHercParis4-20230702185753-2.4um-0.22m-78keV-volume-20260411134726-20260417190342-new_canon_autoresearch_recipe-tile256-stride128-ds8.jpg,PHercParis4,20230702185753,canon,4,4,1024,311,125,124,0.6715,0.6675,83,74,422.2,506.2,0.2229,0.2229
PHercParis4/segments/20230702185753/ink-detection/downsampled/PHercParis4-20230702185753-2.4um-0.22m-78keV-volume-20260411134726-20260417190342-new_canon_autoresearch_recipe-tile256-stride128-ds8.jpg,PHercParis4,20230702185753,canon,4,5,1024,311,125,124,0.527,0.4275,83,74,460.6,506.2,0.2637,0.264
PHercParis4/segments/20230702185753/ink-detection/downsampled/PHercParis4-20230702185753-2.4um-0.22m-78keV-volume-20260411134726-20260417190342-new_canon_autoresearch_recipe-tile256-stride128-ds8.jpg,PHercParis4,20230702185753,canon,4,6,1024,311,125,124,0.5951,0.5585,98,95,441.4,443.0,0.1691,0.1707
PHercParis4/segments/20230702185753/ink-detection/downsampled/PHercParis4-20230702185753-2.4um-0.22m-78keV-volume-20260411134726-20260417190342-new_canon_autoresearch_recipe-tile256-stride128-ds8.jpg,PHercParis4,20230702185753,canon,5,0,1024,311,125,124,0.5782,0.5841,48,44,556.6,632.8,0.085,0.0859
PHercParis4/segments/20230702185753/ink-detection/downsampled/PHercParis4-20230702185753-2.4um-0.22m-78keV-volume-20260411134726-20260417190342-new_canon_autoresearch_recipe-tile256-stride128-ds8.jpg,PHercParis4,20230702185753,canon,5,1,1024,311,125,124,0.748,0.749,76,70,633.3,632.8,0.1547,0.1555
PHercParis4/segments/20230702185753/ink-detection/downsampled/PHercParis4-20230702185753-2.4um-0.22m-78keV-volume-20260411134726-20260417190342-new_canon_autoresearch_recipe-tile256-stride128-ds8.jpg,PHercParis4,20230702185753,canon,5,2,1024,311,125,124,0.8821,0.8812,92,84,595.0,632.8,0.1585,0.1593
PHercParis4/segments/20230702185753/ink-detection/downsampled/PHercParis4-20230702185753-2.4um-0.22m-78keV-volume-20260411134726-20260417190342-new_canon_autoresearch_recipe-tile256-stride128-ds8.jpg,PHercParis4,20230702185753,canon,5,3,1024,311,125,124,0.7756,0.7763,80,73,537.4,569.5,0.1764,0.1778
PHercParis4/segments/20230702185753/ink-detection/downsampled/PHercParis4-20230702185753-2.4um-0.22m-78keV-volume-20260411134726-20260417190342-new_canon_autoresearch_recipe-tile256-stride128-ds8.jpg,PHercParis4,20230702185753,canon,5,4,1024,311,125,124,0.6694,0.664,75,68,422.2,506.2,0.2081,0.2089
PHercParis4/segments/20230702185753/ink-detection/downsampled/PHercParis4-20230702185753-2.4um-0.22m-78keV-volume-20260411134726-20260417190342-new_canon_autoresearch_recipe-tile256-stride128-ds8.jpg,PHercParis4,20230702185753,canon,5,5,1024,311,125,124,0.6468,0.5368,85,75,479.8,506.2,0.2515,0.2529
PHercParis4/segments/20230702185753/ink-detection/downsampled/PHercParis4-20230702185753-2.4um-0.22m-78keV-volume-20260411134726-20260417190342-new_canon_autoresearch_recipe-tile256-stride128-ds8.jpg,PHercParis4,20230702185753,canon,5,6,1024,311,125,124,0.5814,0.545,79,74,460.6,443.0,0.1621,0.1639
PHercParis4/segments/20230702185753/ink-detection/downsampled/PHercParis4-20230702185753-2.4um-0.22m-78keV-volume-20260411134726-20260417190342-new_canon_autoresearch_recipe-tile256-stride128-ds8.jpg,PHercParis4,20230702185753,canon,6,0,1024,311,125,124,0.8075,0.8061,59,57,614.1,632.8,0.0843,0.0844
PHercParis4/segments/20230702185753/ink-detection/downsampled/PHercParis4-20230702185753-2.4um-0.22m-78keV-volume-20260411134726-20260417190342-new_canon_autoresearch_recipe-tile256-stride128-ds8.jpg,PHercParis4,20230702185753,canon,6,1,1024,311,125,124,0.9009,0.9008,78,71,585.4,632.8,0.1618,0.1619
PHercParis4/segments/20230702185753/ink-detection/downsampled/PHercParis4-20230702185753-2.4um-0.22m-78keV-volume-20260411134726-20260417190342-new_canon_autoresearch_recipe-tile256-stride128-ds8.jpg,PHercParis4,20230702185753,canon,6,2,1024,311,125,124,0.91,0.9027,86,77,585.4,632.8,0.1777,0.1776
PHercParis4/segments/20230702185753/ink-detection/downsampled/PHercParis4-20230702185753-2.4um-0.22m-78keV-volume-20260411134726-20260417190342-new_canon_autoresearch_recipe-tile256-stride128-ds8.jpg,PHercParis4,20230702185753,canon,6,3,1024,311,125,124,0.8228,0.7571,84,80,527.8,537.9,0.1979,0.1969
PHercParis4/segments/20230702185753/ink-detection/downsampled/PHercParis4-20230702185753-2.4um-0.22m-78keV-volume-20260411134726-20260417190342-new_canon_autoresearch_recipe-tile256-stride128-ds8.jpg,PHercParis4,20230702185753,canon,6,4,1024,311,125,124,0.6906,0.6915,84,80,527.8,506.2,0.2153,0.2148
PHercParis4/segments/20230702185753/ink-detection/downsampled/PHercParis4-20230702185753-2.4um-0.22m-78keV-volume-20260411134726-20260417190342-new_canon_autoresearch_recipe-tile256-stride128-ds8.jpg,PHercParis4,20230702185753,canon,6,5,1024,311,125,124,0.7327,0.7344,90,83,566.2,569.5,0.2168,0.2164
PHercParis4/segments/20230702185753/ink-detection/downsampled/PHercParis4-20230702185753-2.4um-0.22m-78keV-volume-20260411134726-20260417190342-new_canon_autoresearch_recipe-tile256-stride128-ds8.jpg,PHercParis4,20230702185753,canon,6,6,1024,311,125,124,0.8548,0.8463,84,76,479.8,506.2,0.126,0.1262
PHercParis4/segments/20230702185753/ink-detection/downsampled/PHercParis4-20230702185753-2.4um-0.22m-78keV-volume-20260411134726-20260417190342-new_canon_autoresearch_recipe-tile256-stride128-ds8.jpg,PHercParis4,20230702185753,canon,7,0,1024,311,125,124,0.8316,0.8163,77,75,595.0,569.5,0.1079,0.108
PHercParis4/segments/20230702185753/ink-detection/downsampled/PHercParis4-20230702185753-2.4um-0.22m-78keV-volume-20260411134726-20260417190342-new_canon_autoresearch_recipe-tile256-stride128-ds8.jpg,PHercParis4,20230702185753,canon,7,1,1024,311,125,124,0.9019,0.9013,82,78,479.8,537.9,0.1607,0.162
PHercParis4/segments/20230702185753/ink-detection/downsampled/PHercParis4-20230702185753-2.4um-0.22m-78keV-volume-20260411134726-20260417190342-new_canon_autoresearch_recipe-tile256-stride128-ds8.jpg,PHercParis4,20230702185753,canon,7,2,1024,311,125,124,0.9344,0.9257,67,65,575.8,569.5,0.1659,0.1676
PHercParis4/segments/20230702185753/ink-detection/downsampled/PHercParis4-20230702185753-2.4um-0.22m-78keV-volume-20260411134726-20260417190342-new_canon_autoresearch_recipe-tile256-stride128-ds8.jpg,PHercParis4,20230702185753,canon,7,3,1024,311,125,124,0.8419,0.7673,70,67,575.8,569.5,0.1863,0.1866
PHercParis4/segments/20230702185753/ink-detection/downsampled/PHercParis4-20230702185753-2.4um-0.22m-78keV-volume-20260411134726-20260417190342-new_canon_autoresearch_recipe-tile256-stride128-ds8.jpg,PHercParis4,20230702185753,canon,7,4,1024,311,125,124,0.6949,0.6965,86,81,537.4,506.2,0.222,0.2222
PHercParis4/segments/20230702185753/ink-detection/downsampled/PHercParis4-20230702185753-2.4um-0.22m-78keV-volume-20260411134726-20260417190342-new_canon_autoresearch_recipe-tile256-stride128-ds8.jpg,PHercParis4,20230702185753,canon,7,5,1024,311,125,124,0.5653,0.5679,81,77,499.0,506.2,0.2558,0.2565
PHercParis4/segments/20230702185753/ink-detection/downsampled/PHercParis4-20230702185753-2.4um-0.22m-78keV-volume-20260411134726-20260417190342-new_canon_autoresearch_recipe-tile256-stride128-ds8.jpg,PHercParis4,20230702185753,canon,7,6,1024,311,125,124,0.5386,0.5335,78,76,364.6,379.7,0.1549,0.1561
PHercParis4/segments/20230702185753/ink-detection/downsampled/PHercParis4-20230702185753-2.4um-0.22m-78keV-volume-20260411134726-20260417190342-new_canon_autoresearch_recipe-tile256-stride128-ds8.jpg,PHercParis4,20230702185753,canon,8,0,1024,311,125,124,0.8045,0.7932,95,86,537.4,569.5,0.1098,0.1102
PHercParis4/segments/20230702185753/ink-detection/downsampled/PHercParis4-20230702185753-2.4um-0.22m-78keV-volume-20260411134726-20260417190342-new_canon_autoresearch_recipe-tile256-stride128-ds8.jpg,PHercParis4,20230702185753,canon,8,1,1024,311,125,124,0.8374,0.8393,97,88,479.8,506.2,0.1345,0.1343
PHercParis4/segments/20230702185753/ink-detection/downsampled/PHercParis4-20230702185753-2.4um-0.22m-78keV-volume-20260411134726-20260417190342-new_canon_autoresearch_recipe-tile256-stride128-ds8.jpg,PHercParis4,20230702185753,canon,8,2,1024,311,125,124,0.8817,0.8859,76,70,441.4,443.0,0.1325,0.1326
PHercParis4/segments/20230702185753/ink-detection/downsampled/PHercParis4-20230702185753-2.4um-0.22m-78keV-volume-20260411134726-20260417190342-new_canon_autoresearch_recipe-tile256-stride128-ds8.jpg,PHercParis4,20230702185753,canon,8,3,1024,311,125,124,0.9161,0.9213,79,70,575.8,632.8,0.1512,0.1515
PHercParis4/segments/20230702185753/ink-detection/downsampled/PHercParis4-20230702185753-2.4um-0.22m-78keV-volume-20260411134726-20260417190342-new_canon_autoresearch_recipe-tile256-stride128-ds8.jpg,PHercParis4,20230702185753,canon,8,4,1024,311,125,124,0.9261,0.931,108,97,499.0,506.2,0.2184,0.2196
PHercParis4/segments/20230702185753/ink-detection/downsampled/PHercParis4-20230702185753-2.4um-0.22m-78keV-volume-20260411134726-20260417190342-new_canon_autoresearch_recipe-tile256-stride128-ds8.jpg,PHercParis4,20230702185753,canon,8,5,1024,311,125,124,0.8349,0.8317,122,112,403.0,443.0,0.2573,0.2616
PHercParis4/segments/20230702185753/ink-detection/downsampled/PHercParis4-20230702185753-2.4um-0.22m-78keV-volume-20260411134726-20260417190342-new_canon_autoresearch_recipe-tile256-stride128-ds8.jpg,PHercParis4,20230702185753,canon,8,6,1024,311,125,124,0.7215,0.7143,105,99,345.5,316.4,0.1419,0.1453
PHercParis4/segments/20230702185753/ink-detection/downsampled/PHercParis4-20230702185753-2.4um-0.22m-78keV-volume-20260411134726-20260417190342-new_canon_autoresearch_recipe-tile256-stride128-ds8.jpg,PHercParis4,20230702185753,canon,9,0,1024,311,125,124,0.845,0.8407,81,76,499.0,506.2,0.109,0.1097
PHercParis4/segments/20230702185753/ink-detection/downsampled/PHercParis4-20230702185753-2.4um-0.22m-78keV-volume-20260411134726-20260417190342-new_canon_autoresearch_recipe-tile256-stride128-ds8.jpg,PHercParis4,20230702185753,canon,9,1,1024,311,125,124,0.8435,0.8471,79,74,614.1,632.8,0.126,0.1261
PHercParis4/segments/20230702185753/ink-detection/downsampled/PHercParis4-20230702185753-2.4um-0.22m-78keV-volume-20260411134726-20260417190342-new_canon_autoresearch_recipe-tile256-stride128-ds8.jpg,PHercParis4,20230702185753,canon,9,2,1024,311,125,124,0.8627,0.8731,69,62,614.1,664.4,0.1469,0.1469
PHercParis4/segments/20230702185753/ink-detection/downsampled/PHercParis4-20230702185753-2.4um-0.22m-78keV-volume-20260411134726-20260417190342-new_canon_autoresearch_recipe-tile256-stride128-ds8.jpg,PHercParis4,20230702185753,canon,9,3,1024,311,125,124,0.8949,0.9022,80,74,604.5,632.8,0.183,0.1831
PHercParis4/segments/20230702185753/ink-detection/downsampled/PHercParis4-20230702185753-2.4um-0.22m-78keV-volume-20260411134726-20260417190342-new_canon_autoresearch_recipe-tile256-stride128-ds8.jpg,PHercParis4,20230702185753,canon,9,4,1024,311,125,124,0.7911,0.7947,106,94,470.2,506.2,0.251,0.2516
PHercParis4/segments/20230702185753/ink-detection/downsampled/PHercParis4-20230702185753-2.4um-0.22m-78keV-volume-20260411134726-20260417190342-new_canon_autoresearch_recipe-tile256-stride128-ds8.jpg,PHercParis4,20230702185753,canon,9,5,1024,311,125,124,0.7038,0.707,112,100,403.0,443.0,0.2407,0.2437
PHercParis4/segments/20230702185753/ink-detection/downsampled/PHercParis4-20230702185753-2.4um-0.22m-78keV-volume-20260411134726-20260417190342-new_canon_autoresearch_recipe-tile256-stride128-ds8.jpg,PHercParis4,20230702185753,canon,9,6,1024,311,125,124,0.8063,0.8107,99,91,364.6,379.7,0.1086,0.1108
PHercParis4/segments/20230702185753/ink-detection/downsampled/PHercParis4-20230702185753-2.4um-0.22m-78keV-volume-20260411134726-20260417190342-new_canon_autoresearch_recipe-tile256-stride128-ds8.jpg,PHercParis4,20230702185753,canon,10,0,1024,311,125,124,0.9006,0.9053,70,69,460.6,443.0,0.1193,0.1167
PHercParis4/segments/20230702185753/ink-detection/downsampled/PHercParis4-20230702185753-2.4um-0.22m-78keV-volume-20260411134726-20260417190342-new_canon_autoresearch_recipe-tile256-stride128-ds8.jpg,PHercParis4,20230702185753,canon,10,1,1024,311,125,124,0.9121,0.9178,61,60,825.3,854.3,0.1367,0.1354
PHercParis4/segments/20230702185753/ink-detection/downsampled/PHercParis4-20230702185753-2.4um-0.22m-78keV-volume-20260411134726-20260417190342-new_canon_autoresearch_recipe-tile256-stride128-ds8.jpg,PHercParis4,20230702185753,canon,10,2,1024,311,125,124,0.9142,0.915,55,54,729.3,759.4,0.1619,0.1619
PHercParis4/segments/20230702185753/ink-detection/downsampled/PHercParis4-20230702185753-2.4um-0.22m-78keV-volume-20260411134726-20260417190342-new_canon_autoresearch_recipe-tile256-stride128-ds8.jpg,PHercParis4,20230702185753,canon,10,3,1024,311,125,124,0.9222,0.9243,72,70,614.1,632.8,0.1889,0.1889
PHercParis4/segments/20230702185753/ink-detection/downsampled/PHercParis4-20230702185753-2.4um-0.22m-78keV-volume-20260411134726-20260417190342-new_canon_autoresearch_recipe-tile256-stride128-ds8.jpg,PHercParis4,20230702185753,canon,10,4,1024,311,125,124,0.5186,0.513,91,85,537.4,569.5,0.226,0.2261
PHercParis4/segments/20230702185753/ink-detection/downsampled/PHercParis4-20230702185753-2.4um-0.22m-78keV-volume-20260411134726-20260417190342-new_canon_autoresearch_recipe-tile256-stride128-ds8.jpg,PHercParis4,20230702185753,canon,10,5,1024,311,125,124,0.49,0.4904,86,79,441.4,443.0,0.1978,0.2
PHercParis4/segments/20230702185753/ink-detection/downsampled/PHercParis4-20230702185753-2.4um-0.22m-78keV-volume-20260411134726-20260417190342-new_canon_autoresearch_recipe-tile256-stride128-ds8.jpg,PHercParis4,20230702185753,canon,10,6,1024,311,125,124,0.796,0.7992,88,79,383.8,379.7,0.0853,0.0878
PHercParis4/segments/20230929220926/ink-detection/downsampled/PHercParis4-20230929220926-2.4um-0.22m-78keV-volume-20260411134726-20260417190342-new_canon_autoresearch_recipe-tile256-stride128-ds8.jpg,PHercParis4,20230929220926,canon,0,1,1024,311,126,126,0.3905,0.3716,103,94,595.0,632.8,0.2066,0.2061
PHercParis4/segments/20230929220926/ink-detection/downsampled/PHercParis4-20230929220926-2.4um-0.22m-78keV-volume-20260411134726-20260417190342-new_canon_autoresearch_recipe-tile256-stride128-ds8.jpg,PHercParis4,20230929220926,canon,0,2,1024,311,126,126,0.7038,0.6894,131,121,537.4,569.5,0.1254,0.1248
PHercParis4/segments/20230929220926/ink-detection/downsampled/PHercParis4-20230929220926-2.4um-0.22m-78keV-volume-20260411134726-20260417190342-new_canon_autoresearch_recipe-tile256-stride128-ds8.jpg,PHercParis4,20230929220926,canon,0,3,1024,311,126,126,0.631,0.6286,117,105,422.2,506.2,0.2197,0.2188
PHercParis4/segments/20230929220926/ink-detection/downsampled/PHercParis4-20230929220926-2.4um-0.22m-78keV-volume-20260411134726-20260417190342-new_canon_autoresearch_recipe-tile256-stride128-ds8.jpg,PHercParis4,20230929220926,canon,0,4,1024,311,126,126,0.594,0.5924,92,86,479.8,506.2,0.2606,0.2605
PHercParis4/segments/20230929220926/ink-detection/downsampled/PHercParis4-20230929220926-2.4um-0.22m-78keV-volume-20260411134726-20260417190342-new_canon_autoresearch_recipe-tile256-stride128-ds8.jpg,PHercParis4,20230929220926,canon,0,5,1024,311,126,126,0.71,0.7146,69,68,518.2,506.2,0.1844,0.185
PHercParis4/segments/20230929220926/ink-detection/downsampled/PHercParis4-20230929220926-2.4um-0.22m-78keV-volume-20260411134726-20260417190342-new_canon_autoresearch_recipe-tile256-stride128-ds8.jpg,PHercParis4,20230929220926,canon,0,8,1024,311,126,126,0.7839,0.7822,83,78,633.3,696.1,0.2634,0.2624
PHercParis4/segments/20230929220926/ink-detection/downsampled/PHercParis4-20230929220926-2.4um-0.22m-78keV-volume-20260411134726-20260417190342-new_canon_autoresearch_recipe-tile256-stride128-ds8.jpg,PHercParis4,20230929220926,canon,0,9,1024,311,126,126,0.7125,0.7158,93,83,537.4,506.2,0.2621,0.2625
PHercParis4/segments/20230929220926/ink-detection/downsampled/PHercParis4-20230929220926-2.4um-0.22m-78keV-volume-20260411134726-20260417190342-new_canon_autoresearch_recipe-tile256-stride128-ds8.jpg,PHercParis4,20230929220926,canon,0,10,1024,311,126,126,0.7922,0.7775,125,112,460.6,506.2,0.1322,0.1335
PHercParis4/segments/20230929220926/ink-detection/downsampled/PHercParis4-20230929220926-2.4um-0.22m-78keV-volume-20260411134726-20260417190342-new_canon_autoresearch_recipe-tile256-stride128-ds8.jpg,PHercParis4,20230929220926,canon,0,14,1024,311,126,126,0.7345,0.7302,63,58,556.6,569.5,0.2104,0.21
PHercParis4/segments/20230929220926/ink-detection/downsampled/PHercParis4-20230929220926-2.4um-0.22m-78keV-volume-20260411134726-20260417190342-new_canon_autoresearch_recipe-tile256-stride128-ds8.jpg,PHercParis4,20230929220926,canon,0,15,1024,311,126,126,0.8185,0.8244,73,69,556.6,569.5,0.2103,0.2111
PHercParis4/segments/20230929220926/ink-detection/downsampled/PHercParis4-20230929220926-2.4um-0.22m-78keV-volume-20260411134726-20260417190342-new_canon_autoresearch_recipe-tile256-stride128-ds8.jpg,PHercParis4,20230929220926,canon,0,16,1024,311,126,126,0.7681,0.7768,62,58,595.0,664.4,0.1922,0.1947
PHercParis4/segments/20230929220926/ink-detection/downsampled/PHercParis4-20230929220926-2.4um-0.22m-78keV-volume-20260411134726-20260417190342-new_canon_autoresearch_recipe-tile256-stride128-ds8.jpg,PHercParis4,20230929220926,canon,1,1,1024,311,126,126,0.1884,0.1888,98,86,460.6,569.5,0.2507,0.2501
PHercParis4/segments/20230929220926/ink-detection/downsampled/PHercParis4-20230929220926-2.4um-0.22m-78keV-volume-20260411134726-20260417190342-new_canon_autoresearch_recipe-tile256-stride128-ds8.jpg,PHercParis4,20230929220926,canon,1,2,1024,311,126,126,0.7257,0.722,124,113,460.6,506.2,0.1093,0.1087
PHercParis4/segments/20230929220926/ink-detection/downsampled/PHercParis4-20230929220926-2.4um-0.22m-78keV-volume-20260411134726-20260417190342-new_canon_autoresearch_recipe-tile256-stride128-ds8.jpg,PHercParis4,20230929220926,canon,1,3,1024,311,126,126,0.7958,0.8004,116,108,403.0,443.0,0.2158,0.2151
PHercParis4/segments/20230929220926/ink-detection/downsampled/PHercParis4-20230929220926-2.4um-0.22m-78keV-volume-20260411134726-20260417190342-new_canon_autoresearch_recipe-tile256-stride128-ds8.jpg,PHercParis4,20230929220926,canon,1,4,1024,311,126,126,0.7557,0.7562,122,113,508.6,569.5,0.2764,0.2774
PHercParis4/segments/20230929220926/ink-detection/downsampled/PHercParis4-20230929220926-2.4um-0.22m-78keV-volume-20260411134726-20260417190342-new_canon_autoresearch_recipe-tile256-stride128-ds8.jpg,PHercParis4,20230929220926,canon,1,5,1024,311,126,126,0.6486,0.6541,119,112,556.6,569.5,0.2627,0.264
PHercParis4/segments/20230929220926/ink-detection/downsampled/PHercParis4-20230929220926-2.4um-0.22m-78keV-volume-20260411134726-20260417190342-new_canon_autoresearch_recipe-tile256-stride128-ds8.jpg,PHercParis4,20230929220926,canon,1,6,1024,311,126,126,0.9279,0.9292,109,104,633.3,664.4,0.27,0.271
PHercParis4/segments/20230929220926/ink-detection/downsampled/PHercParis4-20230929220926-2.4um-0.22m-78keV-volume-20260411134726-20260417190342-new_canon_autoresearch_recipe-tile256-stride128-ds8.jpg,PHercParis4,20230929220926,canon,1,7,1024,311,126,126,0.7647,0.7704,128,123,642.9,632.8,0.2548,0.2546
PHercParis4/segments/20230929220926/ink-detection/downsampled/PHercParis4-20230929220926-2.4um-0.22m-78keV-volume-20260411134726-20260417190342-new_canon_autoresearch_recipe-tile256-stride128-ds8.jpg,PHercParis4,20230929220926,canon,1,8,1024,311,126,126,0.9089,0.9114,120,115,575.8,569.5,0.2887,0.2889
PHercParis4/segments/20230929220926/ink-detection/downsampled/PHercParis4-20230929220926-2.4um-0.22m-78keV-volume-20260411134726-20260417190342-new_canon_autoresearch_recipe-tile256-stride128-ds8.jpg,PHercParis4,20230929220926,canon,1,9,1024,311,126,126,0.8935,0.901,130,114,518.2,569.5,0.2501,0.2503
PHercParis4/segments/20230929220926/ink-detection/downsampled/PHercParis4-20230929220926-2.4um-0.22m-78keV-volume-20260411134726-20260417190342-new_canon_autoresearch_recipe-tile256-stride128-ds8.jpg,PHercParis4,20230929220926,canon,1,10,1024,311,126,126,0.7755,0.7674,170,156,556.6,569.5,0.1722,0.1725
PHercParis4/segments/20230929220926/ink-detection/downsampled/PHercParis4-20230929220926-2.4um-0.22m-78keV-volume-20260411134726-20260417190342-new_canon_autoresearch_recipe-tile256-stride128-ds8.jpg,PHercParis4,20230929220926,canon,1,11,1024,311,126,126,0.6433,0.6267,137,131,556.6,569.5,0.2411,0.2402
PHercParis4/segments/20230929220926/ink-detection/downsampled/PHercParis4-20230929220926-2.4um-0.22m-78keV-volume-20260411134726-20260417190342-new_canon_autoresearch_recipe-tile256-stride128-ds8.jpg,PHercParis4,20230929220926,canon,1,12,1024,311,126,126,0.4564,0.4497,90,81,489.4,506.2,0.2877,0.2839
PHercParis4/segments/20230929220926/ink-detection/downsampled/PHercParis4-20230929220926-2.4um-0.22m-78keV-volume-20260411134726-20260417190342-new_canon_autoresearch_recipe-tile256-stride128-ds8.jpg,PHercParis4,20230929220926,canon,1,13,1024,311,126,126,0.421,0.4214,80,71,518.2,569.5,0.2926,0.2927
PHercParis4/segments/20230929220926/ink-detection/downsampled/PHercParis4-20230929220926-2.4um-0.22m-78keV-volume-20260411134726-20260417190342-new_canon_autoresearch_recipe-tile256-stride128-ds8.jpg,PHercParis4,20230929220926,canon,1,14,1024,311,126,126,0.6207,0.6252,95,85,556.6,569.5,0.2688,0.2731
PHercParis4/segments/20230929220926/ink-detection/downsampled/PHercParis4-20230929220926-2.4um-0.22m-78keV-volume-20260411134726-20260417190342-new_canon_autoresearch_recipe-tile256-stride128-ds8.jpg,PHercParis4,20230929220926,canon,1,15,1024,311,126,126,0.9382,0.9404,97,92,537.4,537.9,0.2494,0.2505
PHercParis4/segments/20230929220926/ink-detection/downsampled/PHercParis4-20230929220926-2.4um-0.22m-78keV-volume-20260411134726-20260417190342-new_canon_autoresearch_recipe-tile256-stride128-ds8.jpg,PHercParis4,20230929220926,canon,1,16,1024,311,126,126,0.5132,0.5216,59,57,556.6,632.8,0.2888,0.2892
PHercParis4/segments/20230929220926/ink-detection/downsampled/PHercParis4-20230929220926-2.4um-0.22m-78keV-volume-20260411134726-20260417190342-new_canon_autoresearch_recipe-tile256-stride128-ds8.jpg,PHercParis4,20230929220926,canon,2,1,1024,311,126,126,0.4318,0.4353,107,96,460.6,506.2,0.1812,0.1814
PHercParis4/segments/20230929220926/ink-detection/downsampled/PHercParis4-20230929220926-2.4um-0.22m-78keV-volume-20260411134726-20260417190342-new_canon_autoresearch_recipe-tile256-stride128-ds8.jpg,PHercParis4,20230929220926,canon,2,2,1024,311,126,126,0.7863,0.7712,107,101,479.8,506.2,0.1137,0.1131
PHercParis4/segments/20230929220926/ink-detection/downsampled/PHercParis4-20230929220926-2.4um-0.22m-78keV-volume-20260411134726-20260417190342-new_canon_autoresearch_recipe-tile256-stride128-ds8.jpg,PHercParis4,20230929220926,canon,2,3,1024,311,126,126,0.6355,0.64,98,90,460.6,506.2,0.2024,0.2017
PHercParis4/segments/20230929220926/ink-detection/downsampled/PHercParis4-20230929220926-2.4um-0.22m-78keV-volume-20260411134726-20260417190342-new_canon_autoresearch_recipe-tile256-stride128-ds8.jpg,PHercParis4,20230929220926,canon,2,4,1024,311,126,126,0.8206,0.6307,102,88,508.6,506.2,0.2609,0.2615
PHercParis4/segments/20230929220926/ink-detection/downsampled/PHercParis4-20230929220926-2.4um-0.22m-78keV-volume-20260411134726-20260417190342-new_canon_autoresearch_recipe-tile256-stride128-ds8.jpg,PHercParis4,20230929220926,canon,2,5,1024,311,126,126,0.5354,0.4473,92,82,527.8,569.5,0.2612,0.2616
PHercParis4/segments/20230929220926/ink-detection/downsampled/PHercParis4-20230929220926-2.4um-0.22m-78keV-volume-20260411134726-20260417190342-new_canon_autoresearch_recipe-tile256-stride128-ds8.jpg,PHercParis4,20230929220926,canon,2,6,1024,311,126,126,0.8345,0.8329,90,86,614.1,632.8,0.2736,0.2744
PHercParis4/segments/20230929220926/ink-detection/downsampled/PHercParis4-20230929220926-2.4um-0.22m-78keV-volume-20260411134726-20260417190342-new_canon_autoresearch_recipe-tile256-stride128-ds8.jpg,PHercParis4,20230929220926,canon,2,7,1024,311,126,126,0.7279,0.738,95,93,595.0,632.8,0.2772,0.2753
PHercParis4/segments/20230929220926/ink-detection/downsampled/PHercParis4-20230929220926-2.4um-0.22m-78keV-volume-20260411134726-20260417190342-new_canon_autoresearch_recipe-tile256-stride128-ds8.jpg,PHercParis4,20230929220926,canon,2,8,1024,311,126,126,0.5132,0.5136,107,98,460.6,506.2,0.2851,0.2847
PHercParis4/segments/20230929220926/ink-detection/downsampled/PHercParis4-20230929220926-2.4um-0.22m-78keV-volume-20260411134726-20260417190342-new_canon_autoresearch_recipe-tile256-stride128-ds8.jpg,PHercParis4,20230929220926,canon,2,9,1024,311,126,126,0.6697,0.6699,127,115,518.2,569.5,0.2814,0.2815
PHercParis4/segments/20230929220926/ink-detection/downsampled/PHercParis4-20230929220926-2.4um-0.22m-78keV-volume-20260411134726-20260417190342-new_canon_autoresearch_recipe-tile256-stride128-ds8.jpg,PHercParis4,20230929220926,canon,2,10,1024,311,126,126,0.812,0.8091,151,140,556.6,569.5,0.282,0.2806
PHercParis4/segments/20230929220926/ink-detection/downsampled/PHercParis4-20230929220926-2.4um-0.22m-78keV-volume-20260411134726-20260417190342-new_canon_autoresearch_recipe-tile256-stride128-ds8.jpg,PHercParis4,20230929220926,canon,2,11,1024,311,126,126,0.5734,0.5646,119,110,575.8,569.5,0.3257,0.3266
PHercParis4/segments/20230929220926/ink-detection/downsampled/PHercParis4-20230929220926-2.4um-0.22m-78keV-volume-20260411134726-20260417190342-new_canon_autoresearch_recipe-tile256-stride128-ds8.jpg,PHercParis4,20230929220926,canon,2,12,1024,311,126,126,0.3805,0.469,76,71,499.0,506.2,0.3293,0.3274
PHercParis4/segments/20230929220926/ink-detection/downsampled/PHercParis4-20230929220926-2.4um-0.22m-78keV-volume-20260411134726-20260417190342-new_canon_autoresearch_recipe-tile256-stride128-ds8.jpg,PHercParis4,20230929220926,canon,2,13,1024,311,126,126,0.2308,0.2341,69,66,479.8,506.2,0.3096,0.3099
PHercParis4/segments/20230929220926/ink-detection/downsampled/PHercParis4-20230929220926-2.4um-0.22m-78keV-volume-20260411134726-20260417190342-new_canon_autoresearch_recipe-tile256-stride128-ds8.jpg,PHercParis4,20230929220926,canon,2,14,1024,311,126,126,0.5659,0.571,70,64,489.4,569.5,0.2661,0.2697
PHercParis4/segments/20230929220926/ink-detection/downsampled/PHercParis4-20230929220926-2.4um-0.22m-78keV-volume-20260411134726-20260417190342-new_canon_autoresearch_recipe-tile256-stride128-ds8.jpg,PHercParis4,20230929220926,canon,2,15,1024,311,126,126,0.9559,0.9545,79,79,499.0,506.2,0.2329,0.2339
PHercParis4/segments/20230929220926/ink-detection/downsampled/PHercParis4-20230929220926-2.4um-0.22m-78keV-volume-20260411134726-20260417190342-new_canon_autoresearch_recipe-tile256-stride128-ds8.jpg,PHercParis4,20230929220926,canon,2,16,1024,311,126,126,0.5026,0.3807,57,55,499.0,569.5,0.2609,0.2618
PHercParis4/segments/20230929220926/ink-detection/downsampled/PHercParis4-20230929220926-2.4um-0.22m-78keV-volume-20260411134726-20260417190342-new_canon_autoresearch_recipe-tile256-stride128-ds8.jpg,PHercParis4,20230929220926,canon,3,0,1024,311,126,126,0.8503,0.8608,84,73,460.6,443.0,0.138,0.1375
PHercParis4/segments/20230929220926/ink-detection/downsampled/PHercParis4-20230929220926-2.4um-0.22m-78keV-volume-20260411134726-20260417190342-new_canon_autoresearch_recipe-tile256-stride128-ds8.jpg,PHercParis4,20230929220926,canon,3,1,1024,311,126,126,0.8031,0.7921,100,91,431.8,443.0,0.1206,0.1204
PHercParis4/segments/20230929220926/ink-detection/downsampled/PHercParis4-20230929220926-2.4um-0.22m-78keV-volume-20260411134726-20260417190342-new_canon_autoresearch_recipe-tile256-stride128-ds8.jpg,PHercParis4,20230929220926,canon,3,2,1024,311,126,126,0.7893,0.7785,88,85,527.8,506.2,0.1015,0.1009
PHercParis4/segments/20230929220926/ink-detection/downsampled/PHercParis4-20230929220926-2.4um-0.22m-78keV-volume-20260411134726-20260417190342-new_canon_autoresearch_recipe-tile256-stride128-ds8.jpg,PHercParis4,20230929220926,canon,3,3,1024,311,126,126,0.8372,0.8319,98,90,614.1,632.8,0.151,0.1512
PHercParis4/segments/20230929220926/ink-detection/downsampled/PHercParis4-20230929220926-2.4um-0.22m-78keV-volume-20260411134726-20260417190342-new_canon_autoresearch_recipe-tile256-stride128-ds8.jpg,PHercParis4,20230929220926,canon,3,4,1024,311,126,126,0.8305,0.7059,123,113,614.1,632.8,0.1915,0.1934
PHercParis4/segments/20230929220926/ink-detection/downsampled/PHercParis4-20230929220926-2.4um-0.22m-78keV-volume-20260411134726-20260417190342-new_canon_autoresearch_recipe-tile256-stride128-ds8.jpg,PHercParis4,20230929220926,canon,3,5,1024,311,126,126,0.5509,0.4341,99,95,652.5,632.8,0.1946,0.1957
PHercParis4/segments/20230929220926/ink-detection/downsampled/PHercParis4-20230929220926-2.4um-0.22m-78keV-volume-20260411134726-20260417190342-new_canon_autoresearch_recipe-tile256-stride128-ds8.jpg,PHercParis4,20230929220926,canon,3,6,1024,311,126,126,0.777,0.7724,92,86,614.1,632.8,0.2085,0.2094
PHercParis4/segments/20230929220926/ink-detection/downsampled/PHercParis4-20230929220926-2.4um-0.22m-78keV-volume-20260411134726-20260417190342-new_canon_autoresearch_recipe-tile256-stride128-ds8.jpg,PHercParis4,20230929220926,canon,3,7,1024,311,126,126,0.6651,0.6852,84,78,556.6,569.5,0.222,0.2213
PHercParis4/segments/20230929220926/ink-detection/downsampled/PHercParis4-20230929220926-2.4um-0.22m-78keV-volume-20260411134726-20260417190342-new_canon_autoresearch_recipe-tile256-stride128-ds8.jpg,PHercParis4,20230929220926,canon,3,8,1024,311,126,126,0.4383,0.4466,95,89,518.2,506.2,0.2068,0.2089
PHercParis4/segments/20230929220926/ink-detection/downsampled/PHercParis4-20230929220926-2.4um-0.22m-78keV-volume-20260411134726-20260417190342-new_canon_autoresearch_recipe-tile256-stride128-ds8.jpg,PHercParis4,20230929220926,canon,3,9,1024,311,126,126,0.6006,0.5999,131,125,537.4,569.5,0.2077,0.2084
PHercParis4/segments/20230929220926/ink-detection/downsampled/PHercParis4-20230929220926-2.4um-0.22m-78keV-volume-20260411134726-20260417190342-new_canon_autoresearch_recipe-tile256-stride128-ds8.jpg,PHercParis4,20230929220926,canon,3,10,1024,311,126,126,0.8081,0.7996,136,127,518.2,569.5,0.2584,0.2551
PHercParis4/segments/20230929220926/ink-detection/downsampled/PHercParis4-20230929220926-2.4um-0.22m-78keV-volume-20260411134726-20260417190342-new_canon_autoresearch_recipe-tile256-stride128-ds8.jpg,PHercParis4,20230929220926,canon,3,11,1024,311,126,126,0.5229,0.5117,102,93,566.2,569.5,0.2926,0.2936
PHercParis4/segments/20230929220926/ink-detection/downsampled/PHercParis4-20230929220926-2.4um-0.22m-78keV-volume-20260411134726-20260417190342-new_canon_autoresearch_recipe-tile256-stride128-ds8.jpg,PHercParis4,20230929220926,canon,3,12,1024,311,126,126,0.7204,0.825,75,69,595.0,569.5,0.2919,0.2949
PHercParis4/segments/20230929220926/ink-detection/downsampled/PHercParis4-20230929220926-2.4um-0.22m-78keV-volume-20260411134726-20260417190342-new_canon_autoresearch_recipe-tile256-stride128-ds8.jpg,PHercParis4,20230929220926,canon,3,13,1024,311,126,126,0.6316,0.6241,75,75,556.6,569.5,0.2737,0.2738
PHercParis4/segments/20230929220926/ink-detection/downsampled/PHercParis4-20230929220926-2.4um-0.22m-78keV-volume-20260411134726-20260417190342-new_canon_autoresearch_recipe-tile256-stride128-ds8.jpg,PHercParis4,20230929220926,canon,3,14,1024,311,126,126,0.9321,0.9382,79,72,690.9,854.3,0.227,0.2273
PHercParis4/segments/20230929220926/ink-detection/downsampled/PHercParis4-20230929220926-2.4um-0.22m-78keV-volume-20260411134726-20260417190342-new_canon_autoresearch_recipe-tile256-stride128-ds8.jpg,PHercParis4,20230929220926,canon,3,15,1024,311,126,126,0.9228,0.9254,93,83,614.1,696.1,0.2016,0.2047
PHercParis4/segments/20230929220926/ink-detection/downsampled/PHercParis4-20230929220926-2.4um-0.22m-78keV-volume-20260411134726-20260417190342-new_canon_autoresearch_recipe-tile256-stride128-ds8.jpg,PHercParis4,20230929220926,canon,3,16,1024,311,126,126,0.9213,0.7855,91,76,614.1,727.7,0.2283,0.2295
PHercParis4/segments/20230929220926/ink-detection/downsampled/PHercParis4-20230929220926-2.4um-0.22m-78keV-volume-20260411134726-20260417190342-new_canon_autoresearch_recipe-tile256-stride128-ds8.jpg,PHercParis4,20230929220926,canon,4,0,1024,311,126,126,0.8396,0.8329,94,82,470.2,569.5,0.1164,0.1166
PHercParis4/segments/20230929220926/ink-detection/downsampled/PHercParis4-20230929220926-2.4um-0.22m-78keV-volume-20260411134726-20260417190342-new_canon_autoresearch_recipe-tile256-stride128-ds8.jpg,PHercParis4,20230929220926,canon,4,1,1024,311,126,126,0.8247,0.8286,87,78,383.8,379.7,0.0969,0.097
PHercParis4/segments/20230929220926/ink-detection/downsampled/PHercParis4-20230929220926-2.4um-0.22m-78keV-volume-20260411134726-20260417190342-new_canon_autoresearch_recipe-tile256-stride128-ds8.jpg,PHercParis4,20230929220926,canon,4,2,1024,311,126,126,0.7483,0.7427,72,65,393.4,379.7,0.067,0.0666
PHercParis4/segments/20230929220926/ink-detection/downsampled/PHercParis4-20230929220926-2.4um-0.22m-78keV-volume-20260411134726-20260417190342-new_canon_autoresearch_recipe-tile256-stride128-ds8.jpg,PHercParis4,20230929220926,canon,4,3,1024,311,126,126,0.7533,0.7446,100,94,537.4,537.9,0.1107,0.11
PHercParis4/segments/20230929220926/ink-detection/downsampled/PHercParis4-20230929220926-2.4um-0.22m-78keV-volume-20260411134726-20260417190342-new_canon_autoresearch_recipe-tile256-stride128-ds8.jpg,PHercParis4,20230929220926,canon,4,4,1024,311,126,126,0.7169,0.6953,134,131,595.0,569.5,0.1349,0.134
PHercParis4/segments/20230929220926/ink-detection/downsampled/PHercParis4-20230929220926-2.4um-0.22m-78keV-volume-20260411134726-20260417190342-new_canon_autoresearch_recipe-tile256-stride128-ds8.jpg,PHercParis4,20230929220926,canon,4,5,1024,311,126,126,0.8011,0.7828,123,123,595.0,569.5,0.1582,0.1578
PHercParis4/segments/20230929220926/ink-detection/downsampled/PHercParis4-20230929220926-2.4um-0.22m-78keV-volume-20260411134726-20260417190342-new_canon_autoresearch_recipe-tile256-stride128-ds8.jpg,PHercParis4,20230929220926,canon,4,6,1024,311,126,126,0.8949,0.8901,106,98,556.6,569.5,0.2,0.1996
PHercParis4/segments/20230929220926/ink-detection/downsampled/PHercParis4-20230929220926-2.4um-0.22m-78keV-volume-20260411134726-20260417190342-new_canon_autoresearch_recipe-tile256-stride128-ds8.jpg,PHercParis4,20230929220926,canon,4,7,1024,311,126,126,0.8843,0.8943,99,89,556.6,569.5,0.1963,0.1969
PHercParis4/segments/20230929220926/ink-detection/downsampled/PHercParis4-20230929220926-2.4um-0.22m-78keV-volume-20260411134726-20260417190342-new_canon_autoresearch_recipe-tile256-stride128-ds8.jpg,PHercParis4,20230929220926,canon,4,8,1024,311,126,126,0.8104,0.8247,113,110,537.4,506.2,0.1527,0.1553
PHercParis4/segments/20230929220926/ink-detection/downsampled/PHercParis4-20230929220926-2.4um-0.22m-78keV-volume-20260411134726-20260417190342-new_canon_autoresearch_recipe-tile256-stride128-ds8.jpg,PHercParis4,20230929220926,canon,4,9,1024,311,126,126,0.6108,0.6206,131,124,518.2,569.5,0.103,0.1042
PHercParis4/segments/20230929220926/ink-detection/downsampled/PHercParis4-20230929220926-2.4um-0.22m-78keV-volume-20260411134726-20260417190342-new_canon_autoresearch_recipe-tile256-stride128-ds8.jpg,PHercParis4,20230929220926,canon,4,10,1024,311,126,126,0.52,0.512,129,119,518.2,569.5,0.1459,0.1439
PHercParis4/segments/20230929220926/ink-detection/downsampled/PHercParis4-20230929220926-2.4um-0.22m-78keV-volume-20260411134726-20260417190342-new_canon_autoresearch_recipe-tile256-stride128-ds8.jpg,PHercParis4,20230929220926,canon,4,11,1024,311,126,126,0.406,0.3924,99,90,479.8,506.2,0.2225,0.2196
PHercParis4/segments/20230929220926/ink-detection/downsampled/PHercParis4-20230929220926-2.4um-0.22m-78keV-volume-20260411134726-20260417190342-new_canon_autoresearch_recipe-tile256-stride128-ds8.jpg,PHercParis4,20230929220926,canon,4,12,1024,311,126,126,0.8086,0.8147,76,68,422.2,474.6,0.2528,0.2551
PHercParis4/segments/20230929220926/ink-detection/downsampled/PHercParis4-20230929220926-2.4um-0.22m-78keV-volume-20260411134726-20260417190342-new_canon_autoresearch_recipe-tile256-stride128-ds8.jpg,PHercParis4,20230929220926,canon,4,13,1024,311,126,126,0.7437,0.7394,77,71,479.8,506.2,0.26,0.2587
PHercParis4/segments/20230929220926/ink-detection/downsampled/PHercParis4-20230929220926-2.4um-0.22m-78keV-volume-20260411134726-20260417190342-new_canon_autoresearch_recipe-tile256-stride128-ds8.jpg,PHercParis4,20230929220926,canon,4,14,1024,311,126,126,0.8678,0.8666,77,72,556.6,569.5,0.2341,0.2326
PHercParis4/segments/20230929220926/ink-detection/downsampled/PHercParis4-20230929220926-2.4um-0.22m-78keV-volume-20260411134726-20260417190342-new_canon_autoresearch_recipe-tile256-stride128-ds8.jpg,PHercParis4,20230929220926,canon,4,15,1024,311,126,126,0.7323,0.7453,86,74,518.2,569.5,0.2315,0.2322
PHercParis4/segments/20230929220926/ink-detection/downsampled/PHercParis4-20230929220926-2.4um-0.22m-78keV-volume-20260411134726-20260417190342-new_canon_autoresearch_recipe-tile256-stride128-ds8.jpg,PHercParis4,20230929220926,canon,4,16,1024,311,126,126,0.6853,0.6919,85,74,499.0,569.5,0.2515,0.251
PHercParis4/segments/20230929220926/ink-detection/downsampled/PHercParis4-20230929220926-2.4um-0.22m-78keV-volume-20260411134726-20260417190342-new_canon_autoresearch_recipe-tile256-stride128-ds8.jpg,PHercParis4,20230929220926,canon,5,0,1024,311,126,126,0.8106,0.777,102,95,556.6,569.5,0.1167,0.1157
PHercParis4/segments/20230929220926/ink-detection/downsampled/PHercParis4-20230929220926-2.4um-0.22m-78keV-volume-20260411134726-20260417190342-new_canon_autoresearch_recipe-tile256-stride128-ds8.jpg,PHercParis4,20230929220926,canon,5,1,1024,311,126,126,0.7545,0.7221,98,91,403.0,443.0,0.0867,0.0861
PHercParis4/segments/20230929220926/ink-detection/downsampled/PHercParis4-20230929220926-2.4um-0.22m-78keV-volume-20260411134726-20260417190342-new_canon_autoresearch_recipe-tile256-stride128-ds8.jpg,PHercParis4,20230929220926,canon,5,2,1024,311,126,126,0.6498,0.5962,81,75,403.0,443.0,0.0571,0.0566
PHercParis4/segments/20230929220926/ink-detection/downsampled/PHercParis4-20230929220926-2.4um-0.22m-78keV-volume-20260411134726-20260417190342-new_canon_autoresearch_recipe-tile256-stride128-ds8.jpg,PHercParis4,20230929220926,canon,5,3,1024,311,126,126,0.7861,0.7899,99,97,479.8,506.2,0.1028,0.1028
PHercParis4/segments/20230929220926/ink-detection/downsampled/PHercParis4-20230929220926-2.4um-0.22m-78keV-volume-20260411134726-20260417190342-new_canon_autoresearch_recipe-tile256-stride128-ds8.jpg,PHercParis4,20230929220926,canon,5,4,1024,311,126,126,0.7892,0.7734,130,131,499.0,506.2,0.1312,0.1306
PHercParis4/segments/20230929220926/ink-detection/downsampled/PHercParis4-20230929220926-2.4um-0.22m-78keV-volume-20260411134726-20260417190342-new_canon_autoresearch_recipe-tile256-stride128-ds8.jpg,PHercParis4,20230929220926,canon,5,5,1024,311,126,126,0.848,0.8352,129,128,518.2,506.2,0.1754,0.1739
PHercParis4/segments/20230929220926/ink-detection/downsampled/PHercParis4-20230929220926-2.4um-0.22m-78keV-volume-20260411134726-20260417190342-new_canon_autoresearch_recipe-tile256-stride128-ds8.jpg,PHercParis4,20230929220926,canon,5,6,1024,311,126,126,0.7921,0.7844,101,99,556.6,569.5,0.2197,0.2172
PHercParis4/segments/20230929220926/ink-detection/downsampled/PHercParis4-20230929220926-2.4um-0.22m-78keV-volume-20260411134726-20260417190342-new_canon_autoresearch_recipe-tile256-stride128-ds8.jpg,PHercParis4,20230929220926,canon,5,7,1024,311,126,126,0.8884,0.8916,101,96,556.6,601.2,0.1929,0.1922
PHercParis4/segments/20230929220926/ink-detection/downsampled/PHercParis4-20230929220926-2.4um-0.22m-78keV-volume-20260411134726-20260417190342-new_canon_autoresearch_recipe-tile256-stride128-ds8.jpg,PHercParis4,20230929220926,canon,5,8,1024,311,126,126,0.8034,0.8089,115,110,556.6,569.5,0.1409,0.1422
PHercParis4/segments/20230929220926/ink-detection/downsampled/PHercParis4-20230929220926-2.4um-0.22m-78keV-volume-20260411134726-20260417190342-new_canon_autoresearch_recipe-tile256-stride128-ds8.jpg,PHercParis4,20230929220926,canon,5,9,1024,311,126,126,0.6487,0.6543,105,99,460.6,506.2,0.0833,0.0837
PHercParis4/segments/20230929220926/ink-detection/downsampled/PHercParis4-20230929220926-2.4um-0.22m-78keV-volume-20260411134726-20260417190342-new_canon_autoresearch_recipe-tile256-stride128-ds8.jpg,PHercParis4,20230929220926,canon,5,10,1024,311,126,126,0.4221,0.422,114,104,508.6,506.2,0.1067,0.1051
PHercParis4/segments/20230929220926/ink-detection/downsampled/PHercParis4-20230929220926-2.4um-0.22m-78keV-volume-20260411134726-20260417190342-new_canon_autoresearch_recipe-tile256-stride128-ds8.jpg,PHercParis4,20230929220926,canon,5,11,1024,311,126,126,0.602,0.592,105,96,537.4,569.5,0.202,0.1999
PHercParis4/segments/20230929220926/ink-detection/downsampled/PHercParis4-20230929220926-2.4um-0.22m-78keV-volume-20260411134726-20260417190342-new_canon_autoresearch_recipe-tile256-stride128-ds8.jpg,PHercParis4,20230929220926,canon,5,12,1024,311,126,126,0.9334,0.9261,88,82,527.8,632.8,0.2378,0.2406
PHercParis4/segments/20230929220926/ink-detection/downsampled/PHercParis4-20230929220926-2.4um-0.22m-78keV-volume-20260411134726-20260417190342-new_canon_autoresearch_recipe-tile256-stride128-ds8.jpg,PHercParis4,20230929220926,canon,5,13,1024,311,126,126,0.8316,0.8288,87,82,479.8,506.2,0.2355,0.2349
PHercParis4/segments/20230929220926/ink-detection/downsampled/PHercParis4-20230929220926-2.4um-0.22m-78keV-volume-20260411134726-20260417190342-new_canon_autoresearch_recipe-tile256-stride128-ds8.jpg,PHercParis4,20230929220926,canon,5,14,1024,311,126,126,0.9496,0.9457,93,91,479.8,506.2,0.2338,0.2333
PHercParis4/segments/20230929220926/ink-detection/downsampled/PHercParis4-20230929220926-2.4um-0.22m-78keV-volume-20260411134726-20260417190342-new_canon_autoresearch_recipe-tile256-stride128-ds8.jpg,PHercParis4,20230929220926,canon,5,15,1024,311,126,126,0.7362,0.7464,101,95,518.2,569.5,0.2272,0.2285
PHercParis4/segments/20230929220926/ink-detection/downsampled/PHercParis4-20230929220926-2.4um-0.22m-78keV-volume-20260411134726-20260417190342-new_canon_autoresearch_recipe-tile256-stride128-ds8.jpg,PHercParis4,20230929220926,canon,5,16,1024,311,126,126,0.6389,0.6377,82,80,595.0,696.1,0.2107,0.2134
PHercParis4/segments/20231005123336/ink-detection/downsampled/PHercParis4-20231005123336-2.4um-0.22m-78keV-volume-20260411134726-20260417190342-new_canon_autoresearch_recipe-tile256-stride128-ds8.jpg,PHercParis4,20231005123336,canon,0,3,1024,311,127,126,0.9021,0.9011,44,41,652.5,696.1,0.0864,0.0864
PHercParis4/segments/20231005123336/ink-detection/downsampled/PHercParis4-20231005123336-2.4um-0.22m-78keV-volume-20260411134726-20260417190342-new_canon_autoresearch_recipe-tile256-stride128-ds8.jpg,PHercParis4,20231005123336,canon,0,4,1024,311,127,126,0.9266,0.9269,61,56,614.1,696.1,0.1822,0.182
PHercParis4/segments/20231005123336/ink-detection/downsampled/PHercParis4-20231005123336-2.4um-0.22m-78keV-volume-20260411134726-20260417190342-new_canon_autoresearch_recipe-tile256-stride128-ds8.jpg,PHercParis4,20231005123336,canon,0,5,1024,311,127,126,0.9133,0.9019,82,78,633.3,696.1,0.2198,0.2195
PHercParis4/segments/20231005123336/ink-detection/downsampled/PHercParis4-20231005123336-2.4um-0.22m-78keV-volume-20260411134726-20260417190342-new_canon_autoresearch_recipe-tile256-stride128-ds8.jpg,PHercParis4,20231005123336,canon,0,6,1024,311,127,126,0.6426,0.6421,76,73,566.2,569.5,0.1966,0.1963
PHercParis4/segments/20231005123336/ink-detection/downsampled/PHercParis4-20231005123336-2.4um-0.22m-78keV-volume-20260411134726-20260417190342-new_canon_autoresearch_recipe-tile256-stride128-ds8.jpg,PHercParis4,20231005123336,canon,0,10,1024,311,127,126,0.7994,0.8046,95,91,518.2,569.5,0.1211,0.1236
PHercParis4/segments/20231005123336/ink-detection/downsampled/PHercParis4-20231005123336-2.4um-0.22m-78keV-volume-20260411134726-20260417190342-new_canon_autoresearch_recipe-tile256-stride128-ds8.jpg,PHercParis4,20231005123336,canon,0,11,1024,311,127,126,0.7491,0.7516,95,87,499.0,506.2,0.0937,0.0929
PHercParis4/segments/20231005123336/ink-detection/downsampled/PHercParis4-20231005123336-2.4um-0.22m-78keV-volume-20260411134726-20260417190342-new_canon_autoresearch_recipe-tile256-stride128-ds8.jpg,PHercParis4,20231005123336,canon,0,12,1024,311,127,126,0.9119,0.914,59,57,556.6,569.5,0.1272,0.1271
PHercParis4/segments/20231005123336/ink-detection/downsampled/PHercParis4-20231005123336-2.4um-0.22m-78keV-volume-20260411134726-20260417190342-new_canon_autoresearch_recipe-tile256-stride128-ds8.jpg,PHercParis4,20231005123336,canon,0,15,1024,311,127,126,0.5928,0.5917,50,49,556.6,569.5,0.2153,0.2152
PHercParis4/segments/20231005123336/ink-detection/downsampled/PHercParis4-20231005123336-2.4um-0.22m-78keV-volume-20260411134726-20260417190342-new_canon_autoresearch_recipe-tile256-stride128-ds8.jpg,PHercParis4,20231005123336,canon,0,16,1024,311,127,126,0.5524,0.5599,63,62,460.6,443.0,0.2499,0.2499
PHercParis4/segments/20231005123336/ink-detection/downsampled/PHercParis4-20231005123336-2.4um-0.22m-78keV-volume-20260411134726-20260417190342-new_canon_autoresearch_recipe-tile256-stride128-ds8.jpg,PHercParis4,20231005123336,canon,0,17,1024,311,127,126,0.4495,0.4526,49,45,441.4,443.0,0.1981,0.203
PHercParis4/segments/20231005123336/ink-detection/downsampled/PHercParis4-20231005123336-2.4um-0.22m-78keV-volume-20260411134726-20260417190342-new_canon_autoresearch_recipe-tile256-stride128-ds8.jpg,PHercParis4,20231005123336,canon,0,20,1024,311,127,126,0.6236,0.6137,54,52,566.2,569.5,0.1335,0.1294
PHercParis4/segments/20231005123336/ink-detection/downsampled/PHercParis4-20231005123336-2.4um-0.22m-78keV-volume-20260411134726-20260417190342-new_canon_autoresearch_recipe-tile256-stride128-ds8.jpg,PHercParis4,20231005123336,canon,0,21,1024,311,127,126,0.75,0.7534,74,74,508.6,506.2,0.206,0.2036
PHercParis4/segments/20231005123336/ink-detection/downsampled/PHercParis4-20231005123336-2.4um-0.22m-78keV-volume-20260411134726-20260417190342-new_canon_autoresearch_recipe-tile256-stride128-ds8.jpg,PHercParis4,20231005123336,canon,1,1,1024,311,127,126,0.77,0.7699,79,76,422.2,411.3,0.2002,0.2007
PHercParis4/segments/20231005123336/ink-detection/downsampled/PHercParis4-20231005123336-2.4um-0.22m-78keV-volume-20260411134726-20260417190342-new_canon_autoresearch_recipe-tile256-stride128-ds8.jpg,PHercParis4,20231005123336,canon,1,2,1024,311,127,126,0.858,0.8603,69,69,479.8,506.2,0.102,0.103
PHercParis4/segments/20231005123336/ink-detection/downsampled/PHercParis4-20231005123336-2.4um-0.22m-78keV-volume-20260411134726-20260417190342-new_canon_autoresearch_recipe-tile256-stride128-ds8.jpg,PHercParis4,20231005123336,canon,1,3,1024,311,127,126,0.8925,0.8912,70,69,566.2,569.5,0.1105,0.1108
PHercParis4/segments/20231005123336/ink-detection/downsampled/PHercParis4-20231005123336-2.4um-0.22m-78keV-volume-20260411134726-20260417190342-new_canon_autoresearch_recipe-tile256-stride128-ds8.jpg,PHercParis4,20231005123336,canon,1,4,1024,311,127,126,0.9423,0.9428,78,71,537.4,569.5,0.2148,0.2156
PHercParis4/segments/20231005123336/ink-detection/downsampled/PHercParis4-20231005123336-2.4um-0.22m-78keV-volume-20260411134726-20260417190342-new_canon_autoresearch_recipe-tile256-stride128-ds8.jpg,PHercParis4,20231005123336,canon,1,5,1024,311,127,126,0.9438,0.9412,85,77,537.4,632.8,0.2407,0.2415
PHercParis4/segments/20231005123336/ink-detection/downsampled/PHercParis4-20231005123336-2.4um-0.22m-78keV-volume-20260411134726-20260417190342-new_canon_autoresearch_recipe-tile256-stride128-ds8.jpg,PHercParis4,20231005123336,canon,1,6,1024,311,127,126,0.7471,0.747,84,81,575.8,569.5,0.2686,0.2684
PHercParis4/segments/20231005123336/ink-detection/downsampled/PHercParis4-20231005123336-2.4um-0.22m-78keV-volume-20260411134726-20260417190342-new_canon_autoresearch_recipe-tile256-stride128-ds8.jpg,PHercParis4,20231005123336,canon,1,7,1024,311,127,126,0.4983,0.4976,78,71,518.2,569.5,0.2937,0.2945
PHercParis4/segments/20231005123336/ink-detection/downsampled/PHercParis4-20231005123336-2.4um-0.22m-78keV-volume-20260411134726-20260417190342-new_canon_autoresearch_recipe-tile256-stride128-ds8.jpg,PHercParis4,20231005123336,canon,1,8,1024,311,127,126,0.6254,0.6186,76,71,547.0,569.5,0.3031,0.3037
PHercParis4/segments/20231005123336/ink-detection/downsampled/PHercParis4-20231005123336-2.4um-0.22m-78keV-volume-20260411134726-20260417190342-new_canon_autoresearch_recipe-tile256-stride128-ds8.jpg,PHercParis4,20231005123336,canon,1,9,1024,311,127,126,0.8419,0.8391,100,91,537.4,569.5,0.2844,0.2875
PHercParis4/segments/20231005123336/ink-detection/downsampled/PHercParis4-20231005123336-2.4um-0.22m-78keV-volume-20260411134726-20260417190342-new_canon_autoresearch_recipe-tile256-stride128-ds8.jpg,PHercParis4,20231005123336,canon,1,10,1024,311,127,126,0.8002,0.8063,123,112,499.0,569.5,0.152,0.1554
PHercParis4/segments/20231005123336/ink-detection/downsampled/PHercParis4-20231005123336-2.4um-0.22m-78keV-volume-20260411134726-20260417190342-new_canon_autoresearch_recipe-tile256-stride128-ds8.jpg,PHercParis4,20231005123336,canon,1,11,1024,311,127,126,0.5147,0.7874,103,93,479.8,506.2,0.1262,0.1238
PHercParis4/segments/20231005123336/ink-detection/downsampled/PHercParis4-20231005123336-2.4um-0.22m-78keV-volume-20260411134726-20260417190342-new_canon_autoresearch_recipe-tile256-stride128-ds8.jpg,PHercParis4,20231005123336,canon,1,12,1024,311,127,126,0.6573,0.6594,69,64,556.6,569.5,0.2075,0.2054
PHercParis4/segments/20231005123336/ink-detection/downsampled/PHercParis4-20231005123336-2.4um-0.22m-78keV-volume-20260411134726-20260417190342-new_canon_autoresearch_recipe-tile256-stride128-ds8.jpg,PHercParis4,20231005123336,canon,1,13,1024,311,127,126,0.3998,0.4051,55,48,614.1,632.8,0.2408,0.2395
PHercParis4/segments/20231005123336/ink-detection/downsampled/PHercParis4-20231005123336-2.4um-0.22m-78keV-volume-20260411134726-20260417190342-new_canon_autoresearch_recipe-tile256-stride128-ds8.jpg,PHercParis4,20231005123336,canon,1,14,1024,311,127,126,0.4641,0.4638,45,36,460.6,632.8,0.2767,0.2772
PHercParis4/segments/20231005123336/ink-detection/downsampled/PHercParis4-20231005123336-2.4um-0.22m-78keV-volume-20260411134726-20260417190342-new_canon_autoresearch_recipe-tile256-stride128-ds8.jpg,PHercParis4,20231005123336,canon,1,15,1024,311,127,126,0.4327,0.4373,48,43,556.6,569.5,0.2737,0.2757
PHercParis4/segments/20231005123336/ink-detection/downsampled/PHercParis4-20231005123336-2.4um-0.22m-78keV-volume-20260411134726-20260417190342-new_canon_autoresearch_recipe-tile256-stride128-ds8.jpg,PHercParis4,20231005123336,canon,1,16,1024,311,127,126,0.6474,0.6537,59,57,499.0,506.2,0.2469,0.2475
PHercParis4/segments/20231005123336/ink-detection/downsampled/PHercParis4-20231005123336-2.4um-0.22m-78keV-volume-20260411134726-20260417190342-new_canon_autoresearch_recipe-tile256-stride128-ds8.jpg,PHercParis4,20231005123336,canon,1,17,1024,311,127,126,0.5148,0.5235,67,62,460.6,474.6,0.1915,0.1963
PHercParis4/segments/20231005123336/ink-detection/downsampled/PHercParis4-20231005123336-2.4um-0.22m-78keV-volume-20260411134726-20260417190342-new_canon_autoresearch_recipe-tile256-stride128-ds8.jpg,PHercParis4,20231005123336,canon,1,18,1024,311,127,126,0.833,0.8542,83,72,403.0,474.6,0.0904,0.0927
PHercParis4/segments/20231005123336/ink-detection/downsampled/PHercParis4-20231005123336-2.4um-0.22m-78keV-volume-20260411134726-20260417190342-new_canon_autoresearch_recipe-tile256-stride128-ds8.jpg,PHercParis4,20231005123336,canon,1,19,1024,311,127,126,0.8478,0.84,83,76,422.2,474.6,0.0976,0.094
PHercParis4/segments/20231005123336/ink-detection/downsampled/PHercParis4-20231005123336-2.4um-0.22m-78keV-volume-20260411134726-20260417190342-new_canon_autoresearch_recipe-tile256-stride128-ds8.jpg,PHercParis4,20231005123336,canon,1,20,1024,311,127,126,0.6756,0.6681,73,69,518.2,569.5,0.1607,0.1566
PHercParis4/segments/20231005123336/ink-detection/downsampled/PHercParis4-20231005123336-2.4um-0.22m-78keV-volume-20260411134726-20260417190342-new_canon_autoresearch_recipe-tile256-stride128-ds8.jpg,PHercParis4,20231005123336,canon,1,21,1024,311,127,126,0.6002,0.6013,75,75,556.6,569.5,0.1974,0.1968
PHercParis4/segments/20231005123336/ink-detection/downsampled/PHercParis4-20231005123336-2.4um-0.22m-78keV-volume-20260411134726-20260417190342-new_canon_autoresearch_recipe-tile256-stride128-ds8.jpg,PHercParis4,20231005123336,canon,2,1,1024,311,127,126,0.7547,0.7548,60,53,470.2,506.2,0.2057,0.206
PHercParis4/segments/20231005123336/ink-detection/downsampled/PHercParis4-20231005123336-2.4um-0.22m-78keV-volume-20260411134726-20260417190342-new_canon_autoresearch_recipe-tile256-stride128-ds8.jpg,PHercParis4,20231005123336,canon,2,2,1024,311,127,126,0.8166,0.8162,60,59,460.6,443.0,0.0794,0.0803
PHercParis4/segments/20231005123336/ink-detection/downsampled/PHercParis4-20231005123336-2.4um-0.22m-78keV-volume-20260411134726-20260417190342-new_canon_autoresearch_recipe-tile256-stride128-ds8.jpg,PHercParis4,20231005123336,canon,2,3,1024,311,127,126,0.8356,0.833,69,66,422.2,443.0,0.0904,0.0904
PHercParis4/segments/20231005123336/ink-detection/downsampled/PHercParis4-20231005123336-2.4um-0.22m-78keV-volume-20260411134726-20260417190342-new_canon_autoresearch_recipe-tile256-stride128-ds8.jpg,PHercParis4,20231005123336,canon,2,4,1024,311,127,126,0.9459,0.9456,65,59,422.2,443.0,0.2087,0.2087
PHercParis4/segments/20231005123336/ink-detection/downsampled/PHercParis4-20231005123336-2.4um-0.22m-78keV-volume-20260411134726-20260417190342-new_canon_autoresearch_recipe-tile256-stride128-ds8.jpg,PHercParis4,20231005123336,canon,2,5,1024,311,127,126,0.9575,0.9579,63,57,518.2,569.5,0.2458,0.2457
PHercParis4/segments/20231005123336/ink-detection/downsampled/PHercParis4-20231005123336-2.4um-0.22m-78keV-volume-20260411134726-20260417190342-new_canon_autoresearch_recipe-tile256-stride128-ds8.jpg,PHercParis4,20231005123336,canon,2,6,1024,311,127,126,0.5373,0.5368,59,54,499.0,537.9,0.2628,0.2626
PHercParis4/segments/20231005123336/ink-detection/downsampled/PHercParis4-20231005123336-2.4um-0.22m-78keV-volume-20260411134726-20260417190342-new_canon_autoresearch_recipe-tile256-stride128-ds8.jpg,PHercParis4,20231005123336,canon,2,7,1024,311,127,126,0.3187,0.31,64,60,441.4,506.2,0.2721,0.2729
PHercParis4/segments/20231005123336/ink-detection/downsampled/PHercParis4-20231005123336-2.4um-0.22m-78keV-volume-20260411134726-20260417190342-new_canon_autoresearch_recipe-tile256-stride128-ds8.jpg,PHercParis4,20231005123336,canon,2,8,1024,311,127,126,0.719,0.7104,75,74,614.1,632.8,0.2578,0.2585
PHercParis4/segments/20231005123336/ink-detection/downsampled/PHercParis4-20231005123336-2.4um-0.22m-78keV-volume-20260411134726-20260417190342-new_canon_autoresearch_recipe-tile256-stride128-ds8.jpg,PHercParis4,20231005123336,canon,2,9,1024,311,127,126,0.8842,0.8842,107,98,460.6,506.2,0.2193,0.2222
PHercParis4/segments/20231005123336/ink-detection/downsampled/PHercParis4-20231005123336-2.4um-0.22m-78keV-volume-20260411134726-20260417190342-new_canon_autoresearch_recipe-tile256-stride128-ds8.jpg,PHercParis4,20231005123336,canon,2,10,1024,311,127,126,0.7355,0.7384,122,108,383.8,443.0,0.1097,0.1113
PHercParis4/segments/20231005123336/ink-detection/downsampled/PHercParis4-20231005123336-2.4um-0.22m-78keV-volume-20260411134726-20260417190342-new_canon_autoresearch_recipe-tile256-stride128-ds8.jpg,PHercParis4,20231005123336,canon,2,11,1024,311,127,126,0.3053,0.5753,86,77,364.6,379.7,0.126,0.124
PHercParis4/segments/20231005123336/ink-detection/downsampled/PHercParis4-20231005123336-2.4um-0.22m-78keV-volume-20260411134726-20260417190342-new_canon_autoresearch_recipe-tile256-stride128-ds8.jpg,PHercParis4,20231005123336,canon,2,12,1024,311,127,126,0.518,0.5164,70,63,556.6,569.5,0.2227,0.2211
PHercParis4/segments/20231005123336/ink-detection/downsampled/PHercParis4-20231005123336-2.4um-0.22m-78keV-volume-20260411134726-20260417190342-new_canon_autoresearch_recipe-tile256-stride128-ds8.jpg,PHercParis4,20231005123336,canon,2,13,1024,311,127,126,0.7091,0.7145,70,63,767.7,822.6,0.2344,0.2345
PHercParis4/segments/20231005123336/ink-detection/downsampled/PHercParis4-20231005123336-2.4um-0.22m-78keV-volume-20260411134726-20260417190342-new_canon_autoresearch_recipe-tile256-stride128-ds8.jpg,PHercParis4,20231005123336,canon,2,14,1024,311,127,126,0.5605,0.5571,62,58,595.0,601.2,0.2462,0.2477
PHercParis4/segments/20231005123336/ink-detection/downsampled/PHercParis4-20231005123336-2.4um-0.22m-78keV-volume-20260411134726-20260417190342-new_canon_autoresearch_recipe-tile256-stride128-ds8.jpg,PHercParis4,20231005123336,canon,2,15,1024,311,127,126,0.55,0.5535,52,47,690.9,759.4,0.2587,0.2604
PHercParis4/segments/20231005123336/ink-detection/downsampled/PHercParis4-20231005123336-2.4um-0.22m-78keV-volume-20260411134726-20260417190342-new_canon_autoresearch_recipe-tile256-stride128-ds8.jpg,PHercParis4,20231005123336,canon,2,16,1024,311,127,126,0.5203,0.4973,47,44,652.5,632.8,0.2613,0.2614
PHercParis4/segments/20231005123336/ink-detection/downsampled/PHercParis4-20231005123336-2.4um-0.22m-78keV-volume-20260411134726-20260417190342-new_canon_autoresearch_recipe-tile256-stride128-ds8.jpg,PHercParis4,20231005123336,canon,2,17,1024,311,127,126,0.4312,0.2764,69,62,499.0,569.5,0.1796,0.1834
PHercParis4/segments/20231005123336/ink-detection/downsampled/PHercParis4-20231005123336-2.4um-0.22m-78keV-volume-20260411134726-20260417190342-new_canon_autoresearch_recipe-tile256-stride128-ds8.jpg,PHercParis4,20231005123336,canon,2,18,1024,311,127,126,0.6566,0.6619,81,75,460.6,506.2,0.062,0.0658
PHercParis4/segments/20231005123336/ink-detection/downsampled/PHercParis4-20231005123336-2.4um-0.22m-78keV-volume-20260411134726-20260417190342-new_canon_autoresearch_recipe-tile256-stride128-ds8.jpg,PHercParis4,20231005123336,canon,2,19,1024,311,127,126,0.8499,0.8458,70,64,460.6,506.2,0.114,0.1112
PHercParis4/segments/20231005123336/ink-detection/downsampled/PHercParis4-20231005123336-2.4um-0.22m-78keV-volume-20260411134726-20260417190342-new_canon_autoresearch_recipe-tile256-stride128-ds8.jpg,PHercParis4,20231005123336,canon,2,20,1024,311,127,126,0.9344,0.934,70,63,527.8,569.5,0.1928,0.1913
PHercParis4/segments/20231005123336/ink-detection/downsampled/PHercParis4-20231005123336-2.4um-0.22m-78keV-volume-20260411134726-20260417190342-new_canon_autoresearch_recipe-tile256-stride128-ds8.jpg,PHercParis4,20231005123336,canon,2,21,1024,311,127,126,0.607,0.6043,81,77,537.4,569.5,0.1962,0.1959
PHercParis4/segments/20231005123336/ink-detection/downsampled/PHercParis4-20231005123336-2.4um-0.22m-78keV-volume-20260411134726-20260417190342-new_canon_autoresearch_recipe-tile256-stride128-ds8.jpg,PHercParis4,20231005123336,canon,3,1,1024,311,127,126,0.7179,0.7192,68,62,499.0,506.2,0.1716,0.1727
PHercParis4/segments/20231005123336/ink-detection/downsampled/PHercParis4-20231005123336-2.4um-0.22m-78keV-volume-20260411134726-20260417190342-new_canon_autoresearch_recipe-tile256-stride128-ds8.jpg,PHercParis4,20231005123336,canon,3,2,1024,311,127,126,0.8053,0.8067,74,70,460.6,443.0,0.0736,0.0747
PHercParis4/segments/20231005123336/ink-detection/downsampled/PHercParis4-20231005123336-2.4um-0.22m-78keV-volume-20260411134726-20260417190342-new_canon_autoresearch_recipe-tile256-stride128-ds8.jpg,PHercParis4,20231005123336,canon,3,3,1024,311,127,126,0.8626,0.8608,74,68,441.4,506.2,0.1104,0.1108
PHercParis4/segments/20231005123336/ink-detection/downsampled/PHercParis4-20231005123336-2.4um-0.22m-78keV-volume-20260411134726-20260417190342-new_canon_autoresearch_recipe-tile256-stride128-ds8.jpg,PHercParis4,20231005123336,canon,3,4,1024,311,127,126,0.967,0.9661,58,56,700.5,791.0,0.2126,0.2135
PHercParis4/segments/20231005123336/ink-detection/downsampled/PHercParis4-20231005123336-2.4um-0.22m-78keV-volume-20260411134726-20260417190342-new_canon_autoresearch_recipe-tile256-stride128-ds8.jpg,PHercParis4,20231005123336,canon,3,5,1024,311,127,126,0.8378,0.8398,72,64,566.2,632.8,0.239,0.2401
PHercParis4/segments/20231005123336/ink-detection/downsampled/PHercParis4-20231005123336-2.4um-0.22m-78keV-volume-20260411134726-20260417190342-new_canon_autoresearch_recipe-tile256-stride128-ds8.jpg,PHercParis4,20231005123336,canon,3,6,1024,311,127,126,0.6936,0.6919,84,73,518.2,569.5,0.2464,0.2475
PHercParis4/segments/20231005123336/ink-detection/downsampled/PHercParis4-20231005123336-2.4um-0.22m-78keV-volume-20260411134726-20260417190342-new_canon_autoresearch_recipe-tile256-stride128-ds8.jpg,PHercParis4,20231005123336,canon,3,7,1024,311,127,126,0.7784,0.7642,82,75,547.0,569.5,0.2218,0.2226
PHercParis4/segments/20231005123336/ink-detection/downsampled/PHercParis4-20231005123336-2.4um-0.22m-78keV-volume-20260411134726-20260417190342-new_canon_autoresearch_recipe-tile256-stride128-ds8.jpg,PHercParis4,20231005123336,canon,3,8,1024,311,127,126,0.8947,0.8964,78,74,652.5,727.7,0.1936,0.1951
PHercParis4/segments/20231005123336/ink-detection/downsampled/PHercParis4-20231005123336-2.4um-0.22m-78keV-volume-20260411134726-20260417190342-new_canon_autoresearch_recipe-tile256-stride128-ds8.jpg,PHercParis4,20231005123336,canon,3,9,1024,311,127,126,0.7253,0.7367,101,95,556.6,569.5,0.1749,0.1785
PHercParis4/segments/20231005123336/ink-detection/downsampled/PHercParis4-20231005123336-2.4um-0.22m-78keV-volume-20260411134726-20260417190342-new_canon_autoresearch_recipe-tile256-stride128-ds8.jpg,PHercParis4,20231005123336,canon,3,10,1024,311,127,126,0.7433,0.7553,116,106,383.8,379.7,0.1012,0.1027
PHercParis4/segments/20231005123336/ink-detection/downsampled/PHercParis4-20231005123336-2.4um-0.22m-78keV-volume-20260411134726-20260417190342-new_canon_autoresearch_recipe-tile256-stride128-ds8.jpg,PHercParis4,20231005123336,canon,3,11,1024,311,127,126,0.592,0.5808,89,83,364.6,379.7,0.1312,0.1298
PHercParis4/segments/20231005123336/ink-detection/downsampled/PHercParis4-20231005123336-2.4um-0.22m-78keV-volume-20260411134726-20260417190342-new_canon_autoresearch_recipe-tile256-stride128-ds8.jpg,PHercParis4,20231005123336,canon,3,12,1024,311,127,126,0.7215,0.7207,81,75,537.4,569.5,0.231,0.2297
PHercParis4/segments/20231005123336/ink-detection/downsampled/PHercParis4-20231005123336-2.4um-0.22m-78keV-volume-20260411134726-20260417190342-new_canon_autoresearch_recipe-tile256-stride128-ds8.jpg,PHercParis4,20231005123336,canon,3,13,1024,311,127,126,0.9377,0.9389,76,68,547.0,664.4,0.2446,0.2437
PHercParis4/segments/20231005123336/ink-detection/downsampled/PHercParis4-20231005123336-2.4um-0.22m-78keV-volume-20260411134726-20260417190342-new_canon_autoresearch_recipe-tile256-stride128-ds8.jpg,PHercParis4,20231005123336,canon,3,14,1024,311,127,126,0.7947,0.7963,71,66,614.1,696.1,0.238,0.2382
PHercParis4/segments/20231005123336/ink-detection/downsampled/PHercParis4-20231005123336-2.4um-0.22m-78keV-volume-20260411134726-20260417190342-new_canon_autoresearch_recipe-tile256-stride128-ds8.jpg,PHercParis4,20231005123336,canon,3,15,1024,311,127,126,0.7463,0.748,70,65,604.5,632.8,0.2326,0.233
PHercParis4/segments/20231005123336/ink-detection/downsampled/PHercParis4-20231005123336-2.4um-0.22m-78keV-volume-20260411134726-20260417190342-new_canon_autoresearch_recipe-tile256-stride128-ds8.jpg,PHercParis4,20231005123336,canon,3,16,1024,311,127,126,0.6152,0.5875,78,74,518.2,506.2,0.2495,0.2504
PHercParis4/segments/20231005123336/ink-detection/downsampled/PHercParis4-20231005123336-2.4um-0.22m-78keV-volume-20260411134726-20260417190342-new_canon_autoresearch_recipe-tile256-stride128-ds8.jpg,PHercParis4,20231005123336,canon,3,17,1024,311,127,126,0.6705,0.5117,87,82,537.4,537.9,0.186,0.1904
PHercParis4/segments/20231005123336/ink-detection/downsampled/PHercParis4-20231005123336-2.4um-0.22m-78keV-volume-20260411134726-20260417190342-new_canon_autoresearch_recipe-tile256-stride128-ds8.jpg,PHercParis4,20231005123336,canon,3,18,1024,311,127,126,0.648,0.6538,88,87,508.6,506.2,0.073,0.0758
PHercParis4/segments/20231005123336/ink-detection/downsampled/PHercParis4-20231005123336-2.4um-0.22m-78keV-volume-20260411134726-20260417190342-new_canon_autoresearch_recipe-tile256-stride128-ds8.jpg,PHercParis4,20231005123336,canon,3,19,1024,311,127,126,0.8743,0.8679,68,65,499.0,506.2,0.1244,0.1223
PHercParis4/segments/20231005123336/ink-detection/downsampled/PHercParis4-20231005123336-2.4um-0.22m-78keV-volume-20260411134726-20260417190342-new_canon_autoresearch_recipe-tile256-stride128-ds8.jpg,PHercParis4,20231005123336,canon,3,20,1024,311,127,126,0.9566,0.9555,58,53,556.6,569.5,0.1979,0.1967
PHercParis4/segments/20231005123336/ink-detection/downsampled/PHercParis4-20231005123336-2.4um-0.22m-78keV-volume-20260411134726-20260417190342-new_canon_autoresearch_recipe-tile256-stride128-ds8.jpg,PHercParis4,20231005123336,canon,3,21,1024,311,127,126,0.7834,0.7792,75,73,614.1,696.1,0.1863,0.1857
PHercParis4/segments/20231005123336/ink-detection/downsampled/PHercParis4-20231005123336-2.4um-0.22m-78keV-volume-20260411134726-20260417190342-new_canon_autoresearch_recipe-tile256-stride128-ds8.jpg,PHercParis4,20231005123336,canon,4,0,1024,311,127,126,0.5177,0.5201,54,46,460.6,537.9,0.189,0.1893
PHercParis4/segments/20231005123336/ink-detection/downsampled/PHercParis4-20231005123336-2.4um-0.22m-78keV-volume-20260411134726-20260417190342-new_canon_autoresearch_recipe-tile256-stride128-ds8.jpg,PHercParis4,20231005123336,canon,4,1,1024,311,127,126,0.6967,0.6978,75,69,422.2,443.0,0.1856,0.1859
PHercParis4/segments/20231005123336/ink-detection/downsampled/PHercParis4-20231005123336-2.4um-0.22m-78keV-volume-20260411134726-20260417190342-new_canon_autoresearch_recipe-tile256-stride128-ds8.jpg,PHercParis4,20231005123336,canon,4,2,1024,311,127,126,0.7356,0.7395,82,78,431.8,443.0,0.0862,0.0864
PHercParis4/segments/20231005123336/ink-detection/downsampled/PHercParis4-20231005123336-2.4um-0.22m-78keV-volume-20260411134726-20260417190342-new_canon_autoresearch_recipe-tile256-stride128-ds8.jpg,PHercParis4,20231005123336,canon,4,3,1024,311,127,126,0.8657,0.8669,77,72,479.8,506.2,0.1297,0.1293
PHercParis4/segments/20231005123336/ink-detection/downsampled/PHercParis4-20231005123336-2.4um-0.22m-78keV-volume-20260411134726-20260417190342-new_canon_autoresearch_recipe-tile256-stride128-ds8.jpg,PHercParis4,20231005123336,canon,4,4,1024,311,127,126,0.953,0.9554,66,63,575.8,632.8,0.2202,0.2198
PHercParis4/segments/20231005123336/ink-detection/downsampled/PHercParis4-20231005123336-2.4um-0.22m-78keV-volume-20260411134726-20260417190342-new_canon_autoresearch_recipe-tile256-stride128-ds8.jpg,PHercParis4,20231005123336,canon,4,5,1024,311,127,126,0.7873,0.79,82,70,547.0,569.5,0.2255,0.2247
PHercParis4/segments/20231005123336/ink-detection/downsampled/PHercParis4-20231005123336-2.4um-0.22m-78keV-volume-20260411134726-20260417190342-new_canon_autoresearch_recipe-tile256-stride128-ds8.jpg,PHercParis4,20231005123336,canon,4,6,1024,311,127,126,0.9169,0.9179,95,83,499.0,569.5,0.2429,0.2425
PHercParis4/segments/20231005123336/ink-detection/downsampled/PHercParis4-20231005123336-2.4um-0.22m-78keV-volume-20260411134726-20260417190342-new_canon_autoresearch_recipe-tile256-stride128-ds8.jpg,PHercParis4,20231005123336,canon,4,7,1024,311,127,126,0.7707,0.7379,77,69,556.6,569.5,0.2332,0.2338
PHercParis4/segments/20231005123336/ink-detection/downsampled/PHercParis4-20231005123336-2.4um-0.22m-78keV-volume-20260411134726-20260417190342-new_canon_autoresearch_recipe-tile256-stride128-ds8.jpg,PHercParis4,20231005123336,canon,4,8,1024,311,127,126,0.7533,0.7299,69,63,595.0,569.5,0.2067,0.208
PHercParis4/segments/20231005123336/ink-detection/downsampled/PHercParis4-20231005123336-2.4um-0.22m-78keV-volume-20260411134726-20260417190342-new_canon_autoresearch_recipe-tile256-stride128-ds8.jpg,PHercParis4,20231005123336,canon,4,9,1024,311,127,126,0.7537,0.7654,97,90,518.2,506.2,0.1677,0.1709
PHercParis4/segments/20231005123336/ink-detection/downsampled/PHercParis4-20231005123336-2.4um-0.22m-78keV-volume-20260411134726-20260417190342-new_canon_autoresearch_recipe-tile256-stride128-ds8.jpg,PHercParis4,20231005123336,canon,4,10,1024,311,127,126,0.7679,0.78,110,100,412.6,443.0,0.0965,0.0988
PHercParis4/segments/20231005123336/ink-detection/downsampled/PHercParis4-20231005123336-2.4um-0.22m-78keV-volume-20260411134726-20260417190342-new_canon_autoresearch_recipe-tile256-stride128-ds8.jpg,PHercParis4,20231005123336,canon,4,11,1024,311,127,126,0.8718,0.861,84,78,431.8,506.2,0.1434,0.142
PHercParis4/segments/20231005123336/ink-detection/downsampled/PHercParis4-20231005123336-2.4um-0.22m-78keV-volume-20260411134726-20260417190342-new_canon_autoresearch_recipe-tile256-stride128-ds8.jpg,PHercParis4,20231005123336,canon,4,12,1024,311,127,126,0.9361,0.9389,74,70,566.2,569.5,0.2281,0.2269
PHercParis4/segments/20231005123336/ink-detection/downsampled/PHercParis4-20231005123336-2.4um-0.22m-78keV-volume-20260411134726-20260417190342-new_canon_autoresearch_recipe-tile256-stride128-ds8.jpg,PHercParis4,20231005123336,canon,4,13,1024,311,127,126,0.9491,0.953,76,68,642.9,885.9,0.2302,0.2309
PHercParis4/segments/20231005123336/ink-detection/downsampled/PHercParis4-20231005123336-2.4um-0.22m-78keV-volume-20260411134726-20260417190342-new_canon_autoresearch_recipe-tile256-stride128-ds8.jpg,PHercParis4,20231005123336,canon,4,14,1024,311,127,126,0.922,0.9262,88,80,614.1,696.1,0.2212,0.2231
PHercParis4/segments/20231005123336/ink-detection/downsampled/PHercParis4-20231005123336-2.4um-0.22m-78keV-volume-20260411134726-20260417190342-new_canon_autoresearch_recipe-tile256-stride128-ds8.jpg,PHercParis4,20231005123336,canon,4,15,1024,311,127,126,0.7675,0.7706,89,84,595.0,632.8,0.2074,0.2077
PHercParis4/segments/20231005123336/ink-detection/downsampled/PHercParis4-20231005123336-2.4um-0.22m-78keV-volume-20260411134726-20260417190342-new_canon_autoresearch_recipe-tile256-stride128-ds8.jpg,PHercParis4,20231005123336,canon,4,16,1024,311,127,126,0.9328,0.9345,83,79,556.6,569.5,0.2227,0.2247
PHercParis4/segments/20231005123336/ink-detection/downsampled/PHercParis4-20231005123336-2.4um-0.22m-78keV-volume-20260411134726-20260417190342-new_canon_autoresearch_recipe-tile256-stride128-ds8.jpg,PHercParis4,20231005123336,canon,4,17,1024,311,127,126,0.8983,0.7427,81,77,537.4,506.2,0.1707,0.176
PHercParis4/segments/20231005123336/ink-detection/downsampled/PHercParis4-20231005123336-2.4um-0.22m-78keV-volume-20260411134726-20260417190342-new_canon_autoresearch_recipe-tile256-stride128-ds8.jpg,PHercParis4,20231005123336,canon,4,18,1024,311,127,126,0.6599,0.693,87,83,460.6,443.0,0.0696,0.0708
PHercParis4/segments/20231005123336/ink-detection/downsampled/PHercParis4-20231005123336-2.4um-0.22m-78keV-volume-20260411134726-20260417190342-new_canon_autoresearch_recipe-tile256-stride128-ds8.jpg,PHercParis4,20231005123336,canon,4,19,1024,311,127,126,0.819,0.8306,80,76,547.0,569.5,0.1175,0.1149
PHercParis4/segments/20231005123336/ink-detection/downsampled/PHercParis4-20231005123336-2.4um-0.22m-78keV-volume-20260411134726-20260417190342-new_canon_autoresearch_recipe-tile256-stride128-ds8.jpg,PHercParis4,20231005123336,canon,4,20,1024,311,127,126,0.9373,0.9343,73,72,614.1,696.1,0.1975,0.194
PHercParis4/segments/20231005123336/ink-detection/downsampled/PHercParis4-20231005123336-2.4um-0.22m-78keV-volume-20260411134726-20260417190342-new_canon_autoresearch_recipe-tile256-stride128-ds8.jpg,PHercParis4,20231005123336,canon,4,21,1024,311,127,126,0.9542,0.952,68,67,604.5,696.1,0.2019,0.2036
PHercParis4/segments/20231005123336/ink-detection/downsampled/PHercParis4-20231005123336-2.4um-0.22m-78keV-volume-20260411134726-20260417190342-new_canon_autoresearch_recipe-tile256-stride128-ds8.jpg,PHercParis4,20231005123336,canon,5,0,1024,311,127,126,0.6396,0.6353,62,57,652.5,759.4,0.2011,0.2026
PHercParis4/segments/20231005123336/ink-detection/downsampled/PHercParis4-20231005123336-2.4um-0.22m-78keV-volume-20260411134726-20260417190342-new_canon_autoresearch_recipe-tile256-stride128-ds8.jpg,PHercParis4,20231005123336,canon,5,1,1024,311,127,126,0.8658,0.8554,78,76,537.4,569.5,0.1566,0.1576
PHercParis4/segments/20231005123336/ink-detection/downsampled/PHercParis4-20231005123336-2.4um-0.22m-78keV-volume-20260411134726-20260417190342-new_canon_autoresearch_recipe-tile256-stride128-ds8.jpg,PHercParis4,20231005123336,canon,5,2,1024,311,127,126,0.6135,0.5895,88,85,499.0,506.2,0.0714,0.0716
PHercParis4/segments/20231005123336/ink-detection/downsampled/PHercParis4-20231005123336-2.4um-0.22m-78keV-volume-20260411134726-20260417190342-new_canon_autoresearch_recipe-tile256-stride128-ds8.jpg,PHercParis4,20231005123336,canon,5,3,1024,311,127,126,0.8415,0.8321,87,86,499.0,506.2,0.1366,0.1366
PHercParis4/segments/20231005123336/ink-detection/downsampled/PHercParis4-20231005123336-2.4um-0.22m-78keV-volume-20260411134726-20260417190342-new_canon_autoresearch_recipe-tile256-stride128-ds8.jpg,PHercParis4,20231005123336,canon,5,4,1024,311,127,126,0.9206,0.9218,93,90,595.0,664.4,0.2145,0.2152
PHercParis4/segments/20231005123336/ink-detection/downsampled/PHercParis4-20231005123336-2.4um-0.22m-78keV-volume-20260411134726-20260417190342-new_canon_autoresearch_recipe-tile256-stride128-ds8.jpg,PHercParis4,20231005123336,canon,5,5,1024,311,127,126,0.7447,0.7536,89,82,595.0,569.5,0.2325,0.2328
PHercParis4/segments/20231005123336/ink-detection/downsampled/PHercParis4-20231005123336-2.4um-0.22m-78keV-volume-20260411134726-20260417190342-new_canon_autoresearch_recipe-tile256-stride128-ds8.jpg,PHercParis4,20231005123336,canon,5,6,1024,311,127,126,0.7944,0.7953,82,76,556.6,569.5,0.2308,0.232
PHercParis4/segments/20231005123336/ink-detection/downsampled/PHercParis4-20231005123336-2.4um-0.22m-78keV-volume-20260411134726-20260417190342-new_canon_autoresearch_recipe-tile256-stride128-ds8.jpg,PHercParis4,20231005123336,canon,5,7,1024,311,127,126,0.781,0.7445,87,84,556.6,537.9,0.2097,0.2114
PHercParis4/segments/20231005123336/ink-detection/downsampled/PHercParis4-20231005123336-2.4um-0.22m-78keV-volume-20260411134726-20260417190342-new_canon_autoresearch_recipe-tile256-stride128-ds8.jpg,PHercParis4,20231005123336,canon,5,8,1024,311,127,126,0.7945,0.7659,92,85,575.8,569.5,0.2086,0.2092
PHercParis4/segments/20231005123336/ink-detection/downsampled/PHercParis4-20231005123336-2.4um-0.22m-78keV-volume-20260411134726-20260417190342-new_canon_autoresearch_recipe-tile256-stride128-ds8.jpg,PHercParis4,20231005123336,canon,5,9,1024,311,127,126,0.8691,0.8735,105,97,499.0,569.5,0.1612,0.1637
PHercParis4/segments/20231005123336/ink-detection/downsampled/PHercParis4-20231005123336-2.4um-0.22m-78keV-volume-20260411134726-20260417190342-new_canon_autoresearch_recipe-tile256-stride128-ds8.jpg,PHercParis4,20231005123336,canon,5,10,1024,311,127,126,0.6698,0.6857,115,104,460.6,506.2,0.0877,0.0885
PHercParis4/segments/20231005123336/ink-detection/downsampled/PHercParis4-20231005123336-2.4um-0.22m-78keV-volume-20260411134726-20260417190342-new_canon_autoresearch_recipe-tile256-stride128-ds8.jpg,PHercParis4,20231005123336,canon,5,11,1024,311,127,126,0.8878,0.8897,80,71,451.0,506.2,0.1594,0.1569
PHercParis4/segments/20231005123336/ink-detection/downsampled/PHercParis4-20231005123336-2.4um-0.22m-78keV-volume-20260411134726-20260417190342-new_canon_autoresearch_recipe-tile256-stride128-ds8.jpg,PHercParis4,20231005123336,canon,5,12,1024,311,127,126,0.9264,0.9248,72,67,518.2,569.5,0.2193,0.2184
PHercParis4/segments/20231005123336/ink-detection/downsampled/PHercParis4-20231005123336-2.4um-0.22m-78keV-volume-20260411134726-20260417190342-new_canon_autoresearch_recipe-tile256-stride128-ds8.jpg,PHercParis4,20231005123336,canon,5,13,1024,311,127,126,0.9004,0.8928,84,79,499.0,569.5,0.1856,0.1844
PHercParis4/segments/20231005123336/ink-detection/downsampled/PHercParis4-20231005123336-2.4um-0.22m-78keV-volume-20260411134726-20260417190342-new_canon_autoresearch_recipe-tile256-stride128-ds8.jpg,PHercParis4,20231005123336,canon,5,14,1024,311,127,126,0.9146,0.9174,82,79,547.0,506.2,0.1842,0.1842
PHercParis4/segments/20231005123336/ink-detection/downsampled/PHercParis4-20231005123336-2.4um-0.22m-78keV-volume-20260411134726-20260417190342-new_canon_autoresearch_recipe-tile256-stride128-ds8.jpg,PHercParis4,20231005123336,canon,5,15,1024,311,127,126,0.5327,0.5388,68,66,547.0,569.5,0.2129,0.2144
PHercParis4/segments/20231005123336/ink-detection/downsampled/PHercParis4-20231005123336-2.4um-0.22m-78keV-volume-20260411134726-20260417190342-new_canon_autoresearch_recipe-tile256-stride128-ds8.jpg,PHercParis4,20231005123336,canon,5,16,1024,311,127,126,0.6563,0.6365,45,39,575.8,506.2,0.2451,0.2458
PHercParis4/segments/20231005123336/ink-detection/downsampled/PHercParis4-20231005123336-2.4um-0.22m-78keV-volume-20260411134726-20260417190342-new_canon_autoresearch_recipe-tile256-stride128-ds8.jpg,PHercParis4,20231005123336,canon,5,17,1024,311,127,126,0.7714,0.5774,52,45,441.4,443.0,0.1628,0.1664
PHercParis4/segments/20231005123336/ink-detection/downsampled/PHercParis4-20231005123336-2.4um-0.22m-78keV-volume-20260411134726-20260417190342-new_canon_autoresearch_recipe-tile256-stride128-ds8.jpg,PHercParis4,20231005123336,canon,5,18,1024,311,127,126,0.6242,0.6849,74,65,412.6,443.0,0.0511,0.0525
PHercParis4/segments/20231005123336/ink-detection/downsampled/PHercParis4-20231005123336-2.4um-0.22m-78keV-volume-20260411134726-20260417190342-new_canon_autoresearch_recipe-tile256-stride128-ds8.jpg,PHercParis4,20231005123336,canon,5,19,1024,311,127,126,0.7702,0.8001,76,70,556.6,569.5,0.0994,0.0966
PHercParis4/segments/20231005123336/ink-detection/downsampled/PHercParis4-20231005123336-2.4um-0.22m-78keV-volume-20260411134726-20260417190342-new_canon_autoresearch_recipe-tile256-stride128-ds8.jpg,PHercParis4,20231005123336,canon,5,20,1024,311,127,126,0.9172,0.9149,73,71,633.3,696.1,0.1823,0.1787
PHercParis4/segments/20231005123336/ink-detection/downsampled/PHercParis4-20231005123336-2.4um-0.22m-78keV-volume-20260411134726-20260417190342-new_canon_autoresearch_recipe-tile256-stride128-ds8.jpg,PHercParis4,20231005123336,canon,5,21,1024,311,127,126,0.9603,0.9511,67,64,556.6,601.2,0.202,0.2033
PHercParis4/segments/20231005123336/ink-detection/downsampled/PHercParis4-20231005123336-2.4um-0.22m-78keV-volume-20260411134726-20260417190342-new_canon_autoresearch_recipe-tile256-stride128-ds8.jpg,PHercParis4,20231005123336,canon,6,0,1024,311,127,126,0.6959,0.6978,58,54,633.3,632.8,0.1634,0.164
PHercParis4/segments/20231005123336/ink-detection/downsampled/PHercParis4-20231005123336-2.4um-0.22m-78keV-volume-20260411134726-20260417190342-new_canon_autoresearch_recipe-tile256-stride128-ds8.jpg,PHercParis4,20231005123336,canon,6,1,1024,311,127,126,0.6457,0.6372,80,78,633.3,601.2,0.1645,0.1648
PHercParis4/segments/20231005123336/ink-detection/downsampled/PHercParis4-20231005123336-2.4um-0.22m-78keV-volume-20260411134726-20260417190342-new_canon_autoresearch_recipe-tile256-stride128-ds8.jpg,PHercParis4,20231005123336,canon,6,2,1024,311,127,126,0.4597,0.4491,108,99,499.0,569.5,0.1425,0.143
PHercParis4/segments/20231005123336/ink-detection/downsampled/PHercParis4-20231005123336-2.4um-0.22m-78keV-volume-20260411134726-20260417190342-new_canon_autoresearch_recipe-tile256-stride128-ds8.jpg,PHercParis4,20231005123336,canon,6,3,1024,311,127,126,0.5651,0.5595,98,88,460.6,537.9,0.1674,0.1681
PHercParis4/segments/20231005123336/ink-detection/downsampled/PHercParis4-20231005123336-2.4um-0.22m-78keV-volume-20260411134726-20260417190342-new_canon_autoresearch_recipe-tile256-stride128-ds8.jpg,PHercParis4,20231005123336,canon,6,4,1024,311,127,126,0.8952,0.8929,95,88,575.8,601.2,0.166,0.167
PHercParis4/segments/20231005123336/ink-detection/downsampled/PHercParis4-20231005123336-2.4um-0.22m-78keV-volume-20260411134726-20260417190342-new_canon_autoresearch_recipe-tile256-stride128-ds8.jpg,PHercParis4,20231005123336,canon,6,5,1024,311,127,126,0.6049,0.6083,91,80,556.6,569.5,0.1841,0.1844
PHercParis4/segments/20231005123336/ink-detection/downsampled/PHercParis4-20231005123336-2.4um-0.22m-78keV-volume-20260411134726-20260417190342-new_canon_autoresearch_recipe-tile256-stride128-ds8.jpg,PHercParis4,20231005123336,canon,6,6,1024,311,127,126,0.7615,0.7578,85,80,518.2,537.9,0.1914,0.1921
PHercParis4/segments/20231005123336/ink-detection/downsampled/PHercParis4-20231005123336-2.4um-0.22m-78keV-volume-20260411134726-20260417190342-new_canon_autoresearch_recipe-tile256-stride128-ds8.jpg,PHercParis4,20231005123336,canon,6,7,1024,311,127,126,0.875,0.8739,108,105,556.6,569.5,0.1768,0.1773
PHercParis4/segments/20231005123336/ink-detection/downsampled/PHercParis4-20231005123336-2.4um-0.22m-78keV-volume-20260411134726-20260417190342-new_canon_autoresearch_recipe-tile256-stride128-ds8.jpg,PHercParis4,20231005123336,canon,6,8,1024,311,127,126,0.8906,0.8907,110,103,556.6,569.5,0.2025,0.2018
PHercParis4/segments/20231005123336/ink-detection/downsampled/PHercParis4-20231005123336-2.4um-0.22m-78keV-volume-20260411134726-20260417190342-new_canon_autoresearch_recipe-tile256-stride128-ds8.jpg,PHercParis4,20231005123336,canon,6,9,1024,311,127,126,0.6719,0.6851,104,94,489.4,506.2,0.1598,0.1605
PHercParis4/segments/20231005123336/ink-detection/downsampled/PHercParis4-20231005123336-2.4um-0.22m-78keV-volume-20260411134726-20260417190342-new_canon_autoresearch_recipe-tile256-stride128-ds8.jpg,PHercParis4,20231005123336,canon,6,10,1024,311,127,126,0.6569,0.6577,120,106,479.8,506.2,0.0896,0.0881
PHercParis4/segments/20231005123336/ink-detection/downsampled/PHercParis4-20231005123336-2.4um-0.22m-78keV-volume-20260411134726-20260417190342-new_canon_autoresearch_recipe-tile256-stride128-ds8.jpg,PHercParis4,20231005123336,canon,6,11,1024,311,127,126,0.8631,0.8513,101,89,518.2,506.2,0.1629,0.1599
PHercParis4/segments/20231005123336/ink-detection/downsampled/PHercParis4-20231005123336-2.4um-0.22m-78keV-volume-20260411134726-20260417190342-new_canon_autoresearch_recipe-tile256-stride128-ds8.jpg,PHercParis4,20231005123336,canon,6,12,1024,311,127,126,0.9079,0.908,97,86,518.2,569.5,0.2111,0.2144
PHercParis4/segments/20231005123336/ink-detection/downsampled/PHercParis4-20231005123336-2.4um-0.22m-78keV-volume-20260411134726-20260417190342-new_canon_autoresearch_recipe-tile256-stride128-ds8.jpg,PHercParis4,20231005123336,canon,6,13,1024,311,127,126,0.7042,0.7019,97,92,499.0,506.2,0.1792,0.1809
PHercParis4/segments/20231005123336/ink-detection/downsampled/PHercParis4-20231005123336-2.4um-0.22m-78keV-volume-20260411134726-20260417190342-new_canon_autoresearch_recipe-tile256-stride128-ds8.jpg,PHercParis4,20231005123336,canon,6,14,1024,311,127,126,0.9274,0.9297,74,72,595.0,632.8,0.1864,0.1837
PHercParis4/segments/20231005123336/ink-detection/downsampled/PHercParis4-20231005123336-2.4um-0.22m-78keV-volume-20260411134726-20260417190342-new_canon_autoresearch_recipe-tile256-stride128-ds8.jpg,PHercParis4,20231005123336,canon,6,15,1024,311,127,126,0.6971,0.6994,60,62,748.5,759.4,0.2124,0.2132
PHercParis4/segments/20231005123336/ink-detection/downsampled/PHercParis4-20231005123336-2.4um-0.22m-78keV-volume-20260411134726-20260417190342-new_canon_autoresearch_recipe-tile256-stride128-ds8.jpg,PHercParis4,20231005123336,canon,6,16,1024,311,127,126,0.5915,0.5681,75,70,748.5,727.7,0.2213,0.2223
PHercParis4/segments/20231005123336/ink-detection/downsampled/PHercParis4-20231005123336-2.4um-0.22m-78keV-volume-20260411134726-20260417190342-new_canon_autoresearch_recipe-tile256-stride128-ds8.jpg,PHercParis4,20231005123336,canon,6,17,1024,311,127,126,0.6778,0.6454,82,75,451.0,506.2,0.1364,0.1392
PHercParis4/segments/20231005123336/ink-detection/downsampled/PHercParis4-20231005123336-2.4um-0.22m-78keV-volume-20260411134726-20260417190342-new_canon_autoresearch_recipe-tile256-stride128-ds8.jpg,PHercParis4,20231005123336,canon,6,18,1024,311,127,126,0.6815,0.7106,80,74,470.2,506.2,0.0658,0.0684
PHercParis4/segments/20231005123336/ink-detection/downsampled/PHercParis4-20231005123336-2.4um-0.22m-78keV-volume-20260411134726-20260417190342-new_canon_autoresearch_recipe-tile256-stride128-ds8.jpg,PHercParis4,20231005123336,canon,6,19,1024,311,127,126,0.7541,0.7646,86,82,604.5,569.5,0.1021,0.0994
PHercParis4/segments/20231005123336/ink-detection/downsampled/PHercParis4-20231005123336-2.4um-0.22m-78keV-volume-20260411134726-20260417190342-new_canon_autoresearch_recipe-tile256-stride128-ds8.jpg,PHercParis4,20231005123336,canon,6,20,1024,311,127,126,0.8803,0.8877,71,68,671.7,696.1,0.1432,0.1438
PHercParis4/segments/20231005123336/ink-detection/downsampled/PHercParis4-20231005123336-2.4um-0.22m-78keV-volume-20260411134726-20260417190342-new_canon_autoresearch_recipe-tile256-stride128-ds8.jpg,PHercParis4,20231005123336,canon,6,21,1024,311,127,126,0.9201,0.9215,67,64,729.3,696.1,0.1552,0.1567
PHercParis4/segments/20231007101619/ink-detection/downsampled/PHercParis4-20231007101619-2.4um-0.22m-78keV-volume-20260411134726-20260417190342-new_canon_autoresearch_recipe-tile256-stride128-ds8.jpg,PHercParis4,20231007101619,canon,0,3,1024,311,124,124,0.734,0.734,68,64,479.8,474.6,0.1706,0.1701
PHercParis4/segments/20231007101619/ink-detection/downsampled/PHercParis4-20231007101619-2.4um-0.22m-78keV-volume-20260411134726-20260417190342-new_canon_autoresearch_recipe-tile256-stride128-ds8.jpg,PHercParis4,20231007101619,canon,0,4,1024,311,124,124,0.9117,0.9132,82,76,479.8,506.2,0.1709,0.1703
PHercParis4/segments/20231007101619/ink-detection/downsampled/PHercParis4-20231007101619-2.4um-0.22m-78keV-volume-20260411134726-20260417190342-new_canon_autoresearch_recipe-tile256-stride128-ds8.jpg,PHercParis4,20231007101619,canon,0,8,1024,311,124,124,0.7814,0.7827,82,75,422.2,443.0,0.0716,0.0717
PHercParis4/segments/20231007101619/ink-detection/downsampled/PHercParis4-20231007101619-2.4um-0.22m-78keV-volume-20260411134726-20260417190342-new_canon_autoresearch_recipe-tile256-stride128-ds8.jpg,PHercParis4,20231007101619,canon,0,9,1024,311,124,124,0.8219,0.8084,76,69,431.8,506.2,0.0802,0.0798
PHercParis4/segments/20231007101619/ink-detection/downsampled/PHercParis4-20231007101619-2.4um-0.22m-78keV-volume-20260411134726-20260417190342-new_canon_autoresearch_recipe-tile256-stride128-ds8.jpg,PHercParis4,20231007101619,canon,0,13,1024,311,124,124,0.813,0.7817,64,58,614.1,632.8,0.099,0.0988
PHercParis4/segments/20231007101619/ink-detection/downsampled/PHercParis4-20231007101619-2.4um-0.22m-78keV-volume-20260411134726-20260417190342-new_canon_autoresearch_recipe-tile256-stride128-ds8.jpg,PHercParis4,20231007101619,canon,0,14,1024,311,124,124,0.8009,0.78,79,76,479.8,506.2,0.0939,0.093
PHercParis4/segments/20231007101619/ink-detection/downsampled/PHercParis4-20231007101619-2.4um-0.22m-78keV-volume-20260411134726-20260417190342-new_canon_autoresearch_recipe-tile256-stride128-ds8.jpg,PHercParis4,20231007101619,canon,0,15,1024,311,124,124,0.7125,0.7051,74,69,479.8,506.2,0.066,0.067
PHercParis4/segments/20231007101619/ink-detection/downsampled/PHercParis4-20231007101619-2.4um-0.22m-78keV-volume-20260411134726-20260417190342-new_canon_autoresearch_recipe-tile256-stride128-ds8.jpg,PHercParis4,20231007101619,canon,0,18,1024,311,124,124,0.5253,0.4995,67,66,537.4,569.5,0.1057,0.1045
PHercParis4/segments/20231007101619/ink-detection/downsampled/PHercParis4-20231007101619-2.4um-0.22m-78keV-volume-20260411134726-20260417190342-new_canon_autoresearch_recipe-tile256-stride128-ds8.jpg,PHercParis4,20231007101619,canon,0,19,1024,311,124,124,0.8667,0.8435,63,61,614.1,632.8,0.0951,0.0965
PHercParis4/segments/20231007101619/ink-detection/downsampled/PHercParis4-20231007101619-2.4um-0.22m-78keV-volume-20260411134726-20260417190342-new_canon_autoresearch_recipe-tile256-stride128-ds8.jpg,PHercParis4,20231007101619,canon,0,20,1024,311,124,124,0.871,0.8397,67,62,460.6,506.2,0.0962,0.0981
PHercParis4/segments/20231007101619/ink-detection/downsampled/PHercParis4-20231007101619-2.4um-0.22m-78keV-volume-20260411134726-20260417190342-new_canon_autoresearch_recipe-tile256-stride128-ds8.jpg,PHercParis4,20231007101619,canon,0,22,1024,311,124,124,0.8708,0.8814,66,63,547.0,506.2,0.1211,0.1191
PHercParis4/segments/20231007101619/ink-detection/downsampled/PHercParis4-20231007101619-2.4um-0.22m-78keV-volume-20260411134726-20260417190342-new_canon_autoresearch_recipe-tile256-stride128-ds8.jpg,PHercParis4,20231007101619,canon,0,23,1024,311,124,124,0.7997,0.8109,80,75,537.4,506.2,0.1116,0.1154
PHercParis4/segments/20231007101619/ink-detection/downsampled/PHercParis4-20231007101619-2.4um-0.22m-78keV-volume-20260411134726-20260417190342-new_canon_autoresearch_recipe-tile256-stride128-ds8.jpg,PHercParis4,20231007101619,canon,0,24,1024,311,124,124,0.5607,0.5571,95,89,460.6,506.2,0.0641,0.0641
PHercParis4/segments/20231007101619/ink-detection/downsampled/PHercParis4-20231007101619-2.4um-0.22m-78keV-volume-20260411134726-20260417190342-new_canon_autoresearch_recipe-tile256-stride128-ds8.jpg,PHercParis4,20231007101619,canon,1,2,1024,311,124,124,0.7511,0.7564,60,56,623.7,632.8,0.1411,0.1411
PHercParis4/segments/20231007101619/ink-detection/downsampled/PHercParis4-20231007101619-2.4um-0.22m-78keV-volume-20260411134726-20260417190342-new_canon_autoresearch_recipe-tile256-stride128-ds8.jpg,PHercParis4,20231007101619,canon,1,3,1024,311,124,124,0.6557,0.6552,78,72,566.2,632.8,0.2159,0.2161
PHercParis4/segments/20231007101619/ink-detection/downsampled/PHercParis4-20231007101619-2.4um-0.22m-78keV-volume-20260411134726-20260417190342-new_canon_autoresearch_recipe-tile256-stride128-ds8.jpg,PHercParis4,20231007101619,canon,1,4,1024,311,124,124,0.7567,0.7488,85,79,595.0,632.8,0.226,0.2255
PHercParis4/segments/20231007101619/ink-detection/downsampled/PHercParis4-20231007101619-2.4um-0.22m-78keV-volume-20260411134726-20260417190342-new_canon_autoresearch_recipe-tile256-stride128-ds8.jpg,PHercParis4,20231007101619,canon,1,5,1024,311,124,124,0.5378,0.6927,72,68,633.3,632.8,0.2331,0.2329
PHercParis4/segments/20231007101619/ink-detection/downsampled/PHercParis4-20231007101619-2.4um-0.22m-78keV-volume-20260411134726-20260417190342-new_canon_autoresearch_recipe-tile256-stride128-ds8.jpg,PHercParis4,20231007101619,canon,1,6,1024,311,124,124,0.5989,0.6265,71,67,499.0,569.5,0.247,0.2471
PHercParis4/segments/20231007101619/ink-detection/downsampled/PHercParis4-20231007101619-2.4um-0.22m-78keV-volume-20260411134726-20260417190342-new_canon_autoresearch_recipe-tile256-stride128-ds8.jpg,PHercParis4,20231007101619,canon,1,7,1024,311,124,124,0.7328,0.7334,90,87,460.6,443.0,0.2243,0.2244
PHercParis4/segments/20231007101619/ink-detection/downsampled/PHercParis4-20231007101619-2.4um-0.22m-78keV-volume-20260411134726-20260417190342-new_canon_autoresearch_recipe-tile256-stride128-ds8.jpg,PHercParis4,20231007101619,canon,1,8,1024,311,124,124,0.8145,0.8164,111,103,422.2,443.0,0.1277,0.1287
PHercParis4/segments/20231007101619/ink-detection/downsampled/PHercParis4-20231007101619-2.4um-0.22m-78keV-volume-20260411134726-20260417190342-new_canon_autoresearch_recipe-tile256-stride128-ds8.jpg,PHercParis4,20231007101619,canon,1,9,1024,311,124,124,0.6537,0.8078,105,94,383.8,443.0,0.1143,0.1134
PHercParis4/segments/20231007101619/ink-detection/downsampled/PHercParis4-20231007101619-2.4um-0.22m-78keV-volume-20260411134726-20260417190342-new_canon_autoresearch_recipe-tile256-stride128-ds8.jpg,PHercParis4,20231007101619,canon,1,10,1024,311,124,124,0.7503,0.7427,90,87,499.0,569.5,0.1593,0.1587
PHercParis4/segments/20231007101619/ink-detection/downsampled/PHercParis4-20231007101619-2.4um-0.22m-78keV-volume-20260411134726-20260417190342-new_canon_autoresearch_recipe-tile256-stride128-ds8.jpg,PHercParis4,20231007101619,canon,1,11,1024,311,124,124,0.657,0.655,75,75,652.5,632.8,0.142,0.1421
PHercParis4/segments/20231007101619/ink-detection/downsampled/PHercParis4-20231007101619-2.4um-0.22m-78keV-volume-20260411134726-20260417190342-new_canon_autoresearch_recipe-tile256-stride128-ds8.jpg,PHercParis4,20231007101619,canon,1,12,1024,311,124,124,0.8554,0.8576,86,83,595.0,632.8,0.1456,0.1445
PHercParis4/segments/20231007101619/ink-detection/downsampled/PHercParis4-20231007101619-2.4um-0.22m-78keV-volume-20260411134726-20260417190342-new_canon_autoresearch_recipe-tile256-stride128-ds8.jpg,PHercParis4,20231007101619,canon,1,13,1024,311,124,124,0.8327,0.8337,102,93,547.0,632.8,0.1475,0.1469
PHercParis4/segments/20231007101619/ink-detection/downsampled/PHercParis4-20231007101619-2.4um-0.22m-78keV-volume-20260411134726-20260417190342-new_canon_autoresearch_recipe-tile256-stride128-ds8.jpg,PHercParis4,20231007101619,canon,1,14,1024,311,124,124,0.6674,0.6576,94,86,499.0,537.9,0.15,0.1516
PHercParis4/segments/20231007101619/ink-detection/downsampled/PHercParis4-20231007101619-2.4um-0.22m-78keV-volume-20260411134726-20260417190342-new_canon_autoresearch_recipe-tile256-stride128-ds8.jpg,PHercParis4,20231007101619,canon,1,15,1024,311,124,124,0.4294,0.4269,81,74,479.8,474.6,0.1383,0.1421
PHercParis4/segments/20231007101619/ink-detection/downsampled/PHercParis4-20231007101619-2.4um-0.22m-78keV-volume-20260411134726-20260417190342-new_canon_autoresearch_recipe-tile256-stride128-ds8.jpg,PHercParis4,20231007101619,canon,1,16,1024,311,124,124,0.8111,0.8079,54,54,479.8,443.0,0.0626,0.0649
PHercParis4/segments/20231007101619/ink-detection/downsampled/PHercParis4-20231007101619-2.4um-0.22m-78keV-volume-20260411134726-20260417190342-new_canon_autoresearch_recipe-tile256-stride128-ds8.jpg,PHercParis4,20231007101619,canon,1,17,1024,311,124,124,0.8637,0.8623,71,69,537.4,569.5,0.1233,0.1212
PHercParis4/segments/20231007101619/ink-detection/downsampled/PHercParis4-20231007101619-2.4um-0.22m-78keV-volume-20260411134726-20260417190342-new_canon_autoresearch_recipe-tile256-stride128-ds8.jpg,PHercParis4,20231007101619,canon,1,18,1024,311,124,124,0.7721,0.7582,87,81,595.0,632.8,0.2105,0.2067
PHercParis4/segments/20231007101619/ink-detection/downsampled/PHercParis4-20231007101619-2.4um-0.22m-78keV-volume-20260411134726-20260417190342-new_canon_autoresearch_recipe-tile256-stride128-ds8.jpg,PHercParis4,20231007101619,canon,1,19,1024,311,124,124,0.9291,0.911,73,70,595.0,632.8,0.1753,0.1752
PHercParis4/segments/20231007101619/ink-detection/downsampled/PHercParis4-20231007101619-2.4um-0.22m-78keV-volume-20260411134726-20260417190342-new_canon_autoresearch_recipe-tile256-stride128-ds8.jpg,PHercParis4,20231007101619,canon,1,20,1024,311,124,124,0.9066,0.8833,94,82,470.2,601.2,0.179,0.1804
PHercParis4/segments/20231007101619/ink-detection/downsampled/PHercParis4-20231007101619-2.4um-0.22m-78keV-volume-20260411134726-20260417190342-new_canon_autoresearch_recipe-tile256-stride128-ds8.jpg,PHercParis4,20231007101619,canon,1,21,1024,311,124,124,0.4583,0.4595,94,85,518.2,632.8,0.1999,0.2002
PHercParis4/segments/20231007101619/ink-detection/downsampled/PHercParis4-20231007101619-2.4um-0.22m-78keV-volume-20260411134726-20260417190342-new_canon_autoresearch_recipe-tile256-stride128-ds8.jpg,PHercParis4,20231007101619,canon,1,22,1024,311,124,124,0.4544,0.439,71,67,575.8,569.5,0.2179,0.2162
PHercParis4/segments/20231007101619/ink-detection/downsampled/PHercParis4-20231007101619-2.4um-0.22m-78keV-volume-20260411134726-20260417190342-new_canon_autoresearch_recipe-tile256-stride128-ds8.jpg,PHercParis4,20231007101619,canon,1,23,1024,311,124,124,0.6731,0.6841,84,80,518.2,506.2,0.1742,0.176
PHercParis4/segments/20231007101619/ink-detection/downsampled/PHercParis4-20231007101619-2.4um-0.22m-78keV-volume-20260411134726-20260417190342-new_canon_autoresearch_recipe-tile256-stride128-ds8.jpg,PHercParis4,20231007101619,canon,1,24,1024,311,124,124,0.6801,0.7065,113,103,422.2,443.0,0.091,0.092
PHercParis4/segments/20231007101619/ink-detection/downsampled/PHercParis4-20231007101619-2.4um-0.22m-78keV-volume-20260411134726-20260417190342-new_canon_autoresearch_recipe-tile256-stride128-ds8.jpg,PHercParis4,20231007101619,canon,2,2,1024,311,124,124,0.6227,0.6228,59,53,499.0,506.2,0.1481,0.1478
PHercParis4/segments/20231007101619/ink-detection/downsampled/PHercParis4-20231007101619-2.4um-0.22m-78keV-volume-20260411134726-20260417190342-new_canon_autoresearch_recipe-tile256-stride128-ds8.jpg,PHercParis4,20231007101619,canon,2,3,1024,311,124,124,0.8156,0.8155,72,65,508.6,569.5,0.1917,0.1912
PHercParis4/segments/20231007101619/ink-detection/downsampled/PHercParis4-20231007101619-2.4um-0.22m-78keV-volume-20260411134726-20260417190342-new_canon_autoresearch_recipe-tile256-stride128-ds8.jpg,PHercParis4,20231007101619,canon,2,4,1024,311,124,124,0.6759,0.6685,68,65,547.0,569.5,0.2305,0.2296
PHercParis4/segments/20231007101619/ink-detection/downsampled/PHercParis4-20231007101619-2.4um-0.22m-78keV-volume-20260411134726-20260417190342-new_canon_autoresearch_recipe-tile256-stride128-ds8.jpg,PHercParis4,20231007101619,canon,2,5,1024,311,124,124,0.3931,0.5415,62,58,460.6,506.2,0.2658,0.2656
PHercParis4/segments/20231007101619/ink-detection/downsampled/PHercParis4-20231007101619-2.4um-0.22m-78keV-volume-20260411134726-20260417190342-new_canon_autoresearch_recipe-tile256-stride128-ds8.jpg,PHercParis4,20231007101619,canon,2,6,1024,311,124,124,0.4351,0.4655,93,86,499.0,569.5,0.2702,0.269
PHercParis4/segments/20231007101619/ink-detection/downsampled/PHercParis4-20231007101619-2.4um-0.22m-78keV-volume-20260411134726-20260417190342-new_canon_autoresearch_recipe-tile256-stride128-ds8.jpg,PHercParis4,20231007101619,canon,2,7,1024,311,124,124,0.4767,0.475,103,96,556.6,569.5,0.2603,0.2597
PHercParis4/segments/20231007101619/ink-detection/downsampled/PHercParis4-20231007101619-2.4um-0.22m-78keV-volume-20260411134726-20260417190342-new_canon_autoresearch_recipe-tile256-stride128-ds8.jpg,PHercParis4,20231007101619,canon,2,8,1024,311,124,124,0.8285,0.8267,111,104,441.4,443.0,0.1489,0.1503
PHercParis4/segments/20231007101619/ink-detection/downsampled/PHercParis4-20231007101619-2.4um-0.22m-78keV-volume-20260411134726-20260417190342-new_canon_autoresearch_recipe-tile256-stride128-ds8.jpg,PHercParis4,20231007101619,canon,2,9,1024,311,124,124,0.5902,0.8198,117,106,403.0,443.0,0.1433,0.1415
PHercParis4/segments/20231007101619/ink-detection/downsampled/PHercParis4-20231007101619-2.4um-0.22m-78keV-volume-20260411134726-20260417190342-new_canon_autoresearch_recipe-tile256-stride128-ds8.jpg,PHercParis4,20231007101619,canon,2,10,1024,311,124,124,0.7594,0.7531,95,91,537.4,569.5,0.222,0.2213
PHercParis4/segments/20231007101619/ink-detection/downsampled/PHercParis4-20231007101619-2.4um-0.22m-78keV-volume-20260411134726-20260417190342-new_canon_autoresearch_recipe-tile256-stride128-ds8.jpg,PHercParis4,20231007101619,canon,2,11,1024,311,124,124,0.7596,0.7592,78,78,806.1,885.9,0.1884,0.1897
PHercParis4/segments/20231007101619/ink-detection/downsampled/PHercParis4-20231007101619-2.4um-0.22m-78keV-volume-20260411134726-20260417190342-new_canon_autoresearch_recipe-tile256-stride128-ds8.jpg,PHercParis4,20231007101619,canon,2,12,1024,311,124,124,0.9346,0.9282,75,71,690.9,759.4,0.1749,0.1724
PHercParis4/segments/20231007101619/ink-detection/downsampled/PHercParis4-20231007101619-2.4um-0.22m-78keV-volume-20260411134726-20260417190342-new_canon_autoresearch_recipe-tile256-stride128-ds8.jpg,PHercParis4,20231007101619,canon,2,13,1024,311,124,124,0.911,0.9064,88,81,489.4,569.5,0.1812,0.1807
PHercParis4/segments/20231007101619/ink-detection/downsampled/PHercParis4-20231007101619-2.4um-0.22m-78keV-volume-20260411134726-20260417190342-new_canon_autoresearch_recipe-tile256-stride128-ds8.jpg,PHercParis4,20231007101619,canon,2,14,1024,311,124,124,0.7267,0.7266,89,76,499.0,569.5,0.1842,0.1865
PHercParis4/segments/20231007101619/ink-detection/downsampled/PHercParis4-20231007101619-2.4um-0.22m-78keV-volume-20260411134726-20260417190342-new_canon_autoresearch_recipe-tile256-stride128-ds8.jpg,PHercParis4,20231007101619,canon,2,15,1024,311,124,124,0.3853,0.3869,70,63,460.6,506.2,0.1678,0.1707
PHercParis4/segments/20231007101619/ink-detection/downsampled/PHercParis4-20231007101619-2.4um-0.22m-78keV-volume-20260411134726-20260417190342-new_canon_autoresearch_recipe-tile256-stride128-ds8.jpg,PHercParis4,20231007101619,canon,2,16,1024,311,124,124,0.8734,0.8736,56,53,431.8,443.0,0.0796,0.0816
PHercParis4/segments/20231007101619/ink-detection/downsampled/PHercParis4-20231007101619-2.4um-0.22m-78keV-volume-20260411134726-20260417190342-new_canon_autoresearch_recipe-tile256-stride128-ds8.jpg,PHercParis4,20231007101619,canon,2,17,1024,311,124,124,0.9341,0.9326,60,57,479.8,443.0,0.1404,0.1357
PHercParis4/segments/20231007101619/ink-detection/downsampled/PHercParis4-20231007101619-2.4um-0.22m-78keV-volume-20260411134726-20260417190342-new_canon_autoresearch_recipe-tile256-stride128-ds8.jpg,PHercParis4,20231007101619,canon,2,18,1024,311,124,124,0.8186,0.8179,69,60,537.4,569.5,0.2157,0.2147
PHercParis4/segments/20231007101619/ink-detection/downsampled/PHercParis4-20231007101619-2.4um-0.22m-78keV-volume-20260411134726-20260417190342-new_canon_autoresearch_recipe-tile256-stride128-ds8.jpg,PHercParis4,20231007101619,canon,2,19,1024,311,124,124,0.9209,0.9281,74,69,556.6,569.5,0.1762,0.1792
PHercParis4/segments/20231007101619/ink-detection/downsampled/PHercParis4-20231007101619-2.4um-0.22m-78keV-volume-20260411134726-20260417190342-new_canon_autoresearch_recipe-tile256-stride128-ds8.jpg,PHercParis4,20231007101619,canon,2,20,1024,311,124,124,0.8763,0.8767,95,88,633.3,727.7,0.19,0.19
PHercParis4/segments/20231007101619/ink-detection/downsampled/PHercParis4-20231007101619-2.4um-0.22m-78keV-volume-20260411134726-20260417190342-new_canon_autoresearch_recipe-tile256-stride128-ds8.jpg,PHercParis4,20231007101619,canon,2,21,1024,311,124,124,0.5653,0.5746,92,84,758.1,791.0,0.1933,0.1944
PHercParis4/segments/20231007101619/ink-detection/downsampled/PHercParis4-20231007101619-2.4um-0.22m-78keV-volume-20260411134726-20260417190342-new_canon_autoresearch_recipe-tile256-stride128-ds8.jpg,PHercParis4,20231007101619,canon,2,22,1024,311,124,124,0.4232,0.4198,69,66,614.1,632.8,0.223,0.2244
PHercParis4/segments/20231007101619/ink-detection/downsampled/PHercParis4-20231007101619-2.4um-0.22m-78keV-volume-20260411134726-20260417190342-new_canon_autoresearch_recipe-tile256-stride128-ds8.jpg,PHercParis4,20231007101619,canon,2,23,1024,311,124,124,0.6832,0.6902,85,84,518.2,506.2,0.1708,0.1728
PHercParis4/segments/20231007101619/ink-detection/downsampled/PHercParis4-20231007101619-2.4um-0.22m-78keV-volume-20260411134726-20260417190342-new_canon_autoresearch_recipe-tile256-stride128-ds8.jpg,PHercParis4,20231007101619,canon,2,24,1024,311,124,124,0.642,0.6678,119,112,460.6,443.0,0.0841,0.085
PHercParis4/segments/20231007101619/ink-detection/downsampled/PHercParis4-20231007101619-2.4um-0.22m-78keV-volume-20260411134726-20260417190342-new_canon_autoresearch_recipe-tile256-stride128-ds8.jpg,PHercParis4,20231007101619,canon,3,2,1024,311,124,124,0.6893,0.6904,61,56,518.2,506.2,0.1746,0.1744
PHercParis4/segments/20231007101619/ink-detection/downsampled/PHercParis4-20231007101619-2.4um-0.22m-78keV-volume-20260411134726-20260417190342-new_canon_autoresearch_recipe-tile256-stride128-ds8.jpg,PHercParis4,20231007101619,canon,3,3,1024,311,124,124,0.9446,0.9455,90,86,556.6,569.5,0.1899,0.1892
PHercParis4/segments/20231007101619/ink-detection/downsampled/PHercParis4-20231007101619-2.4um-0.22m-78keV-volume-20260411134726-20260417190342-new_canon_autoresearch_recipe-tile256-stride128-ds8.jpg,PHercParis4,20231007101619,canon,3,4,1024,311,124,124,0.7432,0.7474,94,92,595.0,601.2,0.2033,0.2027
PHercParis4/segments/20231007101619/ink-detection/downsampled/PHercParis4-20231007101619-2.4um-0.22m-78keV-volume-20260411134726-20260417190342-new_canon_autoresearch_recipe-tile256-stride128-ds8.jpg,PHercParis4,20231007101619,canon,3,5,1024,311,124,124,0.8244,0.8274,89,85,556.6,569.5,0.2405,0.242
PHercParis4/segments/20231007101619/ink-detection/downsampled/PHercParis4-20231007101619-2.4um-0.22m-78keV-volume-20260411134726-20260417190342-new_canon_autoresearch_recipe-tile256-stride128-ds8.jpg,PHercParis4,20231007101619,canon,3,6,1024,311,124,124,0.6948,0.6963,98,89,537.4,569.5,0.2614,0.261
PHercParis4/segments/20231007101619/ink-detection/downsampled/PHercParis4-20231007101619-2.4um-0.22m-78keV-volume-20260411134726-20260417190342-new_canon_autoresearch_recipe-tile256-stride128-ds8.jpg,PHercParis4,20231007101619,canon,3,7,1024,311,124,124,0.4343,0.4356,106,96,537.4,601.2,0.2209,0.222
PHercParis4/segments/20231007101619/ink-detection/downsampled/PHercParis4-20231007101619-2.4um-0.22m-78keV-volume-20260411134726-20260417190342-new_canon_autoresearch_recipe-tile256-stride128-ds8.jpg,PHercParis4,20231007101619,canon,3,8,1024,311,124,124,0.7935,0.7869,124,117,451.0,506.2,0.1276,0.1287
PHercParis4/segments/20231007101619/ink-detection/downsampled/PHercParis4-20231007101619-2.4um-0.22m-78keV-volume-20260411134726-20260417190342-new_canon_autoresearch_recipe-tile256-stride128-ds8.jpg,PHercParis4,20231007101619,canon,3,9,1024,311,124,124,0.569,0.5563,133,127,537.4,569.5,0.2087,0.207
PHercParis4/segments/20231007101619/ink-detection/downsampled/PHercParis4-20231007101619-2.4um-0.22m-78keV-volume-20260411134726-20260417190342-new_canon_autoresearch_recipe-tile256-stride128-ds8.jpg,PHercParis4,20231007101619,canon,3,10,1024,311,124,124,0.5535,0.5513,105,103,575.8,632.8,0.296,0.2955
PHercParis4/segments/20231007101619/ink-detection/downsampled/PHercParis4-20231007101619-2.4um-0.22m-78keV-volume-20260411134726-20260417190342-new_canon_autoresearch_recipe-tile256-stride128-ds8.jpg,PHercParis4,20231007101619,canon,3,11,1024,311,124,124,0.6654,0.6652,82,82,595.0,601.2,0.2323,0.2343
PHercParis4/segments/20231007101619/ink-detection/downsampled/PHercParis4-20231007101619-2.4um-0.22m-78keV-volume-20260411134726-20260417190342-new_canon_autoresearch_recipe-tile256-stride128-ds8.jpg,PHercParis4,20231007101619,canon,3,12,1024,311,124,124,0.9505,0.94,76,68,604.5,791.0,0.2172,0.2169
PHercParis4/segments/20231007101619/ink-detection/downsampled/PHercParis4-20231007101619-2.4um-0.22m-78keV-volume-20260411134726-20260417190342-new_canon_autoresearch_recipe-tile256-stride128-ds8.jpg,PHercParis4,20231007101619,canon,3,13,1024,311,124,124,0.9422,0.9376,70,71,518.2,569.5,0.2251,0.2245
PHercParis4/segments/20231007101619/ink-detection/downsampled/PHercParis4-20231007101619-2.4um-0.22m-78keV-volume-20260411134726-20260417190342-new_canon_autoresearch_recipe-tile256-stride128-ds8.jpg,PHercParis4,20231007101619,canon,3,14,1024,311,124,124,0.9024,0.8959,89,80,575.8,696.1,0.2101,0.2112
PHercParis4/segments/20231007101619/ink-detection/downsampled/PHercParis4-20231007101619-2.4um-0.22m-78keV-volume-20260411134726-20260417190342-new_canon_autoresearch_recipe-tile256-stride128-ds8.jpg,PHercParis4,20231007101619,canon,3,15,1024,311,124,124,0.6925,0.6961,88,75,441.4,506.2,0.1344,0.1376
PHercParis4/segments/20231007101619/ink-detection/downsampled/PHercParis4-20231007101619-2.4um-0.22m-78keV-volume-20260411134726-20260417190342-new_canon_autoresearch_recipe-tile256-stride128-ds8.jpg,PHercParis4,20231007101619,canon,3,16,1024,311,124,124,0.7567,0.7507,76,62,374.2,411.3,0.0598,0.0587
PHercParis4/segments/20231007101619/ink-detection/downsampled/PHercParis4-20231007101619-2.4um-0.22m-78keV-volume-20260411134726-20260417190342-new_canon_autoresearch_recipe-tile256-stride128-ds8.jpg,PHercParis4,20231007101619,canon,3,17,1024,311,124,124,0.8917,0.878,75,68,518.2,569.5,0.1469,0.1404
PHercParis4/segments/20231007101619/ink-detection/downsampled/PHercParis4-20231007101619-2.4um-0.22m-78keV-volume-20260411134726-20260417190342-new_canon_autoresearch_recipe-tile256-stride128-ds8.jpg,PHercParis4,20231007101619,canon,3,18,1024,311,124,124,0.9215,0.9174,77,73,671.7,696.1,0.1951,0.1992
PHercParis4/segments/20231007101619/ink-detection/downsampled/PHercParis4-20231007101619-2.4um-0.22m-78keV-volume-20260411134726-20260417190342-new_canon_autoresearch_recipe-tile256-stride128-ds8.jpg,PHercParis4,20231007101619,canon,3,19,1024,311,124,124,0.8992,0.9147,76,71,595.0,759.4,0.1619,0.1656
PHercParis4/segments/20231007101619/ink-detection/downsampled/PHercParis4-20231007101619-2.4um-0.22m-78keV-volume-20260411134726-20260417190342-new_canon_autoresearch_recipe-tile256-stride128-ds8.jpg,PHercParis4,20231007101619,canon,3,20,1024,311,124,124,0.653,0.6623,89,82,595.0,601.2,0.1757,0.1724
PHercParis4/segments/20231007101619/ink-detection/downsampled/PHercParis4-20231007101619-2.4um-0.22m-78keV-volume-20260411134726-20260417190342-new_canon_autoresearch_recipe-tile256-stride128-ds8.jpg,PHercParis4,20231007101619,canon,3,21,1024,311,124,124,0.8771,0.8663,78,72,556.6,601.2,0.1731,0.1739
PHercParis4/segments/20231007101619/ink-detection/downsampled/PHercParis4-20231007101619-2.4um-0.22m-78keV-volume-20260411134726-20260417190342-new_canon_autoresearch_recipe-tile256-stride128-ds8.jpg,PHercParis4,20231007101619,canon,3,22,1024,311,124,124,0.4207,0.4166,78,74,489.4,506.2,0.2074,0.2078
PHercParis4/segments/20231007101619/ink-detection/downsampled/PHercParis4-20231007101619-2.4um-0.22m-78keV-volume-20260411134726-20260417190342-new_canon_autoresearch_recipe-tile256-stride128-ds8.jpg,PHercParis4,20231007101619,canon,3,23,1024,311,124,124,0.4667,0.4506,97,94,499.0,506.2,0.1665,0.1673
PHercParis4/segments/20231007101619/ink-detection/downsampled/PHercParis4-20231007101619-2.4um-0.22m-78keV-volume-20260411134726-20260417190342-new_canon_autoresearch_recipe-tile256-stride128-ds8.jpg,PHercParis4,20231007101619,canon,3,24,1024,311,124,124,0.6003,0.6075,138,125,479.8,506.2,0.0972,0.1007
PHercParis4/segments/20231007101619/ink-detection/downsampled/PHercParis4-20231007101619-2.4um-0.22m-78keV-volume-20260411134726-20260417190342-new_canon_autoresearch_recipe-tile256-stride128-ds8.jpg,PHercParis4,20231007101619,canon,4,2,1024,311,124,124,0.8402,0.8407,50,50,825.3,791.0,0.1976,0.1973
PHercParis4/segments/20231007101619/ink-detection/downsampled/PHercParis4-20231007101619-2.4um-0.22m-78keV-volume-20260411134726-20260417190342-new_canon_autoresearch_recipe-tile256-stride128-ds8.jpg,PHercParis4,20231007101619,canon,4,3,1024,311,124,124,0.9508,0.9504,73,74,614.1,632.8,0.2065,0.2057
PHercParis4/segments/20231007101619/ink-detection/downsampled/PHercParis4-20231007101619-2.4um-0.22m-78keV-volume-20260411134726-20260417190342-new_canon_autoresearch_recipe-tile256-stride128-ds8.jpg,PHercParis4,20231007101619,canon,4,4,1024,311,124,124,0.7395,0.7399,82,80,595.0,601.2,0.1976,0.1969
PHercParis4/segments/20231007101619/ink-detection/downsampled/PHercParis4-20231007101619-2.4um-0.22m-78keV-volume-20260411134726-20260417190342-new_canon_autoresearch_recipe-tile256-stride128-ds8.jpg,PHercParis4,20231007101619,canon,4,5,1024,311,124,124,0.9036,0.9061,96,93,595.0,569.5,0.2105,0.2106
PHercParis4/segments/20231007101619/ink-detection/downsampled/PHercParis4-20231007101619-2.4um-0.22m-78keV-volume-20260411134726-20260417190342-new_canon_autoresearch_recipe-tile256-stride128-ds8.jpg,PHercParis4,20231007101619,canon,4,6,1024,311,124,124,0.6667,0.6696,86,81,566.2,569.5,0.2328,0.2328
PHercParis4/segments/20231007101619/ink-detection/downsampled/PHercParis4-20231007101619-2.4um-0.22m-78keV-volume-20260411134726-20260417190342-new_canon_autoresearch_recipe-tile256-stride128-ds8.jpg,PHercParis4,20231007101619,canon,4,7,1024,311,124,124,0.6305,0.6358,85,78,403.0,379.7,0.1586,0.1608
PHercParis4/segments/20231007101619/ink-detection/downsampled/PHercParis4-20231007101619-2.4um-0.22m-78keV-volume-20260411134726-20260417190342-new_canon_autoresearch_recipe-tile256-stride128-ds8.jpg,PHercParis4,20231007101619,canon,4,8,1024,311,124,124,0.7015,0.6847,138,129,403.0,379.7,0.1017,0.1017
PHercParis4/segments/20231007101619/ink-detection/downsampled/PHercParis4-20231007101619-2.4um-0.22m-78keV-volume-20260411134726-20260417190342-new_canon_autoresearch_recipe-tile256-stride128-ds8.jpg,PHercParis4,20231007101619,canon,4,9,1024,311,124,124,0.366,0.3444,152,145,499.0,506.2,0.2265,0.2249
PHercParis4/segments/20231007101619/ink-detection/downsampled/PHercParis4-20231007101619-2.4um-0.22m-78keV-volume-20260411134726-20260417190342-new_canon_autoresearch_recipe-tile256-stride128-ds8.jpg,PHercParis4,20231007101619,canon,4,10,1024,311,124,124,0.2798,0.273,103,100,537.4,569.5,0.2882,0.2863
PHercParis4/segments/20231007101619/ink-detection/downsampled/PHercParis4-20231007101619-2.4um-0.22m-78keV-volume-20260411134726-20260417190342-new_canon_autoresearch_recipe-tile256-stride128-ds8.jpg,PHercParis4,20231007101619,canon,4,11,1024,311,124,124,0.5176,0.5171,82,79,518.2,569.5,0.222,0.2219
PHercParis4/segments/20231007101619/ink-detection/downsampled/PHercParis4-20231007101619-2.4um-0.22m-78keV-volume-20260411134726-20260417190342-new_canon_autoresearch_recipe-tile256-stride128-ds8.jpg,PHercParis4,20231007101619,canon,4,12,1024,311,124,124,0.9374,0.9434,77,70,556.6,601.2,0.2139,0.2139
PHercParis4/segments/20231007101619/ink-detection/downsampled/PHercParis4-20231007101619-2.4um-0.22m-78keV-volume-20260411134726-20260417190342-new_canon_autoresearch_recipe-tile256-stride128-ds8.jpg,PHercParis4,20231007101619,canon,4,13,1024,311,124,124,0.8451,0.8484,69,71,479.8,506.2,0.2339,0.2328
PHercParis4/segments/20231007101619/ink-detection/downsampled/PHercParis4-20231007101619-2.4um-0.22m-78keV-volume-20260411134726-20260417190342-new_canon_autoresearch_recipe-tile256-stride128-ds8.jpg,PHercParis4,20231007101619,canon,4,14,1024,311,124,124,0.9267,0.9242,85,82,556.6,569.5,0.2362,0.2354
PHercParis4/segments/20231007101619/ink-detection/downsampled/PHercParis4-20231007101619-2.4um-0.22m-78keV-volume-20260411134726-20260417190342-new_canon_autoresearch_recipe-tile256-stride128-ds8.jpg,PHercParis4,20231007101619,canon,4,15,1024,311,124,124,0.8723,0.8745,97,88,422.2,506.2,0.1507,0.1531
PHercParis4/segments/20231007101619/ink-detection/downsampled/PHercParis4-20231007101619-2.4um-0.22m-78keV-volume-20260411134726-20260417190342-new_canon_autoresearch_recipe-tile256-stride128-ds8.jpg,PHercParis4,20231007101619,canon,4,16,1024,311,124,124,0.7024,0.7172,84,73,383.8,506.2,0.0615,0.061
PHercParis4/segments/20231007101619/ink-detection/downsampled/PHercParis4-20231007101619-2.4um-0.22m-78keV-volume-20260411134726-20260417190342-new_canon_autoresearch_recipe-tile256-stride128-ds8.jpg,PHercParis4,20231007101619,canon,4,17,1024,311,124,124,0.6782,0.6502,71,65,518.2,569.5,0.1556,0.1512
PHercParis4/segments/20231007101619/ink-detection/downsampled/PHercParis4-20231007101619-2.4um-0.22m-78keV-volume-20260411134726-20260417190342-new_canon_autoresearch_recipe-tile256-stride128-ds8.jpg,PHercParis4,20231007101619,canon,4,18,1024,311,124,124,0.7886,0.7775,73,71,614.1,569.5,0.2254,0.2269
PHercParis4/segments/20231007101619/ink-detection/downsampled/PHercParis4-20231007101619-2.4um-0.22m-78keV-volume-20260411134726-20260417190342-new_canon_autoresearch_recipe-tile256-stride128-ds8.jpg,PHercParis4,20231007101619,canon,4,19,1024,311,124,124,0.9176,0.9211,88,77,547.0,759.4,0.1785,0.1811
PHercParis4/segments/20231007101619/ink-detection/downsampled/PHercParis4-20231007101619-2.4um-0.22m-78keV-volume-20260411134726-20260417190342-new_canon_autoresearch_recipe-tile256-stride128-ds8.jpg,PHercParis4,20231007101619,canon,4,20,1024,311,124,124,0.6635,0.671,107,95,614.1,759.4,0.1737,0.1718
PHercParis4/segments/20231007101619/ink-detection/downsampled/PHercParis4-20231007101619-2.4um-0.22m-78keV-volume-20260411134726-20260417190342-new_canon_autoresearch_recipe-tile256-stride128-ds8.jpg,PHercParis4,20231007101619,canon,4,21,1024,311,124,124,0.8438,0.8461,99,88,633.3,696.1,0.2026,0.2023
PHercParis4/segments/20231007101619/ink-detection/downsampled/PHercParis4-20231007101619-2.4um-0.22m-78keV-volume-20260411134726-20260417190342-new_canon_autoresearch_recipe-tile256-stride128-ds8.jpg,PHercParis4,20231007101619,canon,4,22,1024,311,124,124,0.6979,0.6731,104,90,556.6,601.2,0.2331,0.2333
PHercParis4/segments/20231007101619/ink-detection/downsampled/PHercParis4-20231007101619-2.4um-0.22m-78keV-volume-20260411134726-20260417190342-new_canon_autoresearch_recipe-tile256-stride128-ds8.jpg,PHercParis4,20231007101619,canon,4,23,1024,311,124,124,0.4377,0.4231,127,118,499.0,537.9,0.1801,0.1813
PHercParis4/segments/20231007101619/ink-detection/downsampled/PHercParis4-20231007101619-2.4um-0.22m-78keV-volume-20260411134726-20260417190342-new_canon_autoresearch_recipe-tile256-stride128-ds8.jpg,PHercParis4,20231007101619,canon,4,24,1024,311,124,124,0.564,0.5659,163,149,441.4,443.0,0.0983,0.1045
PHercParis4/segments/20231007101619/ink-detection/downsampled/PHercParis4-20231007101619-2.4um-0.22m-78keV-volume-20260411134726-20260417190342-new_canon_autoresearch_recipe-tile256-stride128-ds8.jpg,PHercParis4,20231007101619,canon,5,2,1024,311,124,124,0.9333,0.933,73,70,710.1,696.1,0.1867,0.1877
PHercParis4/segments/20231007101619/ink-detection/downsampled/PHercParis4-20231007101619-2.4um-0.22m-78keV-volume-20260411134726-20260417190342-new_canon_autoresearch_recipe-tile256-stride128-ds8.jpg,PHercParis4,20231007101619,canon,5,3,1024,311,124,124,0.9478,0.946,77,76,614.1,664.4,0.2142,0.2148
PHercParis4/segments/20231007101619/ink-detection/downsampled/PHercParis4-20231007101619-2.4um-0.22m-78keV-volume-20260411134726-20260417190342-new_canon_autoresearch_recipe-tile256-stride128-ds8.jpg,PHercParis4,20231007101619,canon,5,4,1024,311,124,124,0.9254,0.9156,78,77,844.4,885.9,0.2227,0.2232
PHercParis4/segments/20231007101619/ink-detection/downsampled/PHercParis4-20231007101619-2.4um-0.22m-78keV-volume-20260411134726-20260417190342-new_canon_autoresearch_recipe-tile256-stride128-ds8.jpg,PHercParis4,20231007101619,canon,5,5,1024,311,124,124,0.9205,0.9204,87,82,825.3,917.6,0.1976,0.1974
PHercParis4/segments/20231007101619/ink-detection/downsampled/PHercParis4-20231007101619-2.4um-0.22m-78keV-volume-20260411134726-20260417190342-new_canon_autoresearch_recipe-tile256-stride128-ds8.jpg,PHercParis4,20231007101619,canon,5,6,1024,311,124,124,0.9159,0.9158,93,89,614.1,632.8,0.1704,0.1702
PHercParis4/segments/20231007101619/ink-detection/downsampled/PHercParis4-20231007101619-2.4um-0.22m-78keV-volume-20260411134726-20260417190342-new_canon_autoresearch_recipe-tile256-stride128-ds8.jpg,PHercParis4,20231007101619,canon,5,7,1024,311,124,124,0.8439,0.8386,97,88,441.4,443.0,0.1093,0.1105
PHercParis4/segments/20231007101619/ink-detection/downsampled/PHercParis4-20231007101619-2.4um-0.22m-78keV-volume-20260411134726-20260417190342-new_canon_autoresearch_recipe-tile256-stride128-ds8.jpg,PHercParis4,20231007101619,canon,5,8,1024,311,124,124,0.5932,0.5749,141,133,422.2,443.0,0.0821,0.0825
PHercParis4/segments/20231007101619/ink-detection/downsampled/PHercParis4-20231007101619-2.4um-0.22m-78keV-volume-20260411134726-20260417190342-new_canon_autoresearch_recipe-tile256-stride128-ds8.jpg,PHercParis4,20231007101619,canon,5,9,1024,311,124,124,0.4352,0.4169,139,134,479.8,506.2,0.1843,0.1819
PHercParis4/segments/20231007101619/ink-detection/downsampled/PHercParis4-20231007101619-2.4um-0.22m-78keV-volume-20260411134726-20260417190342-new_canon_autoresearch_recipe-tile256-stride128-ds8.jpg,PHercParis4,20231007101619,canon,5,10,1024,311,124,124,0.4832,0.4781,91,84,556.6,601.2,0.225,0.2235
PHercParis4/segments/20231007101619/ink-detection/downsampled/PHercParis4-20231007101619-2.4um-0.22m-78keV-volume-20260411134726-20260417190342-new_canon_autoresearch_recipe-tile256-stride128-ds8.jpg,PHercParis4,20231007101619,canon,5,11,1024,311,124,124,0.7009,0.706,91,81,652.5,696.1,0.1616,0.1628
PHercParis4/segments/20231007101619/ink-detection/downsampled/PHercParis4-20231007101619-2.4um-0.22m-78keV-volume-20260411134726-20260417190342-new_canon_autoresearch_recipe-tile256-stride128-ds8.jpg,PHercParis4,20231007101619,canon,5,12,1024,311,124,124,0.8878,0.8783,91,86,633.3,696.1,0.1681,0.1679
PHercParis4/segments/20231007101619/ink-detection/downsampled/PHercParis4-20231007101619-2.4um-0.22m-78keV-volume-20260411134726-20260417190342-new_canon_autoresearch_recipe-tile256-stride128-ds8.jpg,PHercParis4,20231007101619,canon,5,13,1024,311,124,124,0.7927,0.7937,86,82,604.5,696.1,0.1909,0.1909
PHercParis4/segments/20231007101619/ink-detection/downsampled/PHercParis4-20231007101619-2.4um-0.22m-78keV-volume-20260411134726-20260417190342-new_canon_autoresearch_recipe-tile256-stride128-ds8.jpg,PHercParis4,20231007101619,canon,5,14,1024,311,124,124,0.9133,0.9111,92,87,575.8,569.5,0.1785,0.1801
PHercParis4/segments/20231007101619/ink-detection/downsampled/PHercParis4-20231007101619-2.4um-0.22m-78keV-volume-20260411134726-20260417190342-new_canon_autoresearch_recipe-tile256-stride128-ds8.jpg,PHercParis4,20231007101619,canon,5,15,1024,311,124,124,0.8008,0.8025,98,93,499.0,506.2,0.1224,0.124
PHercParis4/segments/20231007101619/ink-detection/downsampled/PHercParis4-20231007101619-2.4um-0.22m-78keV-volume-20260411134726-20260417190342-new_canon_autoresearch_recipe-tile256-stride128-ds8.jpg,PHercParis4,20231007101619,canon,5,16,1024,311,124,124,0.5938,0.6144,79,75,460.6,443.0,0.0511,0.0523
PHercParis4/segments/20231007101619/ink-detection/downsampled/PHercParis4-20231007101619-2.4um-0.22m-78keV-volume-20260411134726-20260417190342-new_canon_autoresearch_recipe-tile256-stride128-ds8.jpg,PHercParis4,20231007101619,canon,5,17,1024,311,124,124,0.8716,0.8452,76,74,518.2,569.5,0.1182,0.1173
PHercParis4/segments/20231007101619/ink-detection/downsampled/PHercParis4-20231007101619-2.4um-0.22m-78keV-volume-20260411134726-20260417190342-new_canon_autoresearch_recipe-tile256-stride128-ds8.jpg,PHercParis4,20231007101619,canon,5,18,1024,311,124,124,0.9343,0.9315,80,79,623.7,632.8,0.2062,0.2054
PHercParis4/segments/20231007101619/ink-detection/downsampled/PHercParis4-20231007101619-2.4um-0.22m-78keV-volume-20260411134726-20260417190342-new_canon_autoresearch_recipe-tile256-stride128-ds8.jpg,PHercParis4,20231007101619,canon,5,19,1024,311,124,124,0.9148,0.9224,84,77,652.5,696.1,0.1785,0.1811
PHercParis4/segments/20231007101619/ink-detection/downsampled/PHercParis4-20231007101619-2.4um-0.22m-78keV-volume-20260411134726-20260417190342-new_canon_autoresearch_recipe-tile256-stride128-ds8.jpg,PHercParis4,20231007101619,canon,5,20,1024,311,124,124,0.8638,0.8685,95,91,767.7,822.6,0.1726,0.1729
PHercParis4/segments/20231007101619/ink-detection/downsampled/PHercParis4-20231007101619-2.4um-0.22m-78keV-volume-20260411134726-20260417190342-new_canon_autoresearch_recipe-tile256-stride128-ds8.jpg,PHercParis4,20231007101619,canon,5,21,1024,311,124,124,0.749,0.76,119,109,556.6,696.1,0.1855,0.1843
PHercParis4/segments/20231007101619/ink-detection/downsampled/PHercParis4-20231007101619-2.4um-0.22m-78keV-volume-20260411134726-20260417190342-new_canon_autoresearch_recipe-tile256-stride128-ds8.jpg,PHercParis4,20231007101619,canon,5,22,1024,311,124,124,0.8474,0.854,122,113,537.4,569.5,0.1974,0.1981
PHercParis4/segments/20231007101619/ink-detection/downsampled/PHercParis4-20231007101619-2.4um-0.22m-78keV-volume-20260411134726-20260417190342-new_canon_autoresearch_recipe-tile256-stride128-ds8.jpg,PHercParis4,20231007101619,canon,5,23,1024,311,124,124,0.5075,0.5006,103,100,499.0,506.2,0.1377,0.1388
PHercParis4/segments/20231007101619/ink-detection/downsampled/PHercParis4-20231007101619-2.4um-0.22m-78keV-volume-20260411134726-20260417190342-new_canon_autoresearch_recipe-tile256-stride128-ds8.jpg,PHercParis4,20231007101619,canon,5,24,1024,311,124,124,0.4757,0.4844,98,94,364.6,379.7,0.0447,0.0477
PHercParis4/segments/20231007101619/ink-detection/downsampled/PHercParis4-20231007101619-2.4um-0.22m-78keV-volume-20260411134726-20260417190342-new_canon_autoresearch_recipe-tile256-stride128-ds8.jpg,PHercParis4,20231007101619,canon,6,1,1024,311,124,124,0.8017,0.8059,70,68,585.4,569.5,0.0972,0.0966
PHercParis4/segments/20231007101619/ink-detection/downsampled/PHercParis4-20231007101619-2.4um-0.22m-78keV-volume-20260411134726-20260417190342-new_canon_autoresearch_recipe-tile256-stride128-ds8.jpg,PHercParis4,20231007101619,canon,6,2,1024,311,124,124,0.8906,0.8994,65,65,595.0,632.8,0.158,0.1579
PHercParis4/segments/20231007101619/ink-detection/downsampled/PHercParis4-20231007101619-2.4um-0.22m-78keV-volume-20260411134726-20260417190342-new_canon_autoresearch_recipe-tile256-stride128-ds8.jpg,PHercParis4,20231007101619,canon,6,3,1024,311,124,124,0.9327,0.9376,57,58,595.0,569.5,0.1917,0.1916
PHercParis4/segments/20231007101619/ink-detection/downsampled/PHercParis4-20231007101619-2.4um-0.22m-78keV-volume-20260411134726-20260417190342-new_canon_autoresearch_recipe-tile256-stride128-ds8.jpg,PHercParis4,20231007101619,canon,6,4,1024,311,124,124,0.9287,0.9165,66,65,777.3,822.6,0.2,0.1997
PHercParis4/segments/20231007101619/ink-detection/downsampled/PHercParis4-20231007101619-2.4um-0.22m-78keV-volume-20260411134726-20260417190342-new_canon_autoresearch_recipe-tile256-stride128-ds8.jpg,PHercParis4,20231007101619,canon,6,5,1024,311,124,124,0.9276,0.9154,68,65,815.7,885.9,0.181,0.1806
PHercParis4/segments/20231007101619/ink-detection/downsampled/PHercParis4-20231007101619-2.4um-0.22m-78keV-volume-20260411134726-20260417190342-new_canon_autoresearch_recipe-tile256-stride128-ds8.jpg,PHercParis4,20231007101619,canon,6,6,1024,311,124,124,0.9372,0.9337,67,65,595.0,632.8,0.1517,0.1512
PHercParis4/segments/20231007101619/ink-detection/downsampled/PHercParis4-20231007101619-2.4um-0.22m-78keV-volume-20260411134726-20260417190342-new_canon_autoresearch_recipe-tile256-stride128-ds8.jpg,PHercParis4,20231007101619,canon,6,7,1024,311,124,124,0.9086,0.8971,69,62,479.8,506.2,0.1021,0.1022
PHercParis4/segments/20231007101619/ink-detection/downsampled/PHercParis4-20231007101619-2.4um-0.22m-78keV-volume-20260411134726-20260417190342-new_canon_autoresearch_recipe-tile256-stride128-ds8.jpg,PHercParis4,20231007101619,canon,6,8,1024,311,124,124,0.6806,0.6592,97,88,422.2,443.0,0.0659,0.0656
PHercParis4/segments/20231007101619/ink-detection/downsampled/PHercParis4-20231007101619-2.4um-0.22m-78keV-volume-20260411134726-20260417190342-new_canon_autoresearch_recipe-tile256-stride128-ds8.jpg,PHercParis4,20231007101619,canon,6,9,1024,311,124,124,0.5538,0.5454,95,89,460.6,506.2,0.1476,0.1451
PHercParis4/segments/20231007101619/ink-detection/downsampled/PHercParis4-20231007101619-2.4um-0.22m-78keV-volume-20260411134726-20260417190342-new_canon_autoresearch_recipe-tile256-stride128-ds8.jpg,PHercParis4,20231007101619,canon,6,10,1024,311,124,124,0.6538,0.6542,71,65,556.6,569.5,0.1864,0.1858
PHercParis4/segments/20231007101619/ink-detection/downsampled/PHercParis4-20231007101619-2.4um-0.22m-78keV-volume-20260411134726-20260417190342-new_canon_autoresearch_recipe-tile256-stride128-ds8.jpg,PHercParis4,20231007101619,canon,6,11,1024,311,124,124,0.8605,0.8634,74,67,633.3,696.1,0.1264,0.1281
PHercParis4/segments/20231007101619/ink-detection/downsampled/PHercParis4-20231007101619-2.4um-0.22m-78keV-volume-20260411134726-20260417190342-new_canon_autoresearch_recipe-tile256-stride128-ds8.jpg,PHercParis4,20231007101619,canon,6,12,1024,311,124,124,0.9126,0.9046,77,72,575.8,632.8,0.1563,0.1566
PHercParis4/segments/20231007101619/ink-detection/downsampled/PHercParis4-20231007101619-2.4um-0.22m-78keV-volume-20260411134726-20260417190342-new_canon_autoresearch_recipe-tile256-stride128-ds8.jpg,PHercParis4,20231007101619,canon,6,13,1024,311,124,124,0.926,0.9232,77,73,556.6,569.5,0.1836,0.1823
PHercParis4/segments/20231007101619/ink-detection/downsampled/PHercParis4-20231007101619-2.4um-0.22m-78keV-volume-20260411134726-20260417190342-new_canon_autoresearch_recipe-tile256-stride128-ds8.jpg,PHercParis4,20231007101619,canon,6,14,1024,311,124,124,0.8986,0.9049,85,78,518.2,569.5,0.1564,0.1585
PHercParis4/segments/20231007101619/ink-detection/downsampled/PHercParis4-20231007101619-2.4um-0.22m-78keV-volume-20260411134726-20260417190342-new_canon_autoresearch_recipe-tile256-stride128-ds8.jpg,PHercParis4,20231007101619,canon,6,15,1024,311,124,124,0.7814,0.7859,86,78,489.4,506.2,0.0936,0.0964
PHercParis4/segments/20231007101619/ink-detection/downsampled/PHercParis4-20231007101619-2.4um-0.22m-78keV-volume-20260411134726-20260417190342-new_canon_autoresearch_recipe-tile256-stride128-ds8.jpg,PHercParis4,20231007101619,canon,6,16,1024,311,124,124,0.5641,0.5573,75,68,403.0,443.0,0.0432,0.0431
PHercParis4/segments/20231007101619/ink-detection/downsampled/PHercParis4-20231007101619-2.4um-0.22m-78keV-volume-20260411134726-20260417190342-new_canon_autoresearch_recipe-tile256-stride128-ds8.jpg,PHercParis4,20231007101619,canon,6,17,1024,311,124,124,0.5985,0.5932,70,67,499.0,506.2,0.0998,0.097
PHercParis4/segments/20231007101619/ink-detection/downsampled/PHercParis4-20231007101619-2.4um-0.22m-78keV-volume-20260411134726-20260417190342-new_canon_autoresearch_recipe-tile256-stride128-ds8.jpg,PHercParis4,20231007101619,canon,6,18,1024,311,124,124,0.7802,0.7706,71,69,652.5,632.8,0.1667,0.1655
PHercParis4/segments/20231007101619/ink-detection/downsampled/PHercParis4-20231007101619-2.4um-0.22m-78keV-volume-20260411134726-20260417190342-new_canon_autoresearch_recipe-tile256-stride128-ds8.jpg,PHercParis4,20231007101619,canon,6,19,1024,311,124,124,0.9064,0.9166,72,66,767.7,727.7,0.1502,0.1536
PHercParis4/segments/20231007101619/ink-detection/downsampled/PHercParis4-20231007101619-2.4um-0.22m-78keV-volume-20260411134726-20260417190342-new_canon_autoresearch_recipe-tile256-stride128-ds8.jpg,PHercParis4,20231007101619,canon,6,20,1024,311,124,124,0.8527,0.8565,90,87,738.9,696.1,0.1649,0.1666
PHercParis4/segments/20231007101619/ink-detection/downsampled/PHercParis4-20231007101619-2.4um-0.22m-78keV-volume-20260411134726-20260417190342-new_canon_autoresearch_recipe-tile256-stride128-ds8.jpg,PHercParis4,20231007101619,canon,6,21,1024,311,124,124,0.7784,0.7898,124,117,681.3,632.8,0.1689,0.1696
PHercParis4/segments/20231007101619/ink-detection/downsampled/PHercParis4-20231007101619-2.4um-0.22m-78keV-volume-20260411134726-20260417190342-new_canon_autoresearch_recipe-tile256-stride128-ds8.jpg,PHercParis4,20231007101619,canon,6,22,1024,311,124,124,0.7997,0.8004,118,111,575.8,632.8,0.1641,0.1659
PHercParis4/segments/20231007101619/ink-detection/downsampled/PHercParis4-20231007101619-2.4um-0.22m-78keV-volume-20260411134726-20260417190342-new_canon_autoresearch_recipe-tile256-stride128-ds8.jpg,PHercParis4,20231007101619,canon,6,23,1024,311,124,124,0.806,0.8011,81,78,499.0,506.2,0.1126,0.1161
PHercParis4/segments/20231007101619/ink-detection/downsampled/PHercParis4-20231007101619-2.4um-0.22m-78keV-volume-20260411134726-20260417190342-new_canon_autoresearch_recipe-tile256-stride128-ds8.jpg,PHercParis4,20231007101619,canon,6,24,1024,311,124,124,0.2211,0.3353,60,54,345.5,348.0,0.0178,0.0205
PHercParis4/segments/20231007101619/ink-detection/downsampled/PHercParis4-20231007101619-2.4um-0.22m-78keV-volume-20260411134726-20260417190342-new_canon_autoresearch_recipe-tile256-stride128-ds8.jpg,PHercParis4,20231007101619,canon,7,0,1024,311,124,124,0.7346,0.7297,74,72,431.8,443.0,0.0671,0.0666
PHercParis4/segments/20231007101619/ink-detection/downsampled/PHercParis4-20231007101619-2.4um-0.22m-78keV-volume-20260411134726-20260417190342-new_canon_autoresearch_recipe-tile256-stride128-ds8.jpg,PHercParis4,20231007101619,canon,7,1,1024,311,124,124,0.796,0.7741,86,88,614.1,569.5,0.1198,0.1199
PHercParis4/segments/20231007101619/ink-detection/downsampled/PHercParis4-20231007101619-2.4um-0.22m-78keV-volume-20260411134726-20260417190342-new_canon_autoresearch_recipe-tile256-stride128-ds8.jpg,PHercParis4,20231007101619,canon,7,2,1024,311,124,124,0.8521,0.8292,70,70,806.1,791.0,0.1349,0.1357
PHercParis4/segments/20231007101619/ink-detection/downsampled/PHercParis4-20231007101619-2.4um-0.22m-78keV-volume-20260411134726-20260417190342-new_canon_autoresearch_recipe-tile256-stride128-ds8.jpg,PHercParis4,20231007101619,canon,7,3,1024,311,124,124,0.9246,0.9197,68,65,863.6,949.2,0.156,0.1555
PHercParis4/segments/20231007101619/ink-detection/downsampled/PHercParis4-20231007101619-2.4um-0.22m-78keV-volume-20260411134726-20260417190342-new_canon_autoresearch_recipe-tile256-stride128-ds8.jpg,PHercParis4,20231007101619,canon,7,4,1024,311,124,124,0.8233,0.8283,86,78,690.9,759.4,0.166,0.1643
PHercParis4/segments/20231007101619/ink-detection/downsampled/PHercParis4-20231007101619-2.4um-0.22m-78keV-volume-20260411134726-20260417190342-new_canon_autoresearch_recipe-tile256-stride128-ds8.jpg,PHercParis4,20231007101619,canon,7,5,1024,311,124,124,0.8779,0.8812,88,81,690.9,759.4,0.1819,0.1807
PHercParis4/segments/20231007101619/ink-detection/downsampled/PHercParis4-20231007101619-2.4um-0.22m-78keV-volume-20260411134726-20260417190342-new_canon_autoresearch_recipe-tile256-stride128-ds8.jpg,PHercParis4,20231007101619,canon,7,6,1024,311,124,124,0.8615,0.8685,90,84,642.9,696.1,0.161,0.161
PHercParis4/segments/20231007101619/ink-detection/downsampled/PHercParis4-20231007101619-2.4um-0.22m-78keV-volume-20260411134726-20260417190342-new_canon_autoresearch_recipe-tile256-stride128-ds8.jpg,PHercParis4,20231007101619,canon,7,7,1024,311,124,124,0.8123,0.8166,79,74,537.4,569.5,0.0884,0.0897
PHercParis4/segments/20231007101619/ink-detection/downsampled/PHercParis4-20231007101619-2.4um-0.22m-78keV-volume-20260411134726-20260417190342-new_canon_autoresearch_recipe-tile256-stride128-ds8.jpg,PHercParis4,20231007101619,canon,7,8,1024,311,124,124,0.6712,0.6552,92,85,422.2,443.0,0.0616,0.0601
PHercParis4/segments/20231007101619/ink-detection/downsampled/PHercParis4-20231007101619-2.4um-0.22m-78keV-volume-20260411134726-20260417190342-new_canon_autoresearch_recipe-tile256-stride128-ds8.jpg,PHercParis4,20231007101619,canon,7,9,1024,311,124,124,0.5096,0.5088,94,89,422.2,443.0,0.1521,0.1505
PHercParis4/segments/20231007101619/ink-detection/downsampled/PHercParis4-20231007101619-2.4um-0.22m-78keV-volume-20260411134726-20260417190342-new_canon_autoresearch_recipe-tile256-stride128-ds8.jpg,PHercParis4,20231007101619,canon,7,10,1024,311,124,124,0.6358,0.6275,69,66,518.2,601.2,0.1895,0.1889
PHercParis4/segments/20231007101619/ink-detection/downsampled/PHercParis4-20231007101619-2.4um-0.22m-78keV-volume-20260411134726-20260417190342-new_canon_autoresearch_recipe-tile256-stride128-ds8.jpg,PHercParis4,20231007101619,canon,7,11,1024,311,124,124,0.9034,0.9046,71,68,652.5,664.4,0.1364,0.1351
PHercParis4/segments/20231007101619/ink-detection/downsampled/PHercParis4-20231007101619-2.4um-0.22m-78keV-volume-20260411134726-20260417190342-new_canon_autoresearch_recipe-tile256-stride128-ds8.jpg,PHercParis4,20231007101619,canon,7,12,1024,311,124,124,0.9299,0.935,70,65,575.8,632.8,0.1507,0.1501
PHercParis4/segments/20231007101619/ink-detection/downsampled/PHercParis4-20231007101619-2.4um-0.22m-78keV-volume-20260411134726-20260417190342-new_canon_autoresearch_recipe-tile256-stride128-ds8.jpg,PHercParis4,20231007101619,canon,7,13,1024,311,124,124,0.8461,0.8598,69,67,575.8,569.5,0.1721,0.1711
PHercParis4/segments/20231007101619/ink-detection/downsampled/PHercParis4-20231007101619-2.4um-0.22m-78keV-volume-20260411134726-20260417190342-new_canon_autoresearch_recipe-tile256-stride128-ds8.jpg,PHercParis4,20231007101619,canon,7,14,1024,311,124,124,0.8712,0.8803,96,89,537.4,569.5,0.1633,0.1636
PHercParis4/segments/20231007101619/ink-detection/downsampled/PHercParis4-20231007101619-2.4um-0.22m-78keV-volume-20260411134726-20260417190342-new_canon_autoresearch_recipe-tile256-stride128-ds8.jpg,PHercParis4,20231007101619,canon,7,15,1024,311,124,124,0.8308,0.8392,90,84,451.0,474.6,0.0996,0.1007
PHercParis4/segments/20231007101619/ink-detection/downsampled/PHercParis4-20231007101619-2.4um-0.22m-78keV-volume-20260411134726-20260417190342-new_canon_autoresearch_recipe-tile256-stride128-ds8.jpg,PHercParis4,20231007101619,canon,7,16,1024,311,124,124,0.6847,0.6805,80,74,441.4,474.6,0.0582,0.0572
PHercParis4/segments/20231007101619/ink-detection/downsampled/PHercParis4-20231007101619-2.4um-0.22m-78keV-volume-20260411134726-20260417190342-new_canon_autoresearch_recipe-tile256-stride128-ds8.jpg,PHercParis4,20231007101619,canon,7,17,1024,311,124,124,0.6644,0.6534,70,67,537.4,569.5,0.1225,0.1194
PHercParis4/segments/20231007101619/ink-detection/downsampled/PHercParis4-20231007101619-2.4um-0.22m-78keV-volume-20260411134726-20260417190342-new_canon_autoresearch_recipe-tile256-stride128-ds8.jpg,PHercParis4,20231007101619,canon,7,18,1024,311,124,124,0.7436,0.7278,73,69,652.5,696.1,0.159,0.1571
PHercParis4/segments/20231007101619/ink-detection/downsampled/PHercParis4-20231007101619-2.4um-0.22m-78keV-volume-20260411134726-20260417190342-new_canon_autoresearch_recipe-tile256-stride128-ds8.jpg,PHercParis4,20231007101619,canon,7,19,1024,311,124,124,0.8952,0.8948,69,67,633.3,696.1,0.1385,0.1388
PHercParis4/segments/20231007101619/ink-detection/downsampled/PHercParis4-20231007101619-2.4um-0.22m-78keV-volume-20260411134726-20260417190342-new_canon_autoresearch_recipe-tile256-stride128-ds8.jpg,PHercParis4,20231007101619,canon,7,20,1024,311,124,124,0.6502,0.6602,71,67,556.6,569.5,0.1708,0.171
PHercParis4/segments/20231007101619/ink-detection/downsampled/PHercParis4-20231007101619-2.4um-0.22m-78keV-volume-20260411134726-20260417190342-new_canon_autoresearch_recipe-tile256-stride128-ds8.jpg,PHercParis4,20231007101619,canon,7,21,1024,311,124,124,0.6571,0.6557,89,83,633.3,632.8,0.1772,0.1764
PHercParis4/segments/20231007101619/ink-detection/downsampled/PHercParis4-20231007101619-2.4um-0.22m-78keV-volume-20260411134726-20260417190342-new_canon_autoresearch_recipe-tile256-stride128-ds8.jpg,PHercParis4,20231007101619,canon,7,22,1024,311,124,124,0.8553,0.8387,83,77,595.0,696.1,0.1566,0.1566
PHercParis4/segments/20231007101619/ink-detection/downsampled/PHercParis4-20231007101619-2.4um-0.22m-78keV-volume-20260411134726-20260417190342-new_canon_autoresearch_recipe-tile256-stride128-ds8.jpg,PHercParis4,20231007101619,canon,7,23,1024,311,124,124,0.8053,0.7848,90,87,518.2,506.2,0.1149,0.1169
PHercParis4/segments/20231007101619/ink-detection/downsampled/PHercParis4-20231007101619-2.4um-0.22m-78keV-volume-20260411134726-20260417190342-new_canon_autoresearch_recipe-tile256-stride128-ds8.jpg,PHercParis4,20231007101619,canon,7,24,1024,311,124,124,0.4441,0.4773,75,69,422.2,443.0,0.033,0.035
PHercParis4/segments/20231007101619/ink-detection/downsampled/PHercParis4-20231007101619-2.4um-0.22m-78keV-volume-20260411134726-20260417190342-new_canon_autoresearch_recipe-tile256-stride128-ds8.jpg,PHercParis4,20231007101619,canon,8,0,1024,311,124,124,0.6929,0.6785,92,90,518.2,537.9,0.0777,0.077
PHercParis4/segments/20231007101619/ink-detection/downsampled/PHercParis4-20231007101619-2.4um-0.22m-78keV-volume-20260411134726-20260417190342-new_canon_autoresearch_recipe-tile256-stride128-ds8.jpg,PHercParis4,20231007101619,canon,8,1,1024,311,124,124,0.7876,0.7708,100,93,604.5,632.8,0.1261,0.1255
PHercParis4/segments/20231007101619/ink-detection/downsampled/PHercParis4-20231007101619-2.4um-0.22m-78keV-volume-20260411134726-20260417190342-new_canon_autoresearch_recipe-tile256-stride128-ds8.jpg,PHercParis4,20231007101619,canon,8,2,1024,311,124,124,0.8653,0.8532,88,83,825.3,822.6,0.1612,0.1602
PHercParis4/segments/20231007101619/ink-detection/downsampled/PHercParis4-20231007101619-2.4um-0.22m-78keV-volume-20260411134726-20260417190342-new_canon_autoresearch_recipe-tile256-stride128-ds8.jpg,PHercParis4,20231007101619,canon,8,3,1024,311,124,124,0.9227,0.9251,81,78,825.3,822.6,0.1748,0.1736
PHercParis4/segments/20231007101619/ink-detection/downsampled/PHercParis4-20231007101619-2.4um-0.22m-78keV-volume-20260411134726-20260417190342-new_canon_autoresearch_recipe-tile256-stride128-ds8.jpg,PHercParis4,20231007101619,canon,8,4,1024,311,124,124,0.7118,0.7095,79,72,633.3,759.4,0.1843,0.184
PHercParis4/segments/20231007101619/ink-detection/downsampled/PHercParis4-20231007101619-2.4um-0.22m-78keV-volume-20260411134726-20260417190342-new_canon_autoresearch_recipe-tile256-stride128-ds8.jpg,PHercParis4,20231007101619,canon,8,5,1024,311,124,124,0.9145,0.8246,65,60,767.7,759.4,0.1986,0.1991
PHercParis4/segments/20231007101619/ink-detection/downsampled/PHercParis4-20231007101619-2.4um-0.22m-78keV-volume-20260411134726-20260417190342-new_canon_autoresearch_recipe-tile256-stride128-ds8.jpg,PHercParis4,20231007101619,canon,8,6,1024,311,124,124,0.8286,0.7167,91,86,575.8,569.5,0.1595,0.159
PHercParis4/segments/20231007101619/ink-detection/downsampled/PHercParis4-20231007101619-2.4um-0.22m-78keV-volume-20260411134726-20260417190342-new_canon_autoresearch_recipe-tile256-stride128-ds8.jpg,PHercParis4,20231007101619,canon,8,7,1024,311,124,124,0.6168,0.627,104,102,585.4,601.2,0.0908,0.0896
PHercParis4/segments/20231007101619/ink-detection/downsampled/PHercParis4-20231007101619-2.4um-0.22m-78keV-volume-20260411134726-20260417190342-new_canon_autoresearch_recipe-tile256-stride128-ds8.jpg,PHercParis4,20231007101619,canon,8,8,1024,311,124,124,0.6478,0.6312,115,110,499.0,506.2,0.0878,0.0833
PHercParis4/segments/20231007101619/ink-detection/downsampled/PHercParis4-20231007101619-2.4um-0.22m-78keV-volume-20260411134726-20260417190342-new_canon_autoresearch_recipe-tile256-stride128-ds8.jpg,PHercParis4,20231007101619,canon,8,9,1024,311,124,124,0.5819,0.5772,100,94,422.2,443.0,0.1809,0.1785
PHercParis4/segments/20231007101619/ink-detection/downsampled/PHercParis4-20231007101619-2.4um-0.22m-78keV-volume-20260411134726-20260417190342-new_canon_autoresearch_recipe-tile256-stride128-ds8.jpg,PHercParis4,20231007101619,canon,8,10,1024,311,124,124,0.676,0.6706,61,61,499.0,443.0,0.2092,0.2114
PHercParis4/segments/20231007101619/ink-detection/downsampled/PHercParis4-20231007101619-2.4um-0.22m-78keV-volume-20260411134726-20260417190342-new_canon_autoresearch_recipe-tile256-stride128-ds8.jpg,PHercParis4,20231007101619,canon,8,11,1024,311,124,124,0.729,0.7246,60,61,710.1,696.1,0.1852,0.1851
PHercParis4/segments/20231007101619/ink-detection/downsampled/PHercParis4-20231007101619-2.4um-0.22m-78keV-volume-20260411134726-20260417190342-new_canon_autoresearch_recipe-tile256-stride128-ds8.jpg,PHercParis4,20231007101619,canon,8,12,1024,311,124,124,0.9329,0.933,58,52,786.9,917.6,0.1738,0.1716
PHercParis4/segments/20231007101619/ink-detection/downsampled/PHercParis4-20231007101619-2.4um-0.22m-78keV-volume-20260411134726-20260417190342-new_canon_autoresearch_recipe-tile256-stride128-ds8.jpg,PHercParis4,20231007101619,canon,8,13,1024,311,124,124,0.7945,0.7893,64,59,882.8,885.9,0.1848,0.1827
PHercParis4/segments/20231007101619/ink-detection/downsampled/PHercParis4-20231007101619-2.4um-0.22m-78keV-volume-20260411134726-20260417190342-new_canon_autoresearch_recipe-tile256-stride128-ds8.jpg,PHercParis4,20231007101619,canon,8,14,1024,311,124,124,0.9018,0.9057,94,88,652.5,664.4,0.2066,0.2066
PHercParis4/segments/20231007101619/ink-detection/downsampled/PHercParis4-20231007101619-2.4um-0.22m-78keV-volume-20260411134726-20260417190342-new_canon_autoresearch_recipe-tile256-stride128-ds8.jpg,PHercParis4,20231007101619,canon,8,15,1024,311,124,124,0.8221,0.8277,104,89,451.0,506.2,0.1203,0.122
PHercParis4/segments/20231007101619/ink-detection/downsampled/PHercParis4-20231007101619-2.4um-0.22m-78keV-volume-20260411134726-20260417190342-new_canon_autoresearch_recipe-tile256-stride128-ds8.jpg,PHercParis4,20231007101619,canon,8,16,1024,311,124,124,0.7128,0.7084,98,86,460.6,506.2,0.0796,0.0799
PHercParis4/segments/20231007101619/ink-detection/downsampled/PHercParis4-20231007101619-2.4um-0.22m-78keV-volume-20260411134726-20260417190342-new_canon_autoresearch_recipe-tile256-stride128-ds8.jpg,PHercParis4,20231007101619,canon,8,17,1024,311,124,124,0.849,0.8358,93,91,518.2,569.5,0.1487,0.1464
PHercParis4/segments/20231007101619/ink-detection/downsampled/PHercParis4-20231007101619-2.4um-0.22m-78keV-volume-20260411134726-20260417190342-new_canon_autoresearch_recipe-tile256-stride128-ds8.jpg,PHercParis4,20231007101619,canon,8,18,1024,311,124,124,0.9136,0.9121,80,75,662.1,696.1,0.1903,0.1884
PHercParis4/segments/20231007101619/ink-detection/downsampled/PHercParis4-20231007101619-2.4um-0.22m-78keV-volume-20260411134726-20260417190342-new_canon_autoresearch_recipe-tile256-stride128-ds8.jpg,PHercParis4,20231007101619,canon,8,19,1024,311,124,124,0.9224,0.9134,74,72,690.9,791.0,0.186,0.1858
PHercParis4/segments/20231007101619/ink-detection/downsampled/PHercParis4-20231007101619-2.4um-0.22m-78keV-volume-20260411134726-20260417190342-new_canon_autoresearch_recipe-tile256-stride128-ds8.jpg,PHercParis4,20231007101619,canon,8,20,1024,311,124,124,0.7788,0.7781,85,78,499.0,506.2,0.1668,0.1685
PHercParis4/segments/20231007101619/ink-detection/downsampled/PHercParis4-20231007101619-2.4um-0.22m-78keV-volume-20260411134726-20260417190342-new_canon_autoresearch_recipe-tile256-stride128-ds8.jpg,PHercParis4,20231007101619,canon,8,21,1024,311,124,124,0.7404,0.7377,88,79,518.2,569.5,0.1522,0.1531
PHercParis4/segments/20231007101619/ink-detection/downsampled/PHercParis4-20231007101619-2.4um-0.22m-78keV-volume-20260411134726-20260417190342-new_canon_autoresearch_recipe-tile256-stride128-ds8.jpg,PHercParis4,20231007101619,canon,8,22,1024,311,124,124,0.848,0.8441,85,81,537.4,569.5,0.1306,0.1309
PHercParis4/segments/20231007101619/ink-detection/downsampled/PHercParis4-20231007101619-2.4um-0.22m-78keV-volume-20260411134726-20260417190342-new_canon_autoresearch_recipe-tile256-stride128-ds8.jpg,PHercParis4,20231007101619,canon,8,23,1024,311,124,124,0.6625,0.664,103,100,537.4,506.2,0.089,0.092
PHercParis4/segments/20231007101619/ink-detection/downsampled/PHercParis4-20231007101619-2.4um-0.22m-78keV-volume-20260411134726-20260417190342-new_canon_autoresearch_recipe-tile256-stride128-ds8.jpg,PHercParis4,20231007101619,canon,8,24,1024,311,124,124,0.4849,0.5009,69,67,537.4,569.5,0.0403,0.0424
PHercParis4/segments/20231007101619/ink-detection/downsampled/PHercParis4-20231007101619-2.4um-0.22m-78keV-volume-20260411134726-20260417190342-new_canon_autoresearch_recipe-tile256-stride128-ds8.jpg,PHercParis4,20231007101619,canon,9,0,1024,311,124,124,0.7024,0.704,92,89,585.4,569.5,0.085,0.0854
PHercParis4/segments/20231007101619/ink-detection/downsampled/PHercParis4-20231007101619-2.4um-0.22m-78keV-volume-20260411134726-20260417190342-new_canon_autoresearch_recipe-tile256-stride128-ds8.jpg,PHercParis4,20231007101619,canon,9,1,1024,311,124,124,0.8205,0.8234,94,86,614.1,632.8,0.1336,0.1334
PHercParis4/segments/20231007101619/ink-detection/downsampled/PHercParis4-20231007101619-2.4um-0.22m-78keV-volume-20260411134726-20260417190342-new_canon_autoresearch_recipe-tile256-stride128-ds8.jpg,PHercParis4,20231007101619,canon,9,2,1024,311,124,124,0.901,0.9033,88,84,806.1,791.0,0.1698,0.1704
PHercParis4/segments/20231007101619/ink-detection/downsampled/PHercParis4-20231007101619-2.4um-0.22m-78keV-volume-20260411134726-20260417190342-new_canon_autoresearch_recipe-tile256-stride128-ds8.jpg,PHercParis4,20231007101619,canon,9,3,1024,311,124,124,0.9076,0.9115,88,83,719.7,759.4,0.1602,0.1629
PHercParis4/segments/20231007101619/ink-detection/downsampled/PHercParis4-20231007101619-2.4um-0.22m-78keV-volume-20260411134726-20260417190342-new_canon_autoresearch_recipe-tile256-stride128-ds8.jpg,PHercParis4,20231007101619,canon,9,4,1024,311,124,124,0.8817,0.8859,84,75,614.1,759.4,0.1652,0.1699
PHercParis4/segments/20231007101619/ink-detection/downsampled/PHercParis4-20231007101619-2.4um-0.22m-78keV-volume-20260411134726-20260417190342-new_canon_autoresearch_recipe-tile256-stride128-ds8.jpg,PHercParis4,20231007101619,canon,9,5,1024,311,124,124,0.9079,0.8038,67,60,882.8,822.6,0.1648,0.1696
PHercParis4/segments/20231007101619/ink-detection/downsampled/PHercParis4-20231007101619-2.4um-0.22m-78keV-volume-20260411134726-20260417190342-new_canon_autoresearch_recipe-tile256-stride128-ds8.jpg,PHercParis4,20231007101619,canon,9,6,1024,311,124,124,0.8276,0.6882,83,76,575.8,569.5,0.1308,0.1326
PHercParis4/segments/20231007101619/ink-detection/downsampled/PHercParis4-20231007101619-2.4um-0.22m-78keV-volume-20260411134726-20260417190342-new_canon_autoresearch_recipe-tile256-stride128-ds8.jpg,PHercParis4,20231007101619,canon,9,7,1024,311,124,124,0.5599,0.5581,100,99,537.4,506.2,0.0808,0.0808
PHercParis4/segments/20231007101619/ink-detection/downsampled/PHercParis4-20231007101619-2.4um-0.22m-78keV-volume-20260411134726-20260417190342-new_canon_autoresearch_recipe-tile256-stride128-ds8.jpg,PHercParis4,20231007101619,canon,9,8,1024,311,124,124,0.6695,0.6577,111,105,518.2,506.2,0.0958,0.0938
PHercParis4/segments/20231007101619/ink-detection/downsampled/PHercParis4-20231007101619-2.4um-0.22m-78keV-volume-20260411134726-20260417190342-new_canon_autoresearch_recipe-tile256-stride128-ds8.jpg,PHercParis4,20231007101619,canon,9,9,1024,311,124,124,0.5895,0.5874,103,93,518.2,506.2,0.1804,0.1809
PHercParis4/segments/20231007101619/ink-detection/downsampled/PHercParis4-20231007101619-2.4um-0.22m-78keV-volume-20260411134726-20260417190342-new_canon_autoresearch_recipe-tile256-stride128-ds8.jpg,PHercParis4,20231007101619,canon,9,10,1024,311,124,124,0.9054,0.9065,78,74,623.7,569.5,0.1861,0.1919
PHercParis4/segments/20231007101619/ink-detection/downsampled/PHercParis4-20231007101619-2.4um-0.22m-78keV-volume-20260411134726-20260417190342-new_canon_autoresearch_recipe-tile256-stride128-ds8.jpg,PHercParis4,20231007101619,canon,9,11,1024,311,124,124,0.7543,0.7379,70,66,614.1,537.9,0.1588,0.1622
PHercParis4/segments/20231007101619/ink-detection/downsampled/PHercParis4-20231007101619-2.4um-0.22m-78keV-volume-20260411134726-20260417190342-new_canon_autoresearch_recipe-tile256-stride128-ds8.jpg,PHercParis4,20231007101619,canon,9,12,1024,311,124,124,0.9195,0.9295,63,56,844.4,980.8,0.1601,0.1617
PHercParis4/segments/20231007101619/ink-detection/downsampled/PHercParis4-20231007101619-2.4um-0.22m-78keV-volume-20260411134726-20260417190342-new_canon_autoresearch_recipe-tile256-stride128-ds8.jpg,PHercParis4,20231007101619,canon,9,13,1024,311,124,124,0.9134,0.9129,74,72,825.3,885.9,0.1841,0.1854
PHercParis4/segments/20231007101619/ink-detection/downsampled/PHercParis4-20231007101619-2.4um-0.22m-78keV-volume-20260411134726-20260417190342-new_canon_autoresearch_recipe-tile256-stride128-ds8.jpg,PHercParis4,20231007101619,canon,9,14,1024,311,124,124,0.8843,0.8854,106,103,518.2,569.5,0.1972,0.2013
PHercParis4/segments/20231007101619/ink-detection/downsampled/PHercParis4-20231007101619-2.4um-0.22m-78keV-volume-20260411134726-20260417190342-new_canon_autoresearch_recipe-tile256-stride128-ds8.jpg,PHercParis4,20231007101619,canon,9,15,1024,311,124,124,0.7705,0.7814,108,96,441.4,443.0,0.102,0.1076
PHercParis4/segments/20231007101619/ink-detection/downsampled/PHercParis4-20231007101619-2.4um-0.22m-78keV-volume-20260411134726-20260417190342-new_canon_autoresearch_recipe-tile256-stride128-ds8.jpg,PHercParis4,20231007101619,canon,9,16,1024,311,124,124,0.7589,0.7512,96,86,470.2,506.2,0.091,0.0902
PHercParis4/segments/20231007101619/ink-detection/downsampled/PHercParis4-20231007101619-2.4um-0.22m-78keV-volume-20260411134726-20260417190342-new_canon_autoresearch_recipe-tile256-stride128-ds8.jpg,PHercParis4,20231007101619,canon,9,17,1024,311,124,124,0.5877,0.5983,103,98,595.0,569.5,0.1457,0.1426
PHercParis4/segments/20231007101619/ink-detection/downsampled/PHercParis4-20231007101619-2.4um-0.22m-78keV-volume-20260411134726-20260417190342-new_canon_autoresearch_recipe-tile256-stride128-ds8.jpg,PHercParis4,20231007101619,canon,9,18,1024,311,124,124,0.8201,0.836,94,87,652.5,632.8,0.1402,0.1416
PHercParis4/segments/20231007101619/ink-detection/downsampled/PHercParis4-20231007101619-2.4um-0.22m-78keV-volume-20260411134726-20260417190342-new_canon_autoresearch_recipe-tile256-stride128-ds8.jpg,PHercParis4,20231007101619,canon,9,19,1024,311,124,124,0.8336,0.8367,90,88,652.5,632.8,0.1417,0.1436
PHercParis4/segments/20231007101619/ink-detection/downsampled/PHercParis4-20231007101619-2.4um-0.22m-78keV-volume-20260411134726-20260417190342-new_canon_autoresearch_recipe-tile256-stride128-ds8.jpg,PHercParis4,20231007101619,canon,9,20,1024,311,124,124,0.8338,0.8414,99,92,556.6,569.5,0.127,0.1262
PHercParis4/segments/20231007101619/ink-detection/downsampled/PHercParis4-20231007101619-2.4um-0.22m-78keV-volume-20260411134726-20260417190342-new_canon_autoresearch_recipe-tile256-stride128-ds8.jpg,PHercParis4,20231007101619,canon,9,21,1024,311,124,124,0.8254,0.8341,116,103,547.0,569.5,0.1296,0.127
PHercParis4/segments/20231007101619/ink-detection/downsampled/PHercParis4-20231007101619-2.4um-0.22m-78keV-volume-20260411134726-20260417190342-new_canon_autoresearch_recipe-tile256-stride128-ds8.jpg,PHercParis4,20231007101619,canon,9,22,1024,311,124,124,0.7777,0.8055,114,102,537.4,506.2,0.1148,0.1123
PHercParis4/segments/20231007101619/ink-detection/downsampled/PHercParis4-20231007101619-2.4um-0.22m-78keV-volume-20260411134726-20260417190342-new_canon_autoresearch_recipe-tile256-stride128-ds8.jpg,PHercParis4,20231007101619,canon,9,23,1024,311,124,124,0.4933,0.568,100,95,499.0,443.0,0.0574,0.0606
PHercParis4/segments/20231007101619/ink-detection/downsampled/PHercParis4-20231007101619-2.4um-0.22m-78keV-volume-20260411134726-20260417190342-new_canon_autoresearch_recipe-tile256-stride128-ds8.jpg,PHercParis4,20231007101619,canon,9,24,1024,311,124,124,0.3445,0.3662,58,57,441.4,443.0,0.0266,0.0289
PHercParis4/segments/20231007101619/ink-detection/downsampled/PHercParis4-20231007101619-2.4um-0.22m-78keV-volume-20260411134726-20260417190342-new_canon_autoresearch_recipe-tile256-stride128-ds8.jpg,PHercParis4,20231007101619,canon,10,0,1024,311,124,124,0.785,0.7709,78,77,623.7,632.8,0.0901,0.0914
PHercParis4/segments/20231007101619/ink-detection/downsampled/PHercParis4-20231007101619-2.4um-0.22m-78keV-volume-20260411134726-20260417190342-new_canon_autoresearch_recipe-tile256-stride128-ds8.jpg,PHercParis4,20231007101619,canon,10,1,1024,311,124,124,0.8817,0.8818,84,80,623.7,632.8,0.1444,0.1445
PHercParis4/segments/20231007101619/ink-detection/downsampled/PHercParis4-20231007101619-2.4um-0.22m-78keV-volume-20260411134726-20260417190342-new_canon_autoresearch_recipe-tile256-stride128-ds8.jpg,PHercParis4,20231007101619,canon,10,2,1024,311,124,124,0.903,0.915,80,75,575.8,569.5,0.1637,0.1636
PHercParis4/segments/20231007101619/ink-detection/downsampled/PHercParis4-20231007101619-2.4um-0.22m-78keV-volume-20260411134726-20260417190342-new_canon_autoresearch_recipe-tile256-stride128-ds8.jpg,PHercParis4,20231007101619,canon,10,3,1024,311,124,124,0.8906,0.8915,84,77,556.6,696.1,0.1587,0.1574
PHercParis4/segments/20231007101619/ink-detection/downsampled/PHercParis4-20231007101619-2.4um-0.22m-78keV-volume-20260411134726-20260417190342-new_canon_autoresearch_recipe-tile256-stride128-ds8.jpg,PHercParis4,20231007101619,canon,10,4,1024,311,124,124,0.7881,0.7775,77,73,671.7,759.4,0.1853,0.1833
PHercParis4/segments/20231007101619/ink-detection/downsampled/PHercParis4-20231007101619-2.4um-0.22m-78keV-volume-20260411134726-20260417190342-new_canon_autoresearch_recipe-tile256-stride128-ds8.jpg,PHercParis4,20231007101619,canon,10,5,1024,311,124,124,0.8041,0.8121,68,66,729.3,759.4,0.1916,0.1906
PHercParis4/segments/20231007101619/ink-detection/downsampled/PHercParis4-20231007101619-2.4um-0.22m-78keV-volume-20260411134726-20260417190342-new_canon_autoresearch_recipe-tile256-stride128-ds8.jpg,PHercParis4,20231007101619,canon,10,6,1024,311,124,124,0.85,0.8638,90,83,642.9,822.6,0.1503,0.1497
PHercParis4/segments/20231007101619/ink-detection/downsampled/PHercParis4-20231007101619-2.4um-0.22m-78keV-volume-20260411134726-20260417190342-new_canon_autoresearch_recipe-tile256-stride128-ds8.jpg,PHercParis4,20231007101619,canon,10,7,1024,311,124,124,0.6124,0.6263,105,100,460.6,506.2,0.0728,0.0743
PHercParis4/segments/20231007101619/ink-detection/downsampled/PHercParis4-20231007101619-2.4um-0.22m-78keV-volume-20260411134726-20260417190342-new_canon_autoresearch_recipe-tile256-stride128-ds8.jpg,PHercParis4,20231007101619,canon,10,8,1024,311,124,124,0.6901,0.69,109,102,460.6,474.6,0.082,0.0829
PHercParis4/segments/20231007101619/ink-detection/downsampled/PHercParis4-20231007101619-2.4um-0.22m-78keV-volume-20260411134726-20260417190342-new_canon_autoresearch_recipe-tile256-stride128-ds8.jpg,PHercParis4,20231007101619,canon,10,9,1024,311,124,124,0.3542,0.3411,93,87,537.4,632.8,0.1845,0.1846
PHercParis4/segments/20231007101619/ink-detection/downsampled/PHercParis4-20231007101619-2.4um-0.22m-78keV-volume-20260411134726-20260417190342-new_canon_autoresearch_recipe-tile256-stride128-ds8.jpg,PHercParis4,20231007101619,canon,10,10,1024,311,124,124,0.5778,0.5523,80,74,623.7,632.8,0.2012,0.1999
PHercParis4/segments/20231007101619/ink-detection/downsampled/PHercParis4-20231007101619-2.4um-0.22m-78keV-volume-20260411134726-20260417190342-new_canon_autoresearch_recipe-tile256-stride128-ds8.jpg,PHercParis4,20231007101619,canon,10,11,1024,311,124,124,0.7611,0.7561,76,73,595.0,569.5,0.1631,0.1585
PHercParis4/segments/20231007101619/ink-detection/downsampled/PHercParis4-20231007101619-2.4um-0.22m-78keV-volume-20260411134726-20260417190342-new_canon_autoresearch_recipe-tile256-stride128-ds8.jpg,PHercParis4,20231007101619,canon,10,12,1024,311,124,124,0.9305,0.9296,78,75,585.4,569.5,0.1592,0.1578
PHercParis4/segments/20231007101619/ink-detection/downsampled/PHercParis4-20231007101619-2.4um-0.22m-78keV-volume-20260411134726-20260417190342-new_canon_autoresearch_recipe-tile256-stride128-ds8.jpg,PHercParis4,20231007101619,canon,10,13,1024,311,124,124,0.9267,0.9154,83,83,518.2,569.5,0.1869,0.185
PHercParis4/segments/20231007101619/ink-detection/downsampled/PHercParis4-20231007101619-2.4um-0.22m-78keV-volume-20260411134726-20260417190342-new_canon_autoresearch_recipe-tile256-stride128-ds8.jpg,PHercParis4,20231007101619,canon,10,14,1024,311,124,124,0.4994,0.4936,103,96,441.4,506.2,0.2226,0.2204
PHercParis4/segments/20231007101619/ink-detection/downsampled/PHercParis4-20231007101619-2.4um-0.22m-78keV-volume-20260411134726-20260417190342-new_canon_autoresearch_recipe-tile256-stride128-ds8.jpg,PHercParis4,20231007101619,canon,10,15,1024,311,124,124,0.3545,0.3623,101,97,422.2,443.0,0.1368,0.1395
PHercParis4/segments/20231007101619/ink-detection/downsampled/PHercParis4-20231007101619-2.4um-0.22m-78keV-volume-20260411134726-20260417190342-new_canon_autoresearch_recipe-tile256-stride128-ds8.jpg,PHercParis4,20231007101619,canon,10,16,1024,311,124,124,0.712,0.7041,102,93,460.6,506.2,0.0856,0.0848
PHercParis4/segments/20231007101619/ink-detection/downsampled/PHercParis4-20231007101619-2.4um-0.22m-78keV-volume-20260411134726-20260417190342-new_canon_autoresearch_recipe-tile256-stride128-ds8.jpg,PHercParis4,20231007101619,canon,10,17,1024,311,124,124,0.5875,0.5808,97,89,556.6,569.5,0.1335,0.1308
PHercParis4/segments/20231007101619/ink-detection/downsampled/PHercParis4-20231007101619-2.4um-0.22m-78keV-volume-20260411134726-20260417190342-new_canon_autoresearch_recipe-tile256-stride128-ds8.jpg,PHercParis4,20231007101619,canon,10,18,1024,311,124,124,0.8092,0.8153,95,90,652.5,696.1,0.1317,0.1345
PHercParis4/segments/20231007101619/ink-detection/downsampled/PHercParis4-20231007101619-2.4um-0.22m-78keV-volume-20260411134726-20260417190342-new_canon_autoresearch_recipe-tile256-stride128-ds8.jpg,PHercParis4,20231007101619,canon,10,19,1024,311,124,124,0.8418,0.8372,92,88,527.8,569.5,0.1403,0.142
PHercParis4/segments/20231007101619/ink-detection/downsampled/PHercParis4-20231007101619-2.4um-0.22m-78keV-volume-20260411134726-20260417190342-new_canon_autoresearch_recipe-tile256-stride128-ds8.jpg,PHercParis4,20231007101619,canon,10,20,1024,311,124,124,0.8701,0.8716,89,84,575.8,569.5,0.1423,0.1423
PHercParis4/segments/20231007101619/ink-detection/downsampled/PHercParis4-20231007101619-2.4um-0.22m-78keV-volume-20260411134726-20260417190342-new_canon_autoresearch_recipe-tile256-stride128-ds8.jpg,PHercParis4,20231007101619,canon,10,21,1024,311,124,124,0.7769,0.7771,106,99,595.0,632.8,0.1165,0.117
PHercParis4/segments/20231007101619/ink-detection/downsampled/PHercParis4-20231007101619-2.4um-0.22m-78keV-volume-20260411134726-20260417190342-new_canon_autoresearch_recipe-tile256-stride128-ds8.jpg,PHercParis4,20231007101619,canon,10,22,1024,311,124,124,0.6591,0.6884,118,104,527.8,506.2,0.0874,0.088
PHercParis4/segments/20231007101619/ink-detection/downsampled/PHercParis4-20231007101619-2.4um-0.22m-78keV-volume-20260411134726-20260417190342-new_canon_autoresearch_recipe-tile256-stride128-ds8.jpg,PHercParis4,20231007101619,canon,10,23,1024,311,124,124,0.5033,0.5011,103,92,403.0,443.0,0.0495,0.0487
PHercParis4/segments/20231007101619/ink-detection/downsampled/PHercParis4-20231007101619-2.4um-0.22m-78keV-volume-20260411134726-20260417190342-new_canon_autoresearch_recipe-tile256-stride128-ds8.jpg,PHercParis4,20231007101619,canon,10,24,1024,311,124,124,0.69,0.619,65,63,364.6,379.7,0.0381,0.0379
PHercParis4/segments/20231012184424/ink-detection/downsampled/PHercParis4-20231012184424-2.4um-0.22m-78keV-volume-20260411134726-20260417190342-new_canon_autoresearch_recipe-tile256-stride128-ds8.jpg,PHercParis4,20231012184424,canon,0,2,1024,311,126,125,0.6354,0.6366,83,82,441.4,443.0,0.0603,0.0605
PHercParis4/segments/20231012184424/ink-detection/downsampled/PHercParis4-20231012184424-2.4um-0.22m-78keV-volume-20260411134726-20260417190342-new_canon_autoresearch_recipe-tile256-stride128-ds8.jpg,PHercParis4,20231012184424,canon,0,3,1024,311,126,125,0.4516,0.4512,75,71,403.0,379.7,0.1006,0.1006
PHercParis4/segments/20231012184424/ink-detection/downsampled/PHercParis4-20231012184424-2.4um-0.22m-78keV-volume-20260411134726-20260417190342-new_canon_autoresearch_recipe-tile256-stride128-ds8.jpg,PHercParis4,20231012184424,canon,0,4,1024,311,126,125,0.9211,0.9212,54,52,393.4,411.3,0.1149,0.1153
PHercParis4/segments/20231012184424/ink-detection/downsampled/PHercParis4-20231012184424-2.4um-0.22m-78keV-volume-20260411134726-20260417190342-new_canon_autoresearch_recipe-tile256-stride128-ds8.jpg,PHercParis4,20231012184424,canon,0,6,1024,311,126,125,0.9111,0.9139,64,60,585.4,632.8,0.1551,0.1553
PHercParis4/segments/20231012184424/ink-detection/downsampled/PHercParis4-20231012184424-2.4um-0.22m-78keV-volume-20260411134726-20260417190342-new_canon_autoresearch_recipe-tile256-stride128-ds8.jpg,PHercParis4,20231012184424,canon,0,7,1024,311,126,125,0.9069,0.9058,79,72,422.2,443.0,0.152,0.1532
PHercParis4/segments/20231012184424/ink-detection/downsampled/PHercParis4-20231012184424-2.4um-0.22m-78keV-volume-20260411134726-20260417190342-new_canon_autoresearch_recipe-tile256-stride128-ds8.jpg,PHercParis4,20231012184424,canon,0,8,1024,311,126,125,0.8149,0.8336,78,74,470.2,443.0,0.0911,0.0929
PHercParis4/segments/20231012184424/ink-detection/downsampled/PHercParis4-20231012184424-2.4um-0.22m-78keV-volume-20260411134726-20260417190342-new_canon_autoresearch_recipe-tile256-stride128-ds8.jpg,PHercParis4,20231012184424,canon,0,10,1024,311,126,125,0.7243,0.7219,84,77,345.5,379.7,0.058,0.0557
PHercParis4/segments/20231012184424/ink-detection/downsampled/PHercParis4-20231012184424-2.4um-0.22m-78keV-volume-20260411134726-20260417190342-new_canon_autoresearch_recipe-tile256-stride128-ds8.jpg,PHercParis4,20231012184424,canon,0,11,1024,311,126,125,0.8613,0.5922,90,76,403.0,506.2,0.1244,0.1245
PHercParis4/segments/20231012184424/ink-detection/downsampled/PHercParis4-20231012184424-2.4um-0.22m-78keV-volume-20260411134726-20260417190342-new_canon_autoresearch_recipe-tile256-stride128-ds8.jpg,PHercParis4,20231012184424,canon,0,12,1024,311,126,125,0.5859,0.5947,83,76,499.0,601.2,0.1592,0.1627
PHercParis4/segments/20231012184424/ink-detection/downsampled/PHercParis4-20231012184424-2.4um-0.22m-78keV-volume-20260411134726-20260417190342-new_canon_autoresearch_recipe-tile256-stride128-ds8.jpg,PHercParis4,20231012184424,canon,0,13,1024,311,126,125,0.5006,0.499,48,44,642.9,727.7,0.1146,0.1154
PHercParis4/segments/20231012184424/ink-detection/downsampled/PHercParis4-20231012184424-2.4um-0.22m-78keV-volume-20260411134726-20260417190342-new_canon_autoresearch_recipe-tile256-stride128-ds8.jpg,PHercParis4,20231012184424,canon,0,14,1024,311,126,125,0.9269,0.9033,49,48,556.6,537.9,0.1052,0.1045
PHercParis4/segments/20231012184424/ink-detection/downsampled/PHercParis4-20231012184424-2.4um-0.22m-78keV-volume-20260411134726-20260417190342-new_canon_autoresearch_recipe-tile256-stride128-ds8.jpg,PHercParis4,20231012184424,canon,0,15,1024,311,126,125,0.9335,0.9337,62,59,556.6,569.5,0.151,0.1504
PHercParis4/segments/20231012184424/ink-detection/downsampled/PHercParis4-20231012184424-2.4um-0.22m-78keV-volume-20260411134726-20260417190342-new_canon_autoresearch_recipe-tile256-stride128-ds8.jpg,PHercParis4,20231012184424,canon,0,16,1024,311,126,125,0.9451,0.946,55,53,556.6,569.5,0.1444,0.1471
PHercParis4/segments/20231012184424/ink-detection/downsampled/PHercParis4-20231012184424-2.4um-0.22m-78keV-volume-20260411134726-20260417190342-new_canon_autoresearch_recipe-tile256-stride128-ds8.jpg,PHercParis4,20231012184424,canon,1,1,1024,311,126,125,0.8244,0.8234,81,75,441.4,506.2,0.0906,0.0907
PHercParis4/segments/20231012184424/ink-detection/downsampled/PHercParis4-20231012184424-2.4um-0.22m-78keV-volume-20260411134726-20260417190342-new_canon_autoresearch_recipe-tile256-stride128-ds8.jpg,PHercParis4,20231012184424,canon,1,2,1024,311,126,125,0.7443,0.7431,79,76,422.2,443.0,0.0684,0.0687
PHercParis4/segments/20231012184424/ink-detection/downsampled/PHercParis4-20231012184424-2.4um-0.22m-78keV-volume-20260411134726-20260417190342-new_canon_autoresearch_recipe-tile256-stride128-ds8.jpg,PHercParis4,20231012184424,canon,1,3,1024,311,126,125,0.619,0.6187,86,79,412.6,443.0,0.1453,0.1456
PHercParis4/segments/20231012184424/ink-detection/downsampled/PHercParis4-20231012184424-2.4um-0.22m-78keV-volume-20260411134726-20260417190342-new_canon_autoresearch_recipe-tile256-stride128-ds8.jpg,PHercParis4,20231012184424,canon,1,4,1024,311,126,125,0.9315,0.9318,83,76,614.1,696.1,0.2194,0.2199
PHercParis4/segments/20231012184424/ink-detection/downsampled/PHercParis4-20231012184424-2.4um-0.22m-78keV-volume-20260411134726-20260417190342-new_canon_autoresearch_recipe-tile256-stride128-ds8.jpg,PHercParis4,20231012184424,canon,1,5,1024,311,126,125,0.9394,0.939,71,65,729.3,822.6,0.2328,0.2332
PHercParis4/segments/20231012184424/ink-detection/downsampled/PHercParis4-20231012184424-2.4um-0.22m-78keV-volume-20260411134726-20260417190342-new_canon_autoresearch_recipe-tile256-stride128-ds8.jpg,PHercParis4,20231012184424,canon,1,6,1024,311,126,125,0.929,0.9345,76,68,738.9,854.3,0.2179,0.2197
PHercParis4/segments/20231012184424/ink-detection/downsampled/PHercParis4-20231012184424-2.4um-0.22m-78keV-volume-20260411134726-20260417190342-new_canon_autoresearch_recipe-tile256-stride128-ds8.jpg,PHercParis4,20231012184424,canon,1,7,1024,311,126,125,0.7562,0.7586,82,74,479.8,569.5,0.2064,0.2071
PHercParis4/segments/20231012184424/ink-detection/downsampled/PHercParis4-20231012184424-2.4um-0.22m-78keV-volume-20260411134726-20260417190342-new_canon_autoresearch_recipe-tile256-stride128-ds8.jpg,PHercParis4,20231012184424,canon,1,8,1024,311,126,125,0.5033,0.515,80,75,479.8,506.2,0.1601,0.1615
PHercParis4/segments/20231012184424/ink-detection/downsampled/PHercParis4-20231012184424-2.4um-0.22m-78keV-volume-20260411134726-20260417190342-new_canon_autoresearch_recipe-tile256-stride128-ds8.jpg,PHercParis4,20231012184424,canon,1,9,1024,311,126,125,0.4216,0.4422,85,78,422.2,443.0,0.0749,0.0759
PHercParis4/segments/20231012184424/ink-detection/downsampled/PHercParis4-20231012184424-2.4um-0.22m-78keV-volume-20260411134726-20260417190342-new_canon_autoresearch_recipe-tile256-stride128-ds8.jpg,PHercParis4,20231012184424,canon,1,10,1024,311,126,125,0.7379,0.7375,83,75,345.5,379.7,0.068,0.0656
PHercParis4/segments/20231012184424/ink-detection/downsampled/PHercParis4-20231012184424-2.4um-0.22m-78keV-volume-20260411134726-20260417190342-new_canon_autoresearch_recipe-tile256-stride128-ds8.jpg,PHercParis4,20231012184424,canon,1,11,1024,311,126,125,0.9275,0.9258,77,66,383.8,506.2,0.17,0.1682
PHercParis4/segments/20231012184424/ink-detection/downsampled/PHercParis4-20231012184424-2.4um-0.22m-78keV-volume-20260411134726-20260417190342-new_canon_autoresearch_recipe-tile256-stride128-ds8.jpg,PHercParis4,20231012184424,canon,1,12,1024,311,126,125,0.721,0.7209,77,67,537.4,569.5,0.2276,0.2286
PHercParis4/segments/20231012184424/ink-detection/downsampled/PHercParis4-20231012184424-2.4um-0.22m-78keV-volume-20260411134726-20260417190342-new_canon_autoresearch_recipe-tile256-stride128-ds8.jpg,PHercParis4,20231012184424,canon,1,13,1024,311,126,125,0.7393,0.7406,51,46,767.7,1107.4,0.214,0.2146
PHercParis4/segments/20231012184424/ink-detection/downsampled/PHercParis4-20231012184424-2.4um-0.22m-78keV-volume-20260411134726-20260417190342-new_canon_autoresearch_recipe-tile256-stride128-ds8.jpg,PHercParis4,20231012184424,canon,1,14,1024,311,126,125,0.9824,0.9762,50,46,1113.1,1234.0,0.2077,0.2083
PHercParis4/segments/20231012184424/ink-detection/downsampled/PHercParis4-20231012184424-2.4um-0.22m-78keV-volume-20260411134726-20260417190342-new_canon_autoresearch_recipe-tile256-stride128-ds8.jpg,PHercParis4,20231012184424,canon,1,15,1024,311,126,125,0.874,0.8714,61,55,806.1,1202.3,0.2137,0.2136
PHercParis4/segments/20231012184424/ink-detection/downsampled/PHercParis4-20231012184424-2.4um-0.22m-78keV-volume-20260411134726-20260417190342-new_canon_autoresearch_recipe-tile256-stride128-ds8.jpg,PHercParis4,20231012184424,canon,1,16,1024,311,126,125,0.9662,0.9681,54,49,556.6,569.5,0.1692,0.174
PHercParis4/segments/20231012184424/ink-detection/downsampled/PHercParis4-20231012184424-2.4um-0.22m-78keV-volume-20260411134726-20260417190342-new_canon_autoresearch_recipe-tile256-stride128-ds8.jpg,PHercParis4,20231012184424,canon,2,1,1024,311,126,125,0.8623,0.863,79,73,403.0,443.0,0.1168,0.1172
PHercParis4/segments/20231012184424/ink-detection/downsampled/PHercParis4-20231012184424-2.4um-0.22m-78keV-volume-20260411134726-20260417190342-new_canon_autoresearch_recipe-tile256-stride128-ds8.jpg,PHercParis4,20231012184424,canon,2,2,1024,311,126,125,0.78,0.7717,73,68,345.5,379.7,0.0748,0.0748
PHercParis4/segments/20231012184424/ink-detection/downsampled/PHercParis4-20231012184424-2.4um-0.22m-78keV-volume-20260411134726-20260417190342-new_canon_autoresearch_recipe-tile256-stride128-ds8.jpg,PHercParis4,20231012184424,canon,2,3,1024,311,126,125,0.8839,0.8753,75,70,403.0,474.6,0.1583,0.1581
PHercParis4/segments/20231012184424/ink-detection/downsampled/PHercParis4-20231012184424-2.4um-0.22m-78keV-volume-20260411134726-20260417190342-new_canon_autoresearch_recipe-tile256-stride128-ds8.jpg,PHercParis4,20231012184424,canon,2,4,1024,311,126,125,0.927,0.9272,86,77,547.0,632.8,0.2295,0.2291
PHercParis4/segments/20231012184424/ink-detection/downsampled/PHercParis4-20231012184424-2.4um-0.22m-78keV-volume-20260411134726-20260417190342-new_canon_autoresearch_recipe-tile256-stride128-ds8.jpg,PHercParis4,20231012184424,canon,2,5,1024,311,126,125,0.9599,0.9597,68,60,441.4,569.5,0.2416,0.2413
PHercParis4/segments/20231012184424/ink-detection/downsampled/PHercParis4-20231012184424-2.4um-0.22m-78keV-volume-20260411134726-20260417190342-new_canon_autoresearch_recipe-tile256-stride128-ds8.jpg,PHercParis4,20231012184424,canon,2,6,1024,311,126,125,0.9579,0.9573,59,52,595.0,759.4,0.2094,0.2106
PHercParis4/segments/20231012184424/ink-detection/downsampled/PHercParis4-20231012184424-2.4um-0.22m-78keV-volume-20260411134726-20260417190342-new_canon_autoresearch_recipe-tile256-stride128-ds8.jpg,PHercParis4,20231012184424,canon,2,7,1024,311,126,125,0.7419,0.7374,68,59,719.7,822.6,0.1898,0.1903
PHercParis4/segments/20231012184424/ink-detection/downsampled/PHercParis4-20231012184424-2.4um-0.22m-78keV-volume-20260411134726-20260417190342-new_canon_autoresearch_recipe-tile256-stride128-ds8.jpg,PHercParis4,20231012184424,canon,2,8,1024,311,126,125,0.5246,0.5283,48,44,662.1,759.4,0.1556,0.1568
PHercParis4/segments/20231012184424/ink-detection/downsampled/PHercParis4-20231012184424-2.4um-0.22m-78keV-volume-20260411134726-20260417190342-new_canon_autoresearch_recipe-tile256-stride128-ds8.jpg,PHercParis4,20231012184424,canon,2,9,1024,311,126,125,0.4355,0.4395,51,45,383.8,379.7,0.0684,0.0698
PHercParis4/segments/20231012184424/ink-detection/downsampled/PHercParis4-20231012184424-2.4um-0.22m-78keV-volume-20260411134726-20260417190342-new_canon_autoresearch_recipe-tile256-stride128-ds8.jpg,PHercParis4,20231012184424,canon,2,10,1024,311,126,125,0.8258,0.8221,61,57,383.8,379.7,0.0736,0.0707
PHercParis4/segments/20231012184424/ink-detection/downsampled/PHercParis4-20231012184424-2.4um-0.22m-78keV-volume-20260411134726-20260417190342-new_canon_autoresearch_recipe-tile256-stride128-ds8.jpg,PHercParis4,20231012184424,canon,2,11,1024,311,126,125,0.9512,0.9524,61,58,499.0,443.0,0.1917,0.1892
PHercParis4/segments/20231012184424/ink-detection/downsampled/PHercParis4-20231012184424-2.4um-0.22m-78keV-volume-20260411134726-20260417190342-new_canon_autoresearch_recipe-tile256-stride128-ds8.jpg,PHercParis4,20231012184424,canon,2,12,1024,311,126,125,0.8203,0.8217,69,63,556.6,569.5,0.2381,0.2396
PHercParis4/segments/20231012184424/ink-detection/downsampled/PHercParis4-20231012184424-2.4um-0.22m-78keV-volume-20260411134726-20260417190342-new_canon_autoresearch_recipe-tile256-stride128-ds8.jpg,PHercParis4,20231012184424,canon,2,13,1024,311,126,125,0.7823,0.7839,56,50,595.0,854.3,0.2162,0.2185
PHercParis4/segments/20231012184424/ink-detection/downsampled/PHercParis4-20231012184424-2.4um-0.22m-78keV-volume-20260411134726-20260417190342-new_canon_autoresearch_recipe-tile256-stride128-ds8.jpg,PHercParis4,20231012184424,canon,2,14,1024,311,126,125,0.8128,0.8143,45,40,595.0,980.8,0.2118,0.2144
PHercParis4/segments/20231012184424/ink-detection/downsampled/PHercParis4-20231012184424-2.4um-0.22m-78keV-volume-20260411134726-20260417190342-new_canon_autoresearch_recipe-tile256-stride128-ds8.jpg,PHercParis4,20231012184424,canon,2,15,1024,311,126,125,0.8571,0.8561,55,50,844.4,1139.0,0.2048,0.2053
PHercParis4/segments/20231012184424/ink-detection/downsampled/PHercParis4-20231012184424-2.4um-0.22m-78keV-volume-20260411134726-20260417190342-new_canon_autoresearch_recipe-tile256-stride128-ds8.jpg,PHercParis4,20231012184424,canon,2,16,1024,311,126,125,0.9181,0.9296,60,54,595.0,696.1,0.1442,0.1478
PHercParis4/segments/20231012184424/ink-detection/downsampled/PHercParis4-20231012184424-2.4um-0.22m-78keV-volume-20260411134726-20260417190342-new_canon_autoresearch_recipe-tile256-stride128-ds8.jpg,PHercParis4,20231012184424,canon,3,1,1024,311,126,125,0.8771,0.8694,72,67,364.6,443.0,0.1262,0.1265
PHercParis4/segments/20231012184424/ink-detection/downsampled/PHercParis4-20231012184424-2.4um-0.22m-78keV-volume-20260411134726-20260417190342-new_canon_autoresearch_recipe-tile256-stride128-ds8.jpg,PHercParis4,20231012184424,canon,3,2,1024,311,126,125,0.7645,0.7566,83,78,345.5,348.0,0.077,0.0769
PHercParis4/segments/20231012184424/ink-detection/downsampled/PHercParis4-20231012184424-2.4um-0.22m-78keV-volume-20260411134726-20260417190342-new_canon_autoresearch_recipe-tile256-stride128-ds8.jpg,PHercParis4,20231012184424,canon,3,3,1024,311,126,125,0.8957,0.8868,81,77,441.4,443.0,0.1675,0.1677
PHercParis4/segments/20231012184424/ink-detection/downsampled/PHercParis4-20231012184424-2.4um-0.22m-78keV-volume-20260411134726-20260417190342-new_canon_autoresearch_recipe-tile256-stride128-ds8.jpg,PHercParis4,20231012184424,canon,3,4,1024,311,126,125,0.9255,0.9172,79,74,614.1,664.4,0.2138,0.2137
PHercParis4/segments/20231012184424/ink-detection/downsampled/PHercParis4-20231012184424-2.4um-0.22m-78keV-volume-20260411134726-20260417190342-new_canon_autoresearch_recipe-tile256-stride128-ds8.jpg,PHercParis4,20231012184424,canon,3,5,1024,311,126,125,0.9644,0.9556,65,64,614.1,696.1,0.2078,0.2075
PHercParis4/segments/20231012184424/ink-detection/downsampled/PHercParis4-20231012184424-2.4um-0.22m-78keV-volume-20260411134726-20260417190342-new_canon_autoresearch_recipe-tile256-stride128-ds8.jpg,PHercParis4,20231012184424,canon,3,6,1024,311,126,125,0.9515,0.9496,75,75,556.6,569.5,0.1843,0.1854
PHercParis4/segments/20231012184424/ink-detection/downsampled/PHercParis4-20231012184424-2.4um-0.22m-78keV-volume-20260411134726-20260417190342-new_canon_autoresearch_recipe-tile256-stride128-ds8.jpg,PHercParis4,20231012184424,canon,3,7,1024,311,126,125,0.9404,0.9294,88,82,479.8,506.2,0.1786,0.1807
PHercParis4/segments/20231012184424/ink-detection/downsampled/PHercParis4-20231012184424-2.4um-0.22m-78keV-volume-20260411134726-20260417190342-new_canon_autoresearch_recipe-tile256-stride128-ds8.jpg,PHercParis4,20231012184424,canon,3,8,1024,311,126,125,0.9437,0.9444,67,60,441.4,474.6,0.1684,0.1712
PHercParis4/segments/20231012184424/ink-detection/downsampled/PHercParis4-20231012184424-2.4um-0.22m-78keV-volume-20260411134726-20260417190342-new_canon_autoresearch_recipe-tile256-stride128-ds8.jpg,PHercParis4,20231012184424,canon,3,9,1024,311,126,125,0.8236,0.8258,67,61,383.8,379.7,0.0844,0.0856
PHercParis4/segments/20231012184424/ink-detection/downsampled/PHercParis4-20231012184424-2.4um-0.22m-78keV-volume-20260411134726-20260417190342-new_canon_autoresearch_recipe-tile256-stride128-ds8.jpg,PHercParis4,20231012184424,canon,3,10,1024,311,126,125,0.8368,0.8401,71,66,460.6,443.0,0.0918,0.0897
PHercParis4/segments/20231012184424/ink-detection/downsampled/PHercParis4-20231012184424-2.4um-0.22m-78keV-volume-20260411134726-20260417190342-new_canon_autoresearch_recipe-tile256-stride128-ds8.jpg,PHercParis4,20231012184424,canon,3,11,1024,311,126,125,0.9307,0.9321,77,72,575.8,569.5,0.1862,0.1841
PHercParis4/segments/20231012184424/ink-detection/downsampled/PHercParis4-20231012184424-2.4um-0.22m-78keV-volume-20260411134726-20260417190342-new_canon_autoresearch_recipe-tile256-stride128-ds8.jpg,PHercParis4,20231012184424,canon,3,12,1024,311,126,125,0.7926,0.7964,76,72,585.4,696.1,0.2116,0.2129
PHercParis4/segments/20231012184424/ink-detection/downsampled/PHercParis4-20231012184424-2.4um-0.22m-78keV-volume-20260411134726-20260417190342-new_canon_autoresearch_recipe-tile256-stride128-ds8.jpg,PHercParis4,20231012184424,canon,3,13,1024,311,126,125,0.5517,0.5477,61,58,575.8,664.4,0.1921,0.1925
PHercParis4/segments/20231012184424/ink-detection/downsampled/PHercParis4-20231012184424-2.4um-0.22m-78keV-volume-20260411134726-20260417190342-new_canon_autoresearch_recipe-tile256-stride128-ds8.jpg,PHercParis4,20231012184424,canon,3,14,1024,311,126,125,0.7808,0.7807,56,55,614.1,632.8,0.1975,0.1969
PHercParis4/segments/20231012184424/ink-detection/downsampled/PHercParis4-20231012184424-2.4um-0.22m-78keV-volume-20260411134726-20260417190342-new_canon_autoresearch_recipe-tile256-stride128-ds8.jpg,PHercParis4,20231012184424,canon,3,15,1024,311,126,125,0.7989,0.8129,57,50,710.1,885.9,0.2092,0.2105
PHercParis4/segments/20231012184424/ink-detection/downsampled/PHercParis4-20231012184424-2.4um-0.22m-78keV-volume-20260411134726-20260417190342-new_canon_autoresearch_recipe-tile256-stride128-ds8.jpg,PHercParis4,20231012184424,canon,3,16,1024,311,126,125,0.5011,0.5237,62,50,556.6,696.1,0.1593,0.1646
PHercParis4/segments/20231012184424/ink-detection/downsampled/PHercParis4-20231012184424-2.4um-0.22m-78keV-volume-20260411134726-20260417190342-new_canon_autoresearch_recipe-tile256-stride128-ds8.jpg,PHercParis4,20231012184424,canon,4,0,1024,311,126,125,0.612,0.6163,65,59,499.0,569.5,0.1286,0.1294
PHercParis4/segments/20231012184424/ink-detection/downsampled/PHercParis4-20231012184424-2.4um-0.22m-78keV-volume-20260411134726-20260417190342-new_canon_autoresearch_recipe-tile256-stride128-ds8.jpg,PHercParis4,20231012184424,canon,4,1,1024,311,126,125,0.7839,0.776,74,70,441.4,443.0,0.09,0.0905
PHercParis4/segments/20231012184424/ink-detection/downsampled/PHercParis4-20231012184424-2.4um-0.22m-78keV-volume-20260411134726-20260417190342-new_canon_autoresearch_recipe-tile256-stride128-ds8.jpg,PHercParis4,20231012184424,canon,4,2,1024,311,126,125,0.7959,0.7972,91,86,383.8,379.7,0.0835,0.0831
PHercParis4/segments/20231012184424/ink-detection/downsampled/PHercParis4-20231012184424-2.4um-0.22m-78keV-volume-20260411134726-20260417190342-new_canon_autoresearch_recipe-tile256-stride128-ds8.jpg,PHercParis4,20231012184424,canon,4,3,1024,311,126,125,0.93,0.9304,89,80,403.0,443.0,0.1861,0.1858
PHercParis4/segments/20231012184424/ink-detection/downsampled/PHercParis4-20231012184424-2.4um-0.22m-78keV-volume-20260411134726-20260417190342-new_canon_autoresearch_recipe-tile256-stride128-ds8.jpg,PHercParis4,20231012184424,canon,4,4,1024,311,126,125,0.8076,0.8018,61,54,499.0,569.5,0.2307,0.2312
PHercParis4/segments/20231012184424/ink-detection/downsampled/PHercParis4-20231012184424-2.4um-0.22m-78keV-volume-20260411134726-20260417190342-new_canon_autoresearch_recipe-tile256-stride128-ds8.jpg,PHercParis4,20231012184424,canon,4,5,1024,311,126,125,0.713,0.709,48,45,604.5,632.8,0.2327,0.2327
PHercParis4/segments/20231012184424/ink-detection/downsampled/PHercParis4-20231012184424-2.4um-0.22m-78keV-volume-20260411134726-20260417190342-new_canon_autoresearch_recipe-tile256-stride128-ds8.jpg,PHercParis4,20231012184424,canon,4,6,1024,311,126,125,0.9675,0.9706,58,57,470.2,443.0,0.2196,0.22
PHercParis4/segments/20231012184424/ink-detection/downsampled/PHercParis4-20231012184424-2.4um-0.22m-78keV-volume-20260411134726-20260417190342-new_canon_autoresearch_recipe-tile256-stride128-ds8.jpg,PHercParis4,20231012184424,canon,4,7,1024,311,126,125,0.7648,0.7662,65,59,422.2,569.5,0.2186,0.2203
PHercParis4/segments/20231012184424/ink-detection/downsampled/PHercParis4-20231012184424-2.4um-0.22m-78keV-volume-20260411134726-20260417190342-new_canon_autoresearch_recipe-tile256-stride128-ds8.jpg,PHercParis4,20231012184424,canon,4,8,1024,311,126,125,0.7895,0.7958,61,53,479.8,506.2,0.2109,0.2128
PHercParis4/segments/20231012184424/ink-detection/downsampled/PHercParis4-20231012184424-2.4um-0.22m-78keV-volume-20260411134726-20260417190342-new_canon_autoresearch_recipe-tile256-stride128-ds8.jpg,PHercParis4,20231012184424,canon,4,9,1024,311,126,125,0.5888,0.5961,81,74,403.0,379.7,0.1144,0.1153
PHercParis4/segments/20231012184424/ink-detection/downsampled/PHercParis4-20231012184424-2.4um-0.22m-78keV-volume-20260411134726-20260417190342-new_canon_autoresearch_recipe-tile256-stride128-ds8.jpg,PHercParis4,20231012184424,canon,4,10,1024,311,126,125,0.8167,0.8204,83,76,460.6,474.6,0.108,0.1067
PHercParis4/segments/20231012184424/ink-detection/downsampled/PHercParis4-20231012184424-2.4um-0.22m-78keV-volume-20260411134726-20260417190342-new_canon_autoresearch_recipe-tile256-stride128-ds8.jpg,PHercParis4,20231012184424,canon,4,11,1024,311,126,125,0.9269,0.7814,72,65,575.8,569.5,0.2072,0.205
PHercParis4/segments/20231012184424/ink-detection/downsampled/PHercParis4-20231012184424-2.4um-0.22m-78keV-volume-20260411134726-20260417190342-new_canon_autoresearch_recipe-tile256-stride128-ds8.jpg,PHercParis4,20231012184424,canon,4,12,1024,311,126,125,0.961,0.8163,59,56,595.0,569.5,0.2472,0.2484
PHercParis4/segments/20231012184424/ink-detection/downsampled/PHercParis4-20231012184424-2.4um-0.22m-78keV-volume-20260411134726-20260417190342-new_canon_autoresearch_recipe-tile256-stride128-ds8.jpg,PHercParis4,20231012184424,canon,4,13,1024,311,126,125,0.7946,0.7938,52,48,585.4,601.2,0.2321,0.2323
PHercParis4/segments/20231012184424/ink-detection/downsampled/PHercParis4-20231012184424-2.4um-0.22m-78keV-volume-20260411134726-20260417190342-new_canon_autoresearch_recipe-tile256-stride128-ds8.jpg,PHercParis4,20231012184424,canon,4,14,1024,311,126,125,0.8447,0.8447,53,50,575.8,664.4,0.233,0.2301
PHercParis4/segments/20231012184424/ink-detection/downsampled/PHercParis4-20231012184424-2.4um-0.22m-78keV-volume-20260411134726-20260417190342-new_canon_autoresearch_recipe-tile256-stride128-ds8.jpg,PHercParis4,20231012184424,canon,4,15,1024,311,126,125,0.6704,0.679,50,46,566.2,601.2,0.2376,0.2364
PHercParis4/segments/20231012184424/ink-detection/downsampled/PHercParis4-20231012184424-2.4um-0.22m-78keV-volume-20260411134726-20260417190342-new_canon_autoresearch_recipe-tile256-stride128-ds8.jpg,PHercParis4,20231012184424,canon,4,16,1024,311,126,125,0.3969,0.4233,55,49,499.0,506.2,0.186,0.192
PHercParis4/segments/20231012184424/ink-detection/downsampled/PHercParis4-20231012184424-2.4um-0.22m-78keV-volume-20260411134726-20260417190342-new_canon_autoresearch_recipe-tile256-stride128-ds8.jpg,PHercParis4,20231012184424,canon,5,0,1024,311,126,125,0.635,0.6325,84,79,489.4,506.2,0.1493,0.1487
PHercParis4/segments/20231012184424/ink-detection/downsampled/PHercParis4-20231012184424-2.4um-0.22m-78keV-volume-20260411134726-20260417190342-new_canon_autoresearch_recipe-tile256-stride128-ds8.jpg,PHercParis4,20231012184424,canon,5,1,1024,311,126,125,0.7319,0.7356,88,85,460.6,443.0,0.094,0.0937
PHercParis4/segments/20231012184424/ink-detection/downsampled/PHercParis4-20231012184424-2.4um-0.22m-78keV-volume-20260411134726-20260417190342-new_canon_autoresearch_recipe-tile256-stride128-ds8.jpg,PHercParis4,20231012184424,canon,5,2,1024,311,126,125,0.8025,0.8049,94,90,422.2,443.0,0.1065,0.1062
PHercParis4/segments/20231012184424/ink-detection/downsampled/PHercParis4-20231012184424-2.4um-0.22m-78keV-volume-20260411134726-20260417190342-new_canon_autoresearch_recipe-tile256-stride128-ds8.jpg,PHercParis4,20231012184424,canon,5,3,1024,311,126,125,0.6467,0.7318,83,79,460.6,506.2,0.1925,0.192
PHercParis4/segments/20231012184424/ink-detection/downsampled/PHercParis4-20231012184424-2.4um-0.22m-78keV-volume-20260411134726-20260417190342-new_canon_autoresearch_recipe-tile256-stride128-ds8.jpg,PHercParis4,20231012184424,canon,5,4,1024,311,126,125,0.8569,0.9347,80,75,556.6,569.5,0.2145,0.216
PHercParis4/segments/20231012184424/ink-detection/downsampled/PHercParis4-20231012184424-2.4um-0.22m-78keV-volume-20260411134726-20260417190342-new_canon_autoresearch_recipe-tile256-stride128-ds8.jpg,PHercParis4,20231012184424,canon,5,5,1024,311,126,125,0.7942,0.7948,74,70,595.0,601.2,0.2132,0.2156
PHercParis4/segments/20231012184424/ink-detection/downsampled/PHercParis4-20231012184424-2.4um-0.22m-78keV-volume-20260411134726-20260417190342-new_canon_autoresearch_recipe-tile256-stride128-ds8.jpg,PHercParis4,20231012184424,canon,5,6,1024,311,126,125,0.7805,0.7874,57,54,614.1,664.4,0.1978,0.1991
PHercParis4/segments/20231012184424/ink-detection/downsampled/PHercParis4-20231012184424-2.4um-0.22m-78keV-volume-20260411134726-20260417190342-new_canon_autoresearch_recipe-tile256-stride128-ds8.jpg,PHercParis4,20231012184424,canon,5,7,1024,311,126,125,0.4729,0.4809,58,54,537.4,601.2,0.173,0.174
PHercParis4/segments/20231012184424/ink-detection/downsampled/PHercParis4-20231012184424-2.4um-0.22m-78keV-volume-20260411134726-20260417190342-new_canon_autoresearch_recipe-tile256-stride128-ds8.jpg,PHercParis4,20231012184424,canon,5,8,1024,311,126,125,0.67,0.6801,81,74,499.0,506.2,0.1514,0.1532
PHercParis4/segments/20231012184424/ink-detection/downsampled/PHercParis4-20231012184424-2.4um-0.22m-78keV-volume-20260411134726-20260417190342-new_canon_autoresearch_recipe-tile256-stride128-ds8.jpg,PHercParis4,20231012184424,canon,5,9,1024,311,126,125,0.4209,0.4229,97,92,479.8,506.2,0.0929,0.0945
PHercParis4/segments/20231012184424/ink-detection/downsampled/PHercParis4-20231012184424-2.4um-0.22m-78keV-volume-20260411134726-20260417190342-new_canon_autoresearch_recipe-tile256-stride128-ds8.jpg,PHercParis4,20231012184424,canon,5,10,1024,311,126,125,0.7418,0.742,88,78,460.6,506.2,0.0841,0.0837
PHercParis4/segments/20231012184424/ink-detection/downsampled/PHercParis4-20231012184424-2.4um-0.22m-78keV-volume-20260411134726-20260417190342-new_canon_autoresearch_recipe-tile256-stride128-ds8.jpg,PHercParis4,20231012184424,canon,5,11,1024,311,126,125,0.9292,0.7342,68,57,518.2,632.8,0.1641,0.1635
PHercParis4/segments/20231012184424/ink-detection/downsampled/PHercParis4-20231012184424-2.4um-0.22m-78keV-volume-20260411134726-20260417190342-new_canon_autoresearch_recipe-tile256-stride128-ds8.jpg,PHercParis4,20231012184424,canon,5,12,1024,311,126,125,0.9539,0.7837,64,63,623.7,506.2,0.2064,0.2087
PHercParis4/segments/20231012184424/ink-detection/downsampled/PHercParis4-20231012184424-2.4um-0.22m-78keV-volume-20260411134726-20260417190342-new_canon_autoresearch_recipe-tile256-stride128-ds8.jpg,PHercParis4,20231012184424,canon,5,13,1024,311,126,125,0.9469,0.9498,67,60,786.9,917.6,0.1931,0.1942
PHercParis4/segments/20231012184424/ink-detection/downsampled/PHercParis4-20231012184424-2.4um-0.22m-78keV-volume-20260411134726-20260417190342-new_canon_autoresearch_recipe-tile256-stride128-ds8.jpg,PHercParis4,20231012184424,canon,5,14,1024,311,126,125,0.9414,0.9483,64,62,777.3,980.8,0.1862,0.1841
PHercParis4/segments/20231012184424/ink-detection/downsampled/PHercParis4-20231012184424-2.4um-0.22m-78keV-volume-20260411134726-20260417190342-new_canon_autoresearch_recipe-tile256-stride128-ds8.jpg,PHercParis4,20231012184424,canon,5,15,1024,311,126,125,0.8334,0.8343,62,63,710.1,632.8,0.1855,0.1835
PHercParis4/segments/20231012184424/ink-detection/downsampled/PHercParis4-20231012184424-2.4um-0.22m-78keV-volume-20260411134726-20260417190342-new_canon_autoresearch_recipe-tile256-stride128-ds8.jpg,PHercParis4,20231012184424,canon,5,16,1024,311,126,125,0.4352,0.4504,55,53,556.6,569.5,0.1425,0.1463
PHercParis4/segments/20231012184424/ink-detection/downsampled/PHercParis4-20231012184424-2.4um-0.22m-78keV-volume-20260411134726-20260417190342-new_canon_autoresearch_recipe-tile256-stride128-ds8.jpg,PHercParis4,20231012184424,canon,6,0,1024,311,126,125,0.6979,0.6972,64,65,499.0,443.0,0.1485,0.149
PHercParis4/segments/20231012184424/ink-detection/downsampled/PHercParis4-20231012184424-2.4um-0.22m-78keV-volume-20260411134726-20260417190342-new_canon_autoresearch_recipe-tile256-stride128-ds8.jpg,PHercParis4,20231012184424,canon,6,1,1024,311,126,125,0.7736,0.7743,68,67,422.2,443.0,0.0715,0.0719
PHercParis4/segments/20231012184424/ink-detection/downsampled/PHercParis4-20231012184424-2.4um-0.22m-78keV-volume-20260411134726-20260417190342-new_canon_autoresearch_recipe-tile256-stride128-ds8.jpg,PHercParis4,20231012184424,canon,6,2,1024,311,126,125,0.8588,0.8594,68,64,412.6,443.0,0.1051,0.1049
PHercParis4/segments/20231012184424/ink-detection/downsampled/PHercParis4-20231012184424-2.4um-0.22m-78keV-volume-20260411134726-20260417190342-new_canon_autoresearch_recipe-tile256-stride128-ds8.jpg,PHercParis4,20231012184424,canon,6,3,1024,311,126,125,0.564,0.5625,61,60,537.4,569.5,0.1886,0.1876
PHercParis4/segments/20231012184424/ink-detection/downsampled/PHercParis4-20231012184424-2.4um-0.22m-78keV-volume-20260411134726-20260417190342-new_canon_autoresearch_recipe-tile256-stride128-ds8.jpg,PHercParis4,20231012184424,canon,6,4,1024,311,126,125,0.58,0.5813,72,71,499.0,506.2,0.188,0.1882
PHercParis4/segments/20231012184424/ink-detection/downsampled/PHercParis4-20231012184424-2.4um-0.22m-78keV-volume-20260411134726-20260417190342-new_canon_autoresearch_recipe-tile256-stride128-ds8.jpg,PHercParis4,20231012184424,canon,6,5,1024,311,126,125,0.7183,0.7227,71,66,575.8,569.5,0.1714,0.172
PHercParis4/segments/20231012184424/ink-detection/downsampled/PHercParis4-20231012184424-2.4um-0.22m-78keV-volume-20260411134726-20260417190342-new_canon_autoresearch_recipe-tile256-stride128-ds8.jpg,PHercParis4,20231012184424,canon,6,6,1024,311,126,125,0.7226,0.7292,65,61,575.8,569.5,0.1646,0.1643
PHercParis4/segments/20231012184424/ink-detection/downsampled/PHercParis4-20231012184424-2.4um-0.22m-78keV-volume-20260411134726-20260417190342-new_canon_autoresearch_recipe-tile256-stride128-ds8.jpg,PHercParis4,20231012184424,canon,6,7,1024,311,126,125,0.7044,0.7098,60,57,556.6,569.5,0.1609,0.1621
PHercParis4/segments/20231012184424/ink-detection/downsampled/PHercParis4-20231012184424-2.4um-0.22m-78keV-volume-20260411134726-20260417190342-new_canon_autoresearch_recipe-tile256-stride128-ds8.jpg,PHercParis4,20231012184424,canon,6,8,1024,311,126,125,0.8601,0.8642,78,72,441.4,443.0,0.1163,0.1177
PHercParis4/segments/20231012184424/ink-detection/downsampled/PHercParis4-20231012184424-2.4um-0.22m-78keV-volume-20260411134726-20260417190342-new_canon_autoresearch_recipe-tile256-stride128-ds8.jpg,PHercParis4,20231012184424,canon,6,9,1024,311,126,125,0.5686,0.5616,88,85,403.0,443.0,0.0516,0.0525
PHercParis4/segments/20231012184424/ink-detection/downsampled/PHercParis4-20231012184424-2.4um-0.22m-78keV-volume-20260411134726-20260417190342-new_canon_autoresearch_recipe-tile256-stride128-ds8.jpg,PHercParis4,20231012184424,canon,6,10,1024,311,126,125,0.4981,0.7652,77,73,441.4,443.0,0.0834,0.0816
PHercParis4/segments/20231012184424/ink-detection/downsampled/PHercParis4-20231012184424-2.4um-0.22m-78keV-volume-20260411134726-20260417190342-new_canon_autoresearch_recipe-tile256-stride128-ds8.jpg,PHercParis4,20231012184424,canon,6,11,1024,311,126,125,0.5472,0.5371,60,56,441.4,474.6,0.1778,0.1753
PHercParis4/segments/20231012184424/ink-detection/downsampled/PHercParis4-20231012184424-2.4um-0.22m-78keV-volume-20260411134726-20260417190342-new_canon_autoresearch_recipe-tile256-stride128-ds8.jpg,PHercParis4,20231012184424,canon,6,12,1024,311,126,125,0.7332,0.7324,59,60,518.2,506.2,0.201,0.2005
PHercParis4/segments/20231012184424/ink-detection/downsampled/PHercParis4-20231012184424-2.4um-0.22m-78keV-volume-20260411134726-20260417190342-new_canon_autoresearch_recipe-tile256-stride128-ds8.jpg,PHercParis4,20231012184424,canon,6,13,1024,311,126,125,0.9486,0.8256,56,53,834.9,759.4,0.1887,0.1874
PHercParis4/segments/20231012184424/ink-detection/downsampled/PHercParis4-20231012184424-2.4um-0.22m-78keV-volume-20260411134726-20260417190342-new_canon_autoresearch_recipe-tile256-stride128-ds8.jpg,PHercParis4,20231012184424,canon,6,14,1024,311,126,125,0.9534,0.8132,54,51,969.2,1012.5,0.2008,0.1985
PHercParis4/segments/20231012184424/ink-detection/downsampled/PHercParis4-20231012184424-2.4um-0.22m-78keV-volume-20260411134726-20260417190342-new_canon_autoresearch_recipe-tile256-stride128-ds8.jpg,PHercParis4,20231012184424,canon,6,15,1024,311,126,125,0.8499,0.8491,53,53,882.8,885.9,0.2163,0.2161
PHercParis4/segments/20231012184424/ink-detection/downsampled/PHercParis4-20231012184424-2.4um-0.22m-78keV-volume-20260411134726-20260417190342-new_canon_autoresearch_recipe-tile256-stride128-ds8.jpg,PHercParis4,20231012184424,canon,6,16,1024,311,126,125,0.6738,0.6808,34,29,767.7,949.2,0.1495,0.1528
PHercParis4/segments/20231012184424/ink-detection/downsampled/PHercParis4-20231012184424-2.4um-0.22m-78keV-volume-20260411134726-20260417190342-new_canon_autoresearch_recipe-tile256-stride128-ds8.jpg,PHercParis4,20231012184424,canon,7,0,1024,311,126,125,0.9148,0.9148,69,66,403.0,443.0,0.1232,0.1233
PHercParis4/segments/20231012184424/ink-detection/downsampled/PHercParis4-20231012184424-2.4um-0.22m-78keV-volume-20260411134726-20260417190342-new_canon_autoresearch_recipe-tile256-stride128-ds8.jpg,PHercParis4,20231012184424,canon,7,1,1024,311,126,125,0.721,0.7322,62,60,374.2,379.7,0.0394,0.0398
PHercParis4/segments/20231012184424/ink-detection/downsampled/PHercParis4-20231012184424-2.4um-0.22m-78keV-volume-20260411134726-20260417190342-new_canon_autoresearch_recipe-tile256-stride128-ds8.jpg,PHercParis4,20231012184424,canon,7,2,1024,311,126,125,0.8999,0.899,62,58,383.8,379.7,0.0894,0.0893
PHercParis4/segments/20231012184424/ink-detection/downsampled/PHercParis4-20231012184424-2.4um-0.22m-78keV-volume-20260411134726-20260417190342-new_canon_autoresearch_recipe-tile256-stride128-ds8.jpg,PHercParis4,20231012184424,canon,7,3,1024,311,126,125,0.7,0.7126,74,66,595.0,696.1,0.17,0.1704
PHercParis4/segments/20231012184424/ink-detection/downsampled/PHercParis4-20231012184424-2.4um-0.22m-78keV-volume-20260411134726-20260417190342-new_canon_autoresearch_recipe-tile256-stride128-ds8.jpg,PHercParis4,20231012184424,canon,7,4,1024,311,126,125,0.9189,0.9316,74,68,556.6,664.4,0.1714,0.1726
PHercParis4/segments/20231012184424/ink-detection/downsampled/PHercParis4-20231012184424-2.4um-0.22m-78keV-volume-20260411134726-20260417190342-new_canon_autoresearch_recipe-tile256-stride128-ds8.jpg,PHercParis4,20231012184424,canon,7,5,1024,311,126,125,0.9087,0.9164,67,61,671.7,759.4,0.1469,0.1468
PHercParis4/segments/20231012184424/ink-detection/downsampled/PHercParis4-20231012184424-2.4um-0.22m-78keV-volume-20260411134726-20260417190342-new_canon_autoresearch_recipe-tile256-stride128-ds8.jpg,PHercParis4,20231012184424,canon,7,6,1024,311,126,125,0.8855,0.8941,74,70,652.5,664.4,0.1336,0.133
PHercParis4/segments/20231012184424/ink-detection/downsampled/PHercParis4-20231012184424-2.4um-0.22m-78keV-volume-20260411134726-20260417190342-new_canon_autoresearch_recipe-tile256-stride128-ds8.jpg,PHercParis4,20231012184424,canon,7,7,1024,311,126,125,0.9167,0.9185,75,72,575.8,569.5,0.1581,0.1593
PHercParis4/segments/20231012184424/ink-detection/downsampled/PHercParis4-20231012184424-2.4um-0.22m-78keV-volume-20260411134726-20260417190342-new_canon_autoresearch_recipe-tile256-stride128-ds8.jpg,PHercParis4,20231012184424,canon,7,8,1024,311,126,125,0.6896,0.6859,72,69,537.4,569.5,0.1486,0.1475
PHercParis4/segments/20231012184424/ink-detection/downsampled/PHercParis4-20231012184424-2.4um-0.22m-78keV-volume-20260411134726-20260417190342-new_canon_autoresearch_recipe-tile256-stride128-ds8.jpg,PHercParis4,20231012184424,canon,7,9,1024,311,126,125,0.7527,0.7469,70,67,451.0,506.2,0.0718,0.0717
PHercParis4/segments/20231012184424/ink-detection/downsampled/PHercParis4-20231012184424-2.4um-0.22m-78keV-volume-20260411134726-20260417190342-new_canon_autoresearch_recipe-tile256-stride128-ds8.jpg,PHercParis4,20231012184424,canon,7,10,1024,311,126,125,0.5954,0.8259,64,63,508.6,506.2,0.0965,0.096
PHercParis4/segments/20231012184424/ink-detection/downsampled/PHercParis4-20231012184424-2.4um-0.22m-78keV-volume-20260411134726-20260417190342-new_canon_autoresearch_recipe-tile256-stride128-ds8.jpg,PHercParis4,20231012184424,canon,7,11,1024,311,126,125,0.5926,0.578,71,69,499.0,506.2,0.2027,0.2022
PHercParis4/segments/20231012184424/ink-detection/downsampled/PHercParis4-20231012184424-2.4um-0.22m-78keV-volume-20260411134726-20260417190342-new_canon_autoresearch_recipe-tile256-stride128-ds8.jpg,PHercParis4,20231012184424,canon,7,12,1024,311,126,125,0.7647,0.7579,77,74,499.0,506.2,0.2254,0.2295
PHercParis4/segments/20231012184424/ink-detection/downsampled/PHercParis4-20231012184424-2.4um-0.22m-78keV-volume-20260411134726-20260417190342-new_canon_autoresearch_recipe-tile256-stride128-ds8.jpg,PHercParis4,20231012184424,canon,7,13,1024,311,126,125,0.9409,0.8204,63,60,595.0,569.5,0.2002,0.203
PHercParis4/segments/20231012184424/ink-detection/downsampled/PHercParis4-20231012184424-2.4um-0.22m-78keV-volume-20260411134726-20260417190342-new_canon_autoresearch_recipe-tile256-stride128-ds8.jpg,PHercParis4,20231012184424,canon,7,14,1024,311,126,125,0.8028,0.6566,51,47,825.3,759.4,0.1881,0.1915
PHercParis4/segments/20231012184424/ink-detection/downsampled/PHercParis4-20231012184424-2.4um-0.22m-78keV-volume-20260411134726-20260417190342-new_canon_autoresearch_recipe-tile256-stride128-ds8.jpg,PHercParis4,20231012184424,canon,7,15,1024,311,126,125,0.7589,0.7672,53,49,690.9,696.1,0.1991,0.2047
PHercParis4/segments/20231012184424/ink-detection/downsampled/PHercParis4-20231012184424-2.4um-0.22m-78keV-volume-20260411134726-20260417190342-new_canon_autoresearch_recipe-tile256-stride128-ds8.jpg,PHercParis4,20231012184424,canon,7,16,1024,311,126,125,0.6584,0.6642,37,34,556.6,664.4,0.1194,0.1238
PHercParis4/segments/20231012184424/ink-detection/downsampled/PHercParis4-20231012184424-2.4um-0.22m-78keV-volume-20260411134726-20260417190342-new_canon_autoresearch_recipe-tile256-stride128-ds8.jpg,PHercParis4,20231012184424,canon,8,0,1024,311,126,125,0.8953,0.8979,65,59,422.2,443.0,0.126,0.1254
PHercParis4/segments/20231012184424/ink-detection/downsampled/PHercParis4-20231012184424-2.4um-0.22m-78keV-volume-20260411134726-20260417190342-new_canon_autoresearch_recipe-tile256-stride128-ds8.jpg,PHercParis4,20231012184424,canon,8,1,1024,311,126,125,0.6844,0.6874,79,78,364.6,348.0,0.0556,0.0556
PHercParis4/segments/20231012184424/ink-detection/downsampled/PHercParis4-20231012184424-2.4um-0.22m-78keV-volume-20260411134726-20260417190342-new_canon_autoresearch_recipe-tile256-stride128-ds8.jpg,PHercParis4,20231012184424,canon,8,2,1024,311,126,125,0.848,0.8451,72,72,451.0,443.0,0.114,0.1138
PHercParis4/segments/20231012184424/ink-detection/downsampled/PHercParis4-20231012184424-2.4um-0.22m-78keV-volume-20260411134726-20260417190342-new_canon_autoresearch_recipe-tile256-stride128-ds8.jpg,PHercParis4,20231012184424,canon,8,3,1024,311,126,125,0.5453,0.5402,61,57,499.0,569.5,0.2034,0.2037
PHercParis4/segments/20231012184424/ink-detection/downsampled/PHercParis4-20231012184424-2.4um-0.22m-78keV-volume-20260411134726-20260417190342-new_canon_autoresearch_recipe-tile256-stride128-ds8.jpg,PHercParis4,20231012184424,canon,8,4,1024,311,126,125,0.7314,0.7295,69,64,460.6,569.5,0.2303,0.2312
PHercParis4/segments/20231012184424/ink-detection/downsampled/PHercParis4-20231012184424-2.4um-0.22m-78keV-volume-20260411134726-20260417190342-new_canon_autoresearch_recipe-tile256-stride128-ds8.jpg,PHercParis4,20231012184424,canon,8,5,1024,311,126,125,0.9301,0.9301,69,65,690.9,759.4,0.1915,0.192
PHercParis4/segments/20231012184424/ink-detection/downsampled/PHercParis4-20231012184424-2.4um-0.22m-78keV-volume-20260411134726-20260417190342-new_canon_autoresearch_recipe-tile256-stride128-ds8.jpg,PHercParis4,20231012184424,canon,8,6,1024,311,126,125,0.903,0.9026,67,63,652.5,696.1,0.1438,0.1427
PHercParis4/segments/20231012184424/ink-detection/downsampled/PHercParis4-20231012184424-2.4um-0.22m-78keV-volume-20260411134726-20260417190342-new_canon_autoresearch_recipe-tile256-stride128-ds8.jpg,PHercParis4,20231012184424,canon,8,7,1024,311,126,125,0.9321,0.9308,68,63,537.4,569.5,0.173,0.1718
PHercParis4/segments/20231012184424/ink-detection/downsampled/PHercParis4-20231012184424-2.4um-0.22m-78keV-volume-20260411134726-20260417190342-new_canon_autoresearch_recipe-tile256-stride128-ds8.jpg,PHercParis4,20231012184424,canon,8,8,1024,311,126,125,0.7813,0.7832,76,73,604.5,632.8,0.2106,0.2102
PHercParis4/segments/20231012184424/ink-detection/downsampled/PHercParis4-20231012184424-2.4um-0.22m-78keV-volume-20260411134726-20260417190342-new_canon_autoresearch_recipe-tile256-stride128-ds8.jpg,PHercParis4,20231012184424,canon,8,9,1024,311,126,125,0.8548,0.8678,77,76,595.0,569.5,0.1268,0.1283
PHercParis4/segments/20231012184424/ink-detection/downsampled/PHercParis4-20231012184424-2.4um-0.22m-78keV-volume-20260411134726-20260417190342-new_canon_autoresearch_recipe-tile256-stride128-ds8.jpg,PHercParis4,20231012184424,canon,8,10,1024,311,126,125,0.844,0.8566,73,70,556.6,569.5,0.1005,0.1009
PHercParis4/segments/20231012184424/ink-detection/downsampled/PHercParis4-20231012184424-2.4um-0.22m-78keV-volume-20260411134726-20260417190342-new_canon_autoresearch_recipe-tile256-stride128-ds8.jpg,PHercParis4,20231012184424,canon,8,11,1024,311,126,125,0.8988,0.8986,84,78,547.0,537.9,0.179,0.1778
PHercParis4/segments/20231012184424/ink-detection/downsampled/PHercParis4-20231012184424-2.4um-0.22m-78keV-volume-20260411134726-20260417190342-new_canon_autoresearch_recipe-tile256-stride128-ds8.jpg,PHercParis4,20231012184424,canon,8,12,1024,311,126,125,0.8901,0.8893,91,85,556.6,632.8,0.1976,0.199
PHercParis4/segments/20231012184424/ink-detection/downsampled/PHercParis4-20231012184424-2.4um-0.22m-78keV-volume-20260411134726-20260417190342-new_canon_autoresearch_recipe-tile256-stride128-ds8.jpg,PHercParis4,20231012184424,canon,8,13,1024,311,126,125,0.9192,0.9194,69,66,710.1,696.1,0.1805,0.1781
PHercParis4/segments/20231012184424/ink-detection/downsampled/PHercParis4-20231012184424-2.4um-0.22m-78keV-volume-20260411134726-20260417190342-new_canon_autoresearch_recipe-tile256-stride128-ds8.jpg,PHercParis4,20231012184424,canon,8,14,1024,311,126,125,0.3966,0.3952,59,56,671.7,696.1,0.1561,0.1566
PHercParis4/segments/20231012184424/ink-detection/downsampled/PHercParis4-20231012184424-2.4um-0.22m-78keV-volume-20260411134726-20260417190342-new_canon_autoresearch_recipe-tile256-stride128-ds8.jpg,PHercParis4,20231012184424,canon,8,15,1024,311,126,125,0.7149,0.7356,65,55,499.0,632.8,0.1686,0.172
PHercParis4/segments/20231012184424/ink-detection/downsampled/PHercParis4-20231012184424-2.4um-0.22m-78keV-volume-20260411134726-20260417190342-new_canon_autoresearch_recipe-tile256-stride128-ds8.jpg,PHercParis4,20231012184424,canon,8,16,1024,311,126,125,0.6076,0.6029,39,38,441.4,443.0,0.1043,0.1048
PHercParis4/segments/20231012184424/ink-detection/downsampled/PHercParis4-20231012184424-2.4um-0.22m-78keV-volume-20260411134726-20260417190342-new_canon_autoresearch_recipe-tile256-stride128-ds8.jpg,PHercParis4,20231012184424,canon,9,0,1024,311,126,125,0.8362,0.828,62,57,431.8,506.2,0.0944,0.0962
PHercParis4/segments/20231012184424/ink-detection/downsampled/PHercParis4-20231012184424-2.4um-0.22m-78keV-volume-20260411134726-20260417190342-new_canon_autoresearch_recipe-tile256-stride128-ds8.jpg,PHercParis4,20231012184424,canon,9,1,1024,311,126,125,0.5802,0.5888,64,61,374.2,379.7,0.0361,0.0363
PHercParis4/segments/20231012184424/ink-detection/downsampled/PHercParis4-20231012184424-2.4um-0.22m-78keV-volume-20260411134726-20260417190342-new_canon_autoresearch_recipe-tile256-stride128-ds8.jpg,PHercParis4,20231012184424,canon,9,2,1024,311,126,125,0.7747,0.8591,56,56,470.2,443.0,0.102,0.1006
PHercParis4/segments/20231012184424/ink-detection/downsampled/PHercParis4-20231012184424-2.4um-0.22m-78keV-volume-20260411134726-20260417190342-new_canon_autoresearch_recipe-tile256-stride128-ds8.jpg,PHercParis4,20231012184424,canon,9,3,1024,311,126,125,0.5354,0.5659,58,56,499.0,537.9,0.2008,0.1984
PHercParis4/segments/20231012184424/ink-detection/downsampled/PHercParis4-20231012184424-2.4um-0.22m-78keV-volume-20260411134726-20260417190342-new_canon_autoresearch_recipe-tile256-stride128-ds8.jpg,PHercParis4,20231012184424,canon,9,4,1024,311,126,125,0.7599,0.7492,74,68,633.3,727.7,0.2355,0.2349
PHercParis4/segments/20231012184424/ink-detection/downsampled/PHercParis4-20231012184424-2.4um-0.22m-78keV-volume-20260411134726-20260417190342-new_canon_autoresearch_recipe-tile256-stride128-ds8.jpg,PHercParis4,20231012184424,canon,9,5,1024,311,126,125,0.9057,0.9032,87,76,690.9,885.9,0.2038,0.2059
PHercParis4/segments/20231012184424/ink-detection/downsampled/PHercParis4-20231012184424-2.4um-0.22m-78keV-volume-20260411134726-20260417190342-new_canon_autoresearch_recipe-tile256-stride128-ds8.jpg,PHercParis4,20231012184424,canon,9,6,1024,311,126,125,0.893,0.8873,77,69,652.5,759.4,0.1561,0.1578
PHercParis4/segments/20231012184424/ink-detection/downsampled/PHercParis4-20231012184424-2.4um-0.22m-78keV-volume-20260411134726-20260417190342-new_canon_autoresearch_recipe-tile256-stride128-ds8.jpg,PHercParis4,20231012184424,canon,9,7,1024,311,126,125,0.9283,0.9297,66,64,690.9,696.1,0.1586,0.1579
PHercParis4/segments/20231012184424/ink-detection/downsampled/PHercParis4-20231012184424-2.4um-0.22m-78keV-volume-20260411134726-20260417190342-new_canon_autoresearch_recipe-tile256-stride128-ds8.jpg,PHercParis4,20231012184424,canon,9,8,1024,311,126,125,0.8752,0.8813,83,79,614.1,632.8,0.1557,0.1577
PHercParis4/segments/20231012184424/ink-detection/downsampled/PHercParis4-20231012184424-2.4um-0.22m-78keV-volume-20260411134726-20260417190342-new_canon_autoresearch_recipe-tile256-stride128-ds8.jpg,PHercParis4,20231012184424,canon,9,9,1024,311,126,125,0.7593,0.7839,81,74,518.2,569.5,0.0864,0.0893
PHercParis4/segments/20231012184424/ink-detection/downsampled/PHercParis4-20231012184424-2.4um-0.22m-78keV-volume-20260411134726-20260417190342-new_canon_autoresearch_recipe-tile256-stride128-ds8.jpg,PHercParis4,20231012184424,canon,9,10,1024,311,126,125,0.8776,0.8798,67,59,518.2,569.5,0.1258,0.1239
PHercParis4/segments/20231012184424/ink-detection/downsampled/PHercParis4-20231012184424-2.4um-0.22m-78keV-volume-20260411134726-20260417190342-new_canon_autoresearch_recipe-tile256-stride128-ds8.jpg,PHercParis4,20231012184424,canon,9,11,1024,311,126,125,0.9409,0.9388,69,63,518.2,569.5,0.2096,0.2076
PHercParis4/segments/20231012184424/ink-detection/downsampled/PHercParis4-20231012184424-2.4um-0.22m-78keV-volume-20260411134726-20260417190342-new_canon_autoresearch_recipe-tile256-stride128-ds8.jpg,PHercParis4,20231012184424,canon,9,12,1024,311,126,125,0.9255,0.9253,76,72,633.3,632.8,0.2158,0.2181
PHercParis4/segments/20231012184424/ink-detection/downsampled/PHercParis4-20231012184424-2.4um-0.22m-78keV-volume-20260411134726-20260417190342-new_canon_autoresearch_recipe-tile256-stride128-ds8.jpg,PHercParis4,20231012184424,canon,9,13,1024,311,126,125,0.9677,0.9652,51,47,1093.9,1139.0,0.2157,0.2138
PHercParis4/segments/20231012184424/ink-detection/downsampled/PHercParis4-20231012184424-2.4um-0.22m-78keV-volume-20260411134726-20260417190342-new_canon_autoresearch_recipe-tile256-stride128-ds8.jpg,PHercParis4,20231012184424,canon,9,14,1024,311,126,125,0.5074,0.5052,42,40,950.0,822.6,0.2005,0.2023
PHercParis4/segments/20231012184424/ink-detection/downsampled/PHercParis4-20231012184424-2.4um-0.22m-78keV-volume-20260411134726-20260417190342-new_canon_autoresearch_recipe-tile256-stride128-ds8.jpg,PHercParis4,20231012184424,canon,9,15,1024,311,126,125,0.7886,0.7993,48,40,652.5,759.4,0.1996,0.2048
PHercParis4/segments/20231012184424/ink-detection/downsampled/PHercParis4-20231012184424-2.4um-0.22m-78keV-volume-20260411134726-20260417190342-new_canon_autoresearch_recipe-tile256-stride128-ds8.jpg,PHercParis4,20231012184424,canon,9,16,1024,311,126,125,0.944,0.939,35,33,499.0,569.5,0.1126,0.114
PHercParis4/segments/20231012184424/ink-detection/downsampled/PHercParis4-20231012184424-2.4um-0.22m-78keV-volume-20260411134726-20260417190342-new_canon_autoresearch_recipe-tile256-stride128-ds8.jpg,PHercParis4,20231012184424,canon,10,0,1024,311,126,125,0.7761,0.7622,80,75,355.1,379.7,0.0799,0.0789
PHercParis4/segments/20231012184424/ink-detection/downsampled/PHercParis4-20231012184424-2.4um-0.22m-78keV-volume-20260411134726-20260417190342-new_canon_autoresearch_recipe-tile256-stride128-ds8.jpg,PHercParis4,20231012184424,canon,10,1,1024,311,126,125,0.416,0.3518,65,61,364.6,379.7,0.0227,0.0226
PHercParis4/segments/20231012184424/ink-detection/downsampled/PHercParis4-20231012184424-2.4um-0.22m-78keV-volume-20260411134726-20260417190342-new_canon_autoresearch_recipe-tile256-stride128-ds8.jpg,PHercParis4,20231012184424,canon,10,2,1024,311,126,125,0.5321,0.5154,55,54,403.0,379.7,0.0949,0.0951
PHercParis4/segments/20231012184424/ink-detection/downsampled/PHercParis4-20231012184424-2.4um-0.22m-78keV-volume-20260411134726-20260417190342-new_canon_autoresearch_recipe-tile256-stride128-ds8.jpg,PHercParis4,20231012184424,canon,10,3,1024,311,126,125,0.5925,0.5919,57,57,518.2,569.5,0.2053,0.2049
PHercParis4/segments/20231012184424/ink-detection/downsampled/PHercParis4-20231012184424-2.4um-0.22m-78keV-volume-20260411134726-20260417190342-new_canon_autoresearch_recipe-tile256-stride128-ds8.jpg,PHercParis4,20231012184424,canon,10,4,1024,311,126,125,0.9417,0.9419,71,65,595.0,696.1,0.2349,0.2346
PHercParis4/segments/20231012184424/ink-detection/downsampled/PHercParis4-20231012184424-2.4um-0.22m-78keV-volume-20260411134726-20260417190342-new_canon_autoresearch_recipe-tile256-stride128-ds8.jpg,PHercParis4,20231012184424,canon,10,5,1024,311,126,125,0.9085,0.9119,85,72,652.5,759.4,0.1948,0.1963
PHercParis4/segments/20231012184424/ink-detection/downsampled/PHercParis4-20231012184424-2.4um-0.22m-78keV-volume-20260411134726-20260417190342-new_canon_autoresearch_recipe-tile256-stride128-ds8.jpg,PHercParis4,20231012184424,canon,10,6,1024,311,126,125,0.9078,0.9123,72,66,671.7,727.7,0.1666,0.1686
PHercParis4/segments/20231012184424/ink-detection/downsampled/PHercParis4-20231012184424-2.4um-0.22m-78keV-volume-20260411134726-20260417190342-new_canon_autoresearch_recipe-tile256-stride128-ds8.jpg,PHercParis4,20231012184424,canon,10,7,1024,311,126,125,0.7797,0.7888,62,62,575.8,569.5,0.176,0.1767
PHercParis4/segments/20231012184424/ink-detection/downsampled/PHercParis4-20231012184424-2.4um-0.22m-78keV-volume-20260411134726-20260417190342-new_canon_autoresearch_recipe-tile256-stride128-ds8.jpg,PHercParis4,20231012184424,canon,10,8,1024,311,126,125,0.8174,0.8229,90,87,470.2,443.0,0.1142,0.116
PHercParis4/segments/20231012184424/ink-detection/downsampled/PHercParis4-20231012184424-2.4um-0.22m-78keV-volume-20260411134726-20260417190342-new_canon_autoresearch_recipe-tile256-stride128-ds8.jpg,PHercParis4,20231012184424,canon,10,9,1024,311,126,125,0.4719,0.4562,91,81,441.4,506.2,0.047,0.0482
PHercParis4/segments/20231012184424/ink-detection/downsampled/PHercParis4-20231012184424-2.4um-0.22m-78keV-volume-20260411134726-20260417190342-new_canon_autoresearch_recipe-tile256-stride128-ds8.jpg,PHercParis4,20231012184424,canon,10,10,1024,311,126,125,0.8421,0.8356,74,67,479.8,569.5,0.1197,0.1189
PHercParis4/segments/20231012184424/ink-detection/downsampled/PHercParis4-20231012184424-2.4um-0.22m-78keV-volume-20260411134726-20260417190342-new_canon_autoresearch_recipe-tile256-stride128-ds8.jpg,PHercParis4,20231012184424,canon,10,11,1024,311,126,125,0.765,0.767,65,62,556.6,537.9,0.1913,0.1931
PHercParis4/segments/20231012184424/ink-detection/downsampled/PHercParis4-20231012184424-2.4um-0.22m-78keV-volume-20260411134726-20260417190342-new_canon_autoresearch_recipe-tile256-stride128-ds8.jpg,PHercParis4,20231012184424,canon,10,12,1024,311,126,125,0.9318,0.9471,68,64,604.5,601.2,0.1817,0.1885
PHercParis4/segments/20231012184424/ink-detection/downsampled/PHercParis4-20231012184424-2.4um-0.22m-78keV-volume-20260411134726-20260417190342-new_canon_autoresearch_recipe-tile256-stride128-ds8.jpg,PHercParis4,20231012184424,canon,10,13,1024,311,126,125,0.9524,0.9613,57,51,575.8,632.8,0.1779,0.1792
PHercParis4/segments/20231012184424/ink-detection/downsampled/PHercParis4-20231012184424-2.4um-0.22m-78keV-volume-20260411134726-20260417190342-new_canon_autoresearch_recipe-tile256-stride128-ds8.jpg,PHercParis4,20231012184424,canon,10,14,1024,311,126,125,0.7399,0.742,56,47,585.4,696.1,0.1645,0.1659
PHercParis4/segments/20231012184424/ink-detection/downsampled/PHercParis4-20231012184424-2.4um-0.22m-78keV-volume-20260411134726-20260417190342-new_canon_autoresearch_recipe-tile256-stride128-ds8.jpg,PHercParis4,20231012184424,canon,10,15,1024,311,126,125,0.74,0.6433,54,41,623.7,885.9,0.164,0.1683
PHercParis4/segments/20231012184424/ink-detection/downsampled/PHercParis4-20231012184424-2.4um-0.22m-78keV-volume-20260411134726-20260417190342-new_canon_autoresearch_recipe-tile256-stride128-ds8.jpg,PHercParis4,20231012184424,canon,10,16,1024,311,126,125,0.92,0.9213,50,44,489.4,506.2,0.097,0.1008
PHercParis4/segments/20231016151002/ink-detection/downsampled/PHercParis4-20231016151002-2.4um-0.22m-78keV-volume-20260411134726-20260417190342-new_canon_autoresearch_recipe-tile256-stride128-ds8.jpg,PHercParis4,20231016151002,canon,0,1,1024,311,121,121,0.5773,0.5691,84,75,470.2,506.2,0.1401,0.1397
PHercParis4/segments/20231016151002/ink-detection/downsampled/PHercParis4-20231016151002-2.4um-0.22m-78keV-volume-20260411134726-20260417190342-new_canon_autoresearch_recipe-tile256-stride128-ds8.jpg,PHercParis4,20231016151002,canon,0,2,1024,311,121,121,0.7825,0.7969,94,90,431.8,443.0,0.1046,0.1044
PHercParis4/segments/20231016151002/ink-detection/downsampled/PHercParis4-20231016151002-2.4um-0.22m-78keV-volume-20260411134726-20260417190342-new_canon_autoresearch_recipe-tile256-stride128-ds8.jpg,PHercParis4,20231016151002,canon,0,3,1024,311,121,121,0.691,0.7068,108,101,431.8,443.0,0.0813,0.0807
PHercParis4/segments/20231016151002/ink-detection/downsampled/PHercParis4-20231016151002-2.4um-0.22m-78keV-volume-20260411134726-20260417190342-new_canon_autoresearch_recipe-tile256-stride128-ds8.jpg,PHercParis4,20231016151002,canon,0,4,1024,311,121,121,0.8558,0.8578,103,96,441.4,443.0,0.159,0.1585
PHercParis4/segments/20231016151002/ink-detection/downsampled/PHercParis4-20231016151002-2.4um-0.22m-78keV-volume-20260411134726-20260417190342-new_canon_autoresearch_recipe-tile256-stride128-ds8.jpg,PHercParis4,20231016151002,canon,0,5,1024,311,121,121,0.9073,0.899,96,86,383.8,411.3,0.1799,0.1806
PHercParis4/segments/20231016151002/ink-detection/downsampled/PHercParis4-20231016151002-2.4um-0.22m-78keV-volume-20260411134726-20260417190342-new_canon_autoresearch_recipe-tile256-stride128-ds8.jpg,PHercParis4,20231016151002,canon,0,6,1024,311,121,121,0.899,0.8845,93,84,556.6,632.8,0.187,0.1865
PHercParis4/segments/20231016151002/ink-detection/downsampled/PHercParis4-20231016151002-2.4um-0.22m-78keV-volume-20260411134726-20260417190342-new_canon_autoresearch_recipe-tile256-stride128-ds8.jpg,PHercParis4,20231016151002,canon,0,7,1024,311,121,121,0.9133,0.9061,78,73,642.9,696.1,0.1973,0.1967
PHercParis4/segments/20231016151002/ink-detection/downsampled/PHercParis4-20231016151002-2.4um-0.22m-78keV-volume-20260411134726-20260417190342-new_canon_autoresearch_recipe-tile256-stride128-ds8.jpg,PHercParis4,20231016151002,canon,0,8,1024,311,121,121,0.6949,0.6992,83,79,575.8,569.5,0.2107,0.2122
PHercParis4/segments/20231016151002/ink-detection/downsampled/PHercParis4-20231016151002-2.4um-0.22m-78keV-volume-20260411134726-20260417190342-new_canon_autoresearch_recipe-tile256-stride128-ds8.jpg,PHercParis4,20231016151002,canon,0,9,1024,311,121,121,0.8478,0.8505,94,91,431.8,443.0,0.1463,0.1474
PHercParis4/segments/20231016151002/ink-detection/downsampled/PHercParis4-20231016151002-2.4um-0.22m-78keV-volume-20260411134726-20260417190342-new_canon_autoresearch_recipe-tile256-stride128-ds8.jpg,PHercParis4,20231016151002,canon,0,10,1024,311,121,121,0.4552,0.4457,110,105,441.4,443.0,0.0559,0.0563
PHercParis4/segments/20231016151002/ink-detection/downsampled/PHercParis4-20231016151002-2.4um-0.22m-78keV-volume-20260411134726-20260417190342-new_canon_autoresearch_recipe-tile256-stride128-ds8.jpg,PHercParis4,20231016151002,canon,1,1,1024,311,121,121,0.612,0.6,119,108,479.8,537.9,0.1728,0.1726
PHercParis4/segments/20231016151002/ink-detection/downsampled/PHercParis4-20231016151002-2.4um-0.22m-78keV-volume-20260411134726-20260417190342-new_canon_autoresearch_recipe-tile256-stride128-ds8.jpg,PHercParis4,20231016151002,canon,1,2,1024,311,121,121,0.6439,0.6651,128,120,441.4,443.0,0.0972,0.0974
PHercParis4/segments/20231016151002/ink-detection/downsampled/PHercParis4-20231016151002-2.4um-0.22m-78keV-volume-20260411134726-20260417190342-new_canon_autoresearch_recipe-tile256-stride128-ds8.jpg,PHercParis4,20231016151002,canon,1,3,1024,311,121,121,0.7818,0.7924,101,96,441.4,443.0,0.1048,0.1044
PHercParis4/segments/20231016151002/ink-detection/downsampled/PHercParis4-20231016151002-2.4um-0.22m-78keV-volume-20260411134726-20260417190342-new_canon_autoresearch_recipe-tile256-stride128-ds8.jpg,PHercParis4,20231016151002,canon,1,4,1024,311,121,121,0.9412,0.9367,84,77,518.2,569.5,0.2088,0.208
PHercParis4/segments/20231016151002/ink-detection/downsampled/PHercParis4-20231016151002-2.4um-0.22m-78keV-volume-20260411134726-20260417190342-new_canon_autoresearch_recipe-tile256-stride128-ds8.jpg,PHercParis4,20231016151002,canon,1,5,1024,311,121,121,0.9435,0.933,93,83,422.2,443.0,0.2287,0.2291
PHercParis4/segments/20231016151002/ink-detection/downsampled/PHercParis4-20231016151002-2.4um-0.22m-78keV-volume-20260411134726-20260417190342-new_canon_autoresearch_recipe-tile256-stride128-ds8.jpg,PHercParis4,20231016151002,canon,1,6,1024,311,121,121,0.9132,0.905,100,94,527.8,537.9,0.2037,0.2029
PHercParis4/segments/20231016151002/ink-detection/downsampled/PHercParis4-20231016151002-2.4um-0.22m-78keV-volume-20260411134726-20260417190342-new_canon_autoresearch_recipe-tile256-stride128-ds8.jpg,PHercParis4,20231016151002,canon,1,7,1024,311,121,121,0.9136,0.9147,92,86,575.8,632.8,0.2147,0.2138
PHercParis4/segments/20231016151002/ink-detection/downsampled/PHercParis4-20231016151002-2.4um-0.22m-78keV-volume-20260411134726-20260417190342-new_canon_autoresearch_recipe-tile256-stride128-ds8.jpg,PHercParis4,20231016151002,canon,1,8,1024,311,121,121,0.7271,0.7311,91,86,441.4,443.0,0.2456,0.2478
PHercParis4/segments/20231016151002/ink-detection/downsampled/PHercParis4-20231016151002-2.4um-0.22m-78keV-volume-20260411134726-20260417190342-new_canon_autoresearch_recipe-tile256-stride128-ds8.jpg,PHercParis4,20231016151002,canon,1,9,1024,311,121,121,0.8398,0.8446,118,111,422.2,443.0,0.1654,0.1663
PHercParis4/segments/20231016151002/ink-detection/downsampled/PHercParis4-20231016151002-2.4um-0.22m-78keV-volume-20260411134726-20260417190342-new_canon_autoresearch_recipe-tile256-stride128-ds8.jpg,PHercParis4,20231016151002,canon,1,10,1024,311,121,121,0.3305,0.3177,153,146,441.4,443.0,0.0663,0.066
PHercParis4/segments/20231016151002/ink-detection/downsampled/PHercParis4-20231016151002-2.4um-0.22m-78keV-volume-20260411134726-20260417190342-new_canon_autoresearch_recipe-tile256-stride128-ds8.jpg,PHercParis4,20231016151002,canon,2,1,1024,311,121,121,0.6376,0.6327,116,106,575.8,569.5,0.1877,0.1876
PHercParis4/segments/20231016151002/ink-detection/downsampled/PHercParis4-20231016151002-2.4um-0.22m-78keV-volume-20260411134726-20260417190342-new_canon_autoresearch_recipe-tile256-stride128-ds8.jpg,PHercParis4,20231016151002,canon,2,2,1024,311,121,121,0.5775,0.5866,115,108,499.0,506.2,0.0833,0.0837
PHercParis4/segments/20231016151002/ink-detection/downsampled/PHercParis4-20231016151002-2.4um-0.22m-78keV-volume-20260411134726-20260417190342-new_canon_autoresearch_recipe-tile256-stride128-ds8.jpg,PHercParis4,20231016151002,canon,2,3,1024,311,121,121,0.8074,0.8085,86,82,508.6,537.9,0.1113,0.1114
PHercParis4/segments/20231016151002/ink-detection/downsampled/PHercParis4-20231016151002-2.4um-0.22m-78keV-volume-20260411134726-20260417190342-new_canon_autoresearch_recipe-tile256-stride128-ds8.jpg,PHercParis4,20231016151002,canon,2,4,1024,311,121,121,0.9232,0.9156,98,87,575.8,822.6,0.1988,0.1981
PHercParis4/segments/20231016151002/ink-detection/downsampled/PHercParis4-20231016151002-2.4um-0.22m-78keV-volume-20260411134726-20260417190342-new_canon_autoresearch_recipe-tile256-stride128-ds8.jpg,PHercParis4,20231016151002,canon,2,5,1024,311,121,121,0.9209,0.9131,99,89,479.8,569.5,0.1776,0.1773
PHercParis4/segments/20231016151002/ink-detection/downsampled/PHercParis4-20231016151002-2.4um-0.22m-78keV-volume-20260411134726-20260417190342-new_canon_autoresearch_recipe-tile256-stride128-ds8.jpg,PHercParis4,20231016151002,canon,2,6,1024,311,121,121,0.8957,0.8939,97,94,518.2,506.2,0.1566,0.1568
PHercParis4/segments/20231016151002/ink-detection/downsampled/PHercParis4-20231016151002-2.4um-0.22m-78keV-volume-20260411134726-20260417190342-new_canon_autoresearch_recipe-tile256-stride128-ds8.jpg,PHercParis4,20231016151002,canon,2,7,1024,311,121,121,0.8979,0.8998,90,86,547.0,569.5,0.1579,0.1576
PHercParis4/segments/20231016151002/ink-detection/downsampled/PHercParis4-20231016151002-2.4um-0.22m-78keV-volume-20260411134726-20260417190342-new_canon_autoresearch_recipe-tile256-stride128-ds8.jpg,PHercParis4,20231016151002,canon,2,8,1024,311,121,121,0.9292,0.9304,75,72,499.0,506.2,0.1623,0.1624
PHercParis4/segments/20231016151002/ink-detection/downsampled/PHercParis4-20231016151002-2.4um-0.22m-78keV-volume-20260411134726-20260417190342-new_canon_autoresearch_recipe-tile256-stride128-ds8.jpg,PHercParis4,20231016151002,canon,2,9,1024,311,121,121,0.8371,0.8408,90,83,441.4,443.0,0.1177,0.1187
PHercParis4/segments/20231016151002/ink-detection/downsampled/PHercParis4-20231016151002-2.4um-0.22m-78keV-volume-20260411134726-20260417190342-new_canon_autoresearch_recipe-tile256-stride128-ds8.jpg,PHercParis4,20231016151002,canon,2,10,1024,311,121,121,0.4243,0.4381,107,100,422.2,443.0,0.0488,0.0502
PHercParis4/segments/20231016151002/ink-detection/downsampled/PHercParis4-20231016151002-2.4um-0.22m-78keV-volume-20260411134726-20260417190342-new_canon_autoresearch_recipe-tile256-stride128-ds8.jpg,PHercParis4,20231016151002,canon,3,0,1024,311,121,121,0.7344,0.7355,66,60,547.0,569.5,0.1832,0.1826
PHercParis4/segments/20231016151002/ink-detection/downsampled/PHercParis4-20231016151002-2.4um-0.22m-78keV-volume-20260411134726-20260417190342-new_canon_autoresearch_recipe-tile256-stride128-ds8.jpg,PHercParis4,20231016151002,canon,3,1,1024,311,121,121,0.6366,0.6377,120,115,518.2,506.2,0.1843,0.1839
PHercParis4/segments/20231016151002/ink-detection/downsampled/PHercParis4-20231016151002-2.4um-0.22m-78keV-volume-20260411134726-20260417190342-new_canon_autoresearch_recipe-tile256-stride128-ds8.jpg,PHercParis4,20231016151002,canon,3,2,1024,311,121,121,0.5435,0.5448,119,115,460.6,506.2,0.0713,0.0712
PHercParis4/segments/20231016151002/ink-detection/downsampled/PHercParis4-20231016151002-2.4um-0.22m-78keV-volume-20260411134726-20260417190342-new_canon_autoresearch_recipe-tile256-stride128-ds8.jpg,PHercParis4,20231016151002,canon,3,3,1024,311,121,121,0.8164,0.8127,79,75,479.8,506.2,0.1039,0.1039
PHercParis4/segments/20231016151002/ink-detection/downsampled/PHercParis4-20231016151002-2.4um-0.22m-78keV-volume-20260411134726-20260417190342-new_canon_autoresearch_recipe-tile256-stride128-ds8.jpg,PHercParis4,20231016151002,canon,3,4,1024,311,121,121,0.8927,0.8944,84,75,489.4,569.5,0.1613,0.1606
PHercParis4/segments/20231016151002/ink-detection/downsampled/PHercParis4-20231016151002-2.4um-0.22m-78keV-volume-20260411134726-20260417190342-new_canon_autoresearch_recipe-tile256-stride128-ds8.jpg,PHercParis4,20231016151002,canon,3,5,1024,311,121,121,0.8926,0.8953,79,70,460.6,443.0,0.1359,0.1352
PHercParis4/segments/20231016151002/ink-detection/downsampled/PHercParis4-20231016151002-2.4um-0.22m-78keV-volume-20260411134726-20260417190342-new_canon_autoresearch_recipe-tile256-stride128-ds8.jpg,PHercParis4,20231016151002,canon,3,6,1024,311,121,121,0.8919,0.9001,84,76,422.2,379.7,0.131,0.1312
PHercParis4/segments/20231016151002/ink-detection/downsampled/PHercParis4-20231016151002-2.4um-0.22m-78keV-volume-20260411134726-20260417190342-new_canon_autoresearch_recipe-tile256-stride128-ds8.jpg,PHercParis4,20231016151002,canon,3,7,1024,311,121,121,0.8976,0.9061,78,70,374.2,379.7,0.116,0.1158
PHercParis4/segments/20231016151002/ink-detection/downsampled/PHercParis4-20231016151002-2.4um-0.22m-78keV-volume-20260411134726-20260417190342-new_canon_autoresearch_recipe-tile256-stride128-ds8.jpg,PHercParis4,20231016151002,canon,3,8,1024,311,121,121,0.9262,0.9287,62,56,345.5,379.7,0.094,0.0936
PHercParis4/segments/20231016151002/ink-detection/downsampled/PHercParis4-20231016151002-2.4um-0.22m-78keV-volume-20260411134726-20260417190342-new_canon_autoresearch_recipe-tile256-stride128-ds8.jpg,PHercParis4,20231016151002,canon,3,9,1024,311,121,121,0.783,0.7913,71,63,403.0,443.0,0.0666,0.0672
PHercParis4/segments/20231016151002/ink-detection/downsampled/PHercParis4-20231016151002-2.4um-0.22m-78keV-volume-20260411134726-20260417190342-new_canon_autoresearch_recipe-tile256-stride128-ds8.jpg,PHercParis4,20231016151002,canon,3,10,1024,311,121,121,0.4711,0.487,69,66,422.2,443.0,0.0308,0.0322
PHercParis4/segments/20231016151002/ink-detection/downsampled/PHercParis4-20231016151002-2.4um-0.22m-78keV-volume-20260411134726-20260417190342-new_canon_autoresearch_recipe-tile256-stride128-ds8.jpg,PHercParis4,20231016151002,canon,4,0,1024,311,121,121,0.7742,0.775,62,55,470.2,506.2,0.2123,0.2118
PHercParis4/segments/20231016151002/ink-detection/downsampled/PHercParis4-20231016151002-2.4um-0.22m-78keV-volume-20260411134726-20260417190342-new_canon_autoresearch_recipe-tile256-stride128-ds8.jpg,PHercParis4,20231016151002,canon,4,1,1024,311,121,121,0.6763,0.6789,111,99,403.0,443.0,0.1868,0.1861
PHercParis4/segments/20231016151002/ink-detection/downsampled/PHercParis4-20231016151002-2.4um-0.22m-78keV-volume-20260411134726-20260417190342-new_canon_autoresearch_recipe-tile256-stride128-ds8.jpg,PHercParis4,20231016151002,canon,4,2,1024,311,121,121,0.5421,0.5247,120,111,383.8,379.7,0.0591,0.0587
PHercParis4/segments/20231016151002/ink-detection/downsampled/PHercParis4-20231016151002-2.4um-0.22m-78keV-volume-20260411134726-20260417190342-new_canon_autoresearch_recipe-tile256-stride128-ds8.jpg,PHercParis4,20231016151002,canon,4,3,1024,311,121,121,0.6357,0.6224,86,81,383.8,379.7,0.0597,0.0604
PHercParis4/segments/20231016151002/ink-detection/downsampled/PHercParis4-20231016151002-2.4um-0.22m-78keV-volume-20260411134726-20260417190342-new_canon_autoresearch_recipe-tile256-stride128-ds8.jpg,PHercParis4,20231016151002,canon,4,4,1024,311,121,121,0.7034,0.714,64,58,460.6,443.0,0.0622,0.0639
PHercParis4/segments/20231016151002/ink-detection/downsampled/PHercParis4-20231016151002-2.4um-0.22m-78keV-volume-20260411134726-20260417190342-new_canon_autoresearch_recipe-tile256-stride128-ds8.jpg,PHercParis4,20231016151002,canon,4,5,1024,311,121,121,0.7452,0.7543,50,44,412.6,411.3,0.0446,0.0459
PHercParis4/segments/20231016151002/ink-detection/downsampled/PHercParis4-20231016151002-2.4um-0.22m-78keV-volume-20260411134726-20260417190342-new_canon_autoresearch_recipe-tile256-stride128-ds8.jpg,PHercParis4,20231016151002,canon,4,6,1024,311,121,121,0.7444,0.7723,71,64,326.3,379.7,0.0429,0.0444
PHercParis4/segments/20231016151002/ink-detection/downsampled/PHercParis4-20231016151002-2.4um-0.22m-78keV-volume-20260411134726-20260417190342-new_canon_autoresearch_recipe-tile256-stride128-ds8.jpg,PHercParis4,20231016151002,canon,4,7,1024,311,121,121,0.5603,0.5994,68,59,278.3,316.4,0.0256,0.0262
PHercParis4/segments/20231016151002/ink-detection/downsampled/PHercParis4-20231016151002-2.4um-0.22m-78keV-volume-20260411134726-20260417190342-new_canon_autoresearch_recipe-tile256-stride128-ds8.jpg,PHercParis4,20231016151002,canon,4,8,1024,311,121,121,0.4359,0.4732,63,56,268.7,284.8,0.0207,0.0211
PHercParis4/segments/20231016151002/ink-detection/downsampled/PHercParis4-20231016151002-2.4um-0.22m-78keV-volume-20260411134726-20260417190342-new_canon_autoresearch_recipe-tile256-stride128-ds8.jpg,PHercParis4,20231016151002,canon,4,9,1024,311,121,121,0.3324,0.3774,64,58,345.5,379.7,0.0218,0.0213
PHercParis4/segments/20231016151002/ink-detection/downsampled/PHercParis4-20231016151002-2.4um-0.22m-78keV-volume-20260411134726-20260417190342-new_canon_autoresearch_recipe-tile256-stride128-ds8.jpg,PHercParis4,20231016151002,canon,4,10,1024,311,121,121,0.0952,0.0973,70,65,393.4,379.7,0.0228,0.0221
PHercParis4/segments/20231016151002/ink-detection/downsampled/PHercParis4-20231016151002-2.4um-0.22m-78keV-volume-20260411134726-20260417190342-new_canon_autoresearch_recipe-tile256-stride128-ds8.jpg,PHercParis4,20231016151002,canon,5,0,1024,311,121,121,0.9048,0.9076,75,72,614.1,632.8,0.1985,0.1993
PHercParis4/segments/20231016151002/ink-detection/downsampled/PHercParis4-20231016151002-2.4um-0.22m-78keV-volume-20260411134726-20260417190342-new_canon_autoresearch_recipe-tile256-stride128-ds8.jpg,PHercParis4,20231016151002,canon,5,1,1024,311,121,121,0.6267,0.6334,109,99,441.4,506.2,0.169,0.1707
PHercParis4/segments/20231016151002/ink-detection/downsampled/PHercParis4-20231016151002-2.4um-0.22m-78keV-volume-20260411134726-20260417190342-new_canon_autoresearch_recipe-tile256-stride128-ds8.jpg,PHercParis4,20231016151002,canon,5,2,1024,311,121,121,0.4672,0.4413,112,101,326.3,379.7,0.0466,0.0472
PHercParis4/segments/20231016151002/ink-detection/downsampled/PHercParis4-20231016151002-2.4um-0.22m-78keV-volume-20260411134726-20260417190342-new_canon_autoresearch_recipe-tile256-stride128-ds8.jpg,PHercParis4,20231016151002,canon,5,3,1024,311,121,121,0.1956,0.1573,93,85,345.5,379.7,0.0311,0.031
PHercParis4/segments/20231016151002/ink-detection/downsampled/PHercParis4-20231016151002-2.4um-0.22m-78keV-volume-20260411134726-20260417190342-new_canon_autoresearch_recipe-tile256-stride128-ds8.jpg,PHercParis4,20231016151002,canon,5,4,1024,311,121,121,0.0449,0.0455,64,59,403.0,379.7,0.02,0.0195
PHercParis4/segments/20231016151002/ink-detection/downsampled/PHercParis4-20231016151002-2.4um-0.22m-78keV-volume-20260411134726-20260417190342-new_canon_autoresearch_recipe-tile256-stride128-ds8.jpg,PHercParis4,20231016151002,canon,5,5,1024,311,121,121,0.0755,0.0783,48,45,345.5,316.4,0.0119,0.0114
PHercParis4/segments/20231016151002/ink-detection/downsampled/PHercParis4-20231016151002-2.4um-0.22m-78keV-volume-20260411134726-20260417190342-new_canon_autoresearch_recipe-tile256-stride128-ds8.jpg,PHercParis4,20231016151002,canon,5,6,1024,311,121,121,0.0,0.0,52,47,307.1,316.4,0.0119,0.0119
PHercParis4/segments/20231016151002/ink-detection/downsampled/PHercParis4-20231016151002-2.4um-0.22m-78keV-volume-20260411134726-20260417190342-new_canon_autoresearch_recipe-tile256-stride128-ds8.jpg,PHercParis4,20231016151002,canon,5,7,1024,311,121,121,0.1556,0.1588,59,52,268.7,284.8,0.0138,0.0136
PHercParis4/segments/20231016151002/ink-detection/downsampled/PHercParis4-20231016151002-2.4um-0.22m-78keV-volume-20260411134726-20260417190342-new_canon_autoresearch_recipe-tile256-stride128-ds8.jpg,PHercParis4,20231016151002,canon,5,8,1024,311,121,121,0.3372,0.3695,77,72,307.1,348.0,0.0257,0.0253
PHercParis4/segments/20231016151002/ink-detection/downsampled/PHercParis4-20231016151002-2.4um-0.22m-78keV-volume-20260411134726-20260417190342-new_canon_autoresearch_recipe-tile256-stride128-ds8.jpg,PHercParis4,20231016151002,canon,5,9,1024,311,121,121,0.34,0.3348,74,69,364.6,379.7,0.0271,0.0266
PHercParis4/segments/20231016151002/ink-detection/downsampled/PHercParis4-20231016151002-2.4um-0.22m-78keV-volume-20260411134726-20260417190342-new_canon_autoresearch_recipe-tile256-stride128-ds8.jpg,PHercParis4,20231016151002,canon,5,10,1024,311,121,121,0.1573,0.1189,89,80,383.8,443.0,0.0286,0.0282
PHercParis4/segments/20231022170901/ink-detection/downsampled/PHercParis4-20231022170901-2.4um-0.22m-78keV-volume-20260411134726-20260417190342-new_canon_autoresearch_recipe-tile256-stride128-ds8.jpg,PHercParis4,20231022170901,canon,0,0,1024,311,125,124,0.9346,0.9341,43,35,690.9,885.9,0.1223,0.1225
PHercParis4/segments/20231022170901/ink-detection/downsampled/PHercParis4-20231022170901-2.4um-0.22m-78keV-volume-20260411134726-20260417190342-new_canon_autoresearch_recipe-tile256-stride128-ds8.jpg,PHercParis4,20231022170901,canon,0,1,1024,311,125,124,0.9522,0.9523,49,43,921.2,949.2,0.1562,0.156
PHercParis4/segments/20231022170901/ink-detection/downsampled/PHercParis4-20231022170901-2.4um-0.22m-78keV-volume-20260411134726-20260417190342-new_canon_autoresearch_recipe-tile256-stride128-ds8.jpg,PHercParis4,20231022170901,canon,0,2,1024,311,125,124,0.6035,0.6052,51,50,614.1,569.5,0.1089,0.1092
PHercParis4/segments/20231022170901/ink-detection/downsampled/PHercParis4-20231022170901-2.4um-0.22m-78keV-volume-20260411134726-20260417190342-new_canon_autoresearch_recipe-tile256-stride128-ds8.jpg,PHercParis4,20231022170901,canon,0,3,1024,311,125,124,0.7362,0.7406,52,50,403.0,411.3,0.0396,0.04
PHercParis4/segments/20231022170901/ink-detection/downsampled/PHercParis4-20231022170901-2.4um-0.22m-78keV-volume-20260411134726-20260417190342-new_canon_autoresearch_recipe-tile256-stride128-ds8.jpg,PHercParis4,20231022170901,canon,0,4,1024,311,125,124,0.8754,0.8755,60,58,422.2,379.7,0.0871,0.0867
PHercParis4/segments/20231022170901/ink-detection/downsampled/PHercParis4-20231022170901-2.4um-0.22m-78keV-volume-20260411134726-20260417190342-new_canon_autoresearch_recipe-tile256-stride128-ds8.jpg,PHercParis4,20231022170901,canon,0,5,1024,311,125,124,0.9381,0.9393,65,62,556.6,569.5,0.1699,0.17
PHercParis4/segments/20231022170901/ink-detection/downsampled/PHercParis4-20231022170901-2.4um-0.22m-78keV-volume-20260411134726-20260417190342-new_canon_autoresearch_recipe-tile256-stride128-ds8.jpg,PHercParis4,20231022170901,canon,0,6,1024,311,125,124,0.9321,0.9354,58,57,499.0,506.2,0.1538,0.1554
PHercParis4/segments/20231022170901/ink-detection/downsampled/PHercParis4-20231022170901-2.4um-0.22m-78keV-volume-20260411134726-20260417190342-new_canon_autoresearch_recipe-tile256-stride128-ds8.jpg,PHercParis4,20231022170901,canon,0,7,1024,311,125,124,0.9098,0.9055,57,57,460.6,443.0,0.1374,0.1377
PHercParis4/segments/20231022170901/ink-detection/downsampled/PHercParis4-20231022170901-2.4um-0.22m-78keV-volume-20260411134726-20260417190342-new_canon_autoresearch_recipe-tile256-stride128-ds8.jpg,PHercParis4,20231022170901,canon,0,8,1024,311,125,124,0.7164,0.7179,65,63,460.6,443.0,0.1529,0.1528
PHercParis4/segments/20231022170901/ink-detection/downsampled/PHercParis4-20231022170901-2.4um-0.22m-78keV-volume-20260411134726-20260417190342-new_canon_autoresearch_recipe-tile256-stride128-ds8.jpg,PHercParis4,20231022170901,canon,0,9,1024,311,125,124,0.6123,0.6143,55,56,499.0,506.2,0.1791,0.1801
PHercParis4/segments/20231022170901/ink-detection/downsampled/PHercParis4-20231022170901-2.4um-0.22m-78keV-volume-20260411134726-20260417190342-new_canon_autoresearch_recipe-tile256-stride128-ds8.jpg,PHercParis4,20231022170901,canon,0,10,1024,311,125,124,0.4525,0.4573,55,52,518.2,537.9,0.1217,0.1228
PHercParis4/segments/20231022170901/ink-detection/downsampled/PHercParis4-20231022170901-2.4um-0.22m-78keV-volume-20260411134726-20260417190342-new_canon_autoresearch_recipe-tile256-stride128-ds8.jpg,PHercParis4,20231022170901,canon,0,11,1024,311,125,124,0.682,0.7062,75,73,460.6,443.0,0.0524,0.0532
PHercParis4/segments/20231022170901/ink-detection/downsampled/PHercParis4-20231022170901-2.4um-0.22m-78keV-volume-20260411134726-20260417190342-new_canon_autoresearch_recipe-tile256-stride128-ds8.jpg,PHercParis4,20231022170901,canon,0,12,1024,311,125,124,0.8423,0.8337,78,74,547.0,601.2,0.1141,0.1131
PHercParis4/segments/20231022170901/ink-detection/downsampled/PHercParis4-20231022170901-2.4um-0.22m-78keV-volume-20260411134726-20260417190342-new_canon_autoresearch_recipe-tile256-stride128-ds8.jpg,PHercParis4,20231022170901,canon,0,13,1024,311,125,124,0.9204,0.922,60,58,566.2,537.9,0.1639,0.1654
PHercParis4/segments/20231022170901/ink-detection/downsampled/PHercParis4-20231022170901-2.4um-0.22m-78keV-volume-20260411134726-20260417190342-new_canon_autoresearch_recipe-tile256-stride128-ds8.jpg,PHercParis4,20231022170901,canon,0,14,1024,311,125,124,0.9137,0.9224,68,64,460.6,443.0,0.142,0.1438
PHercParis4/segments/20231022170901/ink-detection/downsampled/PHercParis4-20231022170901-2.4um-0.22m-78keV-volume-20260411134726-20260417190342-new_canon_autoresearch_recipe-tile256-stride128-ds8.jpg,PHercParis4,20231022170901,canon,0,15,1024,311,125,124,0.8845,0.8849,93,87,499.0,506.2,0.1562,0.1556
PHercParis4/segments/20231022170901/ink-detection/downsampled/PHercParis4-20231022170901-2.4um-0.22m-78keV-volume-20260411134726-20260417190342-new_canon_autoresearch_recipe-tile256-stride128-ds8.jpg,PHercParis4,20231022170901,canon,0,16,1024,311,125,124,0.6504,0.6323,84,83,575.8,632.8,0.1788,0.1782
PHercParis4/segments/20231022170901/ink-detection/downsampled/PHercParis4-20231022170901-2.4um-0.22m-78keV-volume-20260411134726-20260417190342-new_canon_autoresearch_recipe-tile256-stride128-ds8.jpg,PHercParis4,20231022170901,canon,0,17,1024,311,125,124,0.6564,0.6556,64,58,556.6,601.2,0.1608,0.1612
PHercParis4/segments/20231022170901/ink-detection/downsampled/PHercParis4-20231022170901-2.4um-0.22m-78keV-volume-20260411134726-20260417190342-new_canon_autoresearch_recipe-tile256-stride128-ds8.jpg,PHercParis4,20231022170901,canon,0,18,1024,311,125,124,0.5007,0.5033,64,62,441.4,443.0,0.1011,0.1045
PHercParis4/segments/20231022170901/ink-detection/downsampled/PHercParis4-20231022170901-2.4um-0.22m-78keV-volume-20260411134726-20260417190342-new_canon_autoresearch_recipe-tile256-stride128-ds8.jpg,PHercParis4,20231022170901,canon,0,19,1024,311,125,124,0.6937,0.6923,65,65,345.5,379.7,0.0348,0.0371
PHercParis4/segments/20231022170901/ink-detection/downsampled/PHercParis4-20231022170901-2.4um-0.22m-78keV-volume-20260411134726-20260417190342-new_canon_autoresearch_recipe-tile256-stride128-ds8.jpg,PHercParis4,20231022170901,canon,0,20,1024,311,125,124,0.8393,0.8397,69,64,422.2,443.0,0.0772,0.0762
PHercParis4/segments/20231022170901/ink-detection/downsampled/PHercParis4-20231022170901-2.4um-0.22m-78keV-volume-20260411134726-20260417190342-new_canon_autoresearch_recipe-tile256-stride128-ds8.jpg,PHercParis4,20231022170901,canon,0,21,1024,311,125,124,0.897,0.8969,81,73,441.4,443.0,0.1207,0.1204
PHercParis4/segments/20231022170901/ink-detection/downsampled/PHercParis4-20231022170901-2.4um-0.22m-78keV-volume-20260411134726-20260417190342-new_canon_autoresearch_recipe-tile256-stride128-ds8.jpg,PHercParis4,20231022170901,canon,0,22,1024,311,125,124,0.8741,0.8548,71,74,537.4,537.9,0.1161,0.114
PHercParis4/segments/20231022170901/ink-detection/downsampled/PHercParis4-20231022170901-2.4um-0.22m-78keV-volume-20260411134726-20260417190342-new_canon_autoresearch_recipe-tile256-stride128-ds8.jpg,PHercParis4,20231022170901,canon,0,23,1024,311,125,124,0.5296,0.5289,56,58,623.7,569.5,0.1316,0.1318
PHercParis4/segments/20231022170901/ink-detection/downsampled/PHercParis4-20231022170901-2.4um-0.22m-78keV-volume-20260411134726-20260417190342-new_canon_autoresearch_recipe-tile256-stride128-ds8.jpg,PHercParis4,20231022170901,canon,0,24,1024,311,125,124,0.7622,0.7602,60,56,403.0,443.0,0.1294,0.1308
PHercParis4/segments/20231022170901/ink-detection/downsampled/PHercParis4-20231022170901-2.4um-0.22m-78keV-volume-20260411134726-20260417190342-new_canon_autoresearch_recipe-tile256-stride128-ds8.jpg,PHercParis4,20231022170901,canon,0,25,1024,311,125,124,0.9457,0.9374,66,60,412.6,506.2,0.1513,0.1504
PHercParis4/segments/20231022170901/ink-detection/downsampled/PHercParis4-20231022170901-2.4um-0.22m-78keV-volume-20260411134726-20260417190342-new_canon_autoresearch_recipe-tile256-stride128-ds8.jpg,PHercParis4,20231022170901,canon,0,26,1024,311,125,124,0.9081,0.9133,58,54,479.8,506.2,0.1083,0.1112
PHercParis4/segments/20231022170901/ink-detection/downsampled/PHercParis4-20231022170901-2.4um-0.22m-78keV-volume-20260411134726-20260417190342-new_canon_autoresearch_recipe-tile256-stride128-ds8.jpg,PHercParis4,20231022170901,canon,1,0,1024,311,125,124,0.832,0.8054,55,51,690.9,696.1,0.1928,0.1935
PHercParis4/segments/20231022170901/ink-detection/downsampled/PHercParis4-20231022170901-2.4um-0.22m-78keV-volume-20260411134726-20260417190342-new_canon_autoresearch_recipe-tile256-stride128-ds8.jpg,PHercParis4,20231022170901,canon,1,1,1024,311,125,124,0.8186,0.7935,60,57,873.2,885.9,0.2013,0.2021
PHercParis4/segments/20231022170901/ink-detection/downsampled/PHercParis4-20231022170901-2.4um-0.22m-78keV-volume-20260411134726-20260417190342-new_canon_autoresearch_recipe-tile256-stride128-ds8.jpg,PHercParis4,20231022170901,canon,1,2,1024,311,125,124,0.6876,0.6896,53,52,652.5,632.8,0.1372,0.1382
PHercParis4/segments/20231022170901/ink-detection/downsampled/PHercParis4-20231022170901-2.4um-0.22m-78keV-volume-20260411134726-20260417190342-new_canon_autoresearch_recipe-tile256-stride128-ds8.jpg,PHercParis4,20231022170901,canon,1,3,1024,311,125,124,0.7283,0.7334,55,52,403.0,411.3,0.0437,0.0442
PHercParis4/segments/20231022170901/ink-detection/downsampled/PHercParis4-20231022170901-2.4um-0.22m-78keV-volume-20260411134726-20260417190342-new_canon_autoresearch_recipe-tile256-stride128-ds8.jpg,PHercParis4,20231022170901,canon,1,4,1024,311,125,124,0.9028,0.9045,68,65,451.0,443.0,0.1114,0.111
PHercParis4/segments/20231022170901/ink-detection/downsampled/PHercParis4-20231022170901-2.4um-0.22m-78keV-volume-20260411134726-20260417190342-new_canon_autoresearch_recipe-tile256-stride128-ds8.jpg,PHercParis4,20231022170901,canon,1,5,1024,311,125,124,0.946,0.9459,80,76,623.7,632.8,0.2116,0.211
PHercParis4/segments/20231022170901/ink-detection/downsampled/PHercParis4-20231022170901-2.4um-0.22m-78keV-volume-20260411134726-20260417190342-new_canon_autoresearch_recipe-tile256-stride128-ds8.jpg,PHercParis4,20231022170901,canon,1,6,1024,311,125,124,0.7341,0.7351,63,63,479.8,506.2,0.2211,0.2224
PHercParis4/segments/20231022170901/ink-detection/downsampled/PHercParis4-20231022170901-2.4um-0.22m-78keV-volume-20260411134726-20260417190342-new_canon_autoresearch_recipe-tile256-stride128-ds8.jpg,PHercParis4,20231022170901,canon,1,7,1024,311,125,124,0.5903,0.5849,63,61,460.6,443.0,0.2226,0.2251
PHercParis4/segments/20231022170901/ink-detection/downsampled/PHercParis4-20231022170901-2.4um-0.22m-78keV-volume-20260411134726-20260417190342-new_canon_autoresearch_recipe-tile256-stride128-ds8.jpg,PHercParis4,20231022170901,canon,1,8,1024,311,125,124,0.9184,0.92,84,82,547.0,569.5,0.2035,0.2035
PHercParis4/segments/20231022170901/ink-detection/downsampled/PHercParis4-20231022170901-2.4um-0.22m-78keV-volume-20260411134726-20260417190342-new_canon_autoresearch_recipe-tile256-stride128-ds8.jpg,PHercParis4,20231022170901,canon,1,9,1024,311,125,124,0.6589,0.6591,76,78,547.0,537.9,0.2034,0.2036
PHercParis4/segments/20231022170901/ink-detection/downsampled/PHercParis4-20231022170901-2.4um-0.22m-78keV-volume-20260411134726-20260417190342-new_canon_autoresearch_recipe-tile256-stride128-ds8.jpg,PHercParis4,20231022170901,canon,1,10,1024,311,125,124,0.5233,0.5284,66,61,422.2,443.0,0.1301,0.133
PHercParis4/segments/20231022170901/ink-detection/downsampled/PHercParis4-20231022170901-2.4um-0.22m-78keV-volume-20260411134726-20260417190342-new_canon_autoresearch_recipe-tile256-stride128-ds8.jpg,PHercParis4,20231022170901,canon,1,11,1024,311,125,124,0.6432,0.6684,73,68,364.6,411.3,0.0437,0.0448
PHercParis4/segments/20231022170901/ink-detection/downsampled/PHercParis4-20231022170901-2.4um-0.22m-78keV-volume-20260411134726-20260417190342-new_canon_autoresearch_recipe-tile256-stride128-ds8.jpg,PHercParis4,20231022170901,canon,1,12,1024,311,125,124,0.8455,0.8396,74,73,508.6,506.2,0.1099,0.1086
PHercParis4/segments/20231022170901/ink-detection/downsampled/PHercParis4-20231022170901-2.4um-0.22m-78keV-volume-20260411134726-20260417190342-new_canon_autoresearch_recipe-tile256-stride128-ds8.jpg,PHercParis4,20231022170901,canon,1,13,1024,311,125,124,0.9252,0.9283,78,77,652.5,632.8,0.2025,0.2031
PHercParis4/segments/20231022170901/ink-detection/downsampled/PHercParis4-20231022170901-2.4um-0.22m-78keV-volume-20260411134726-20260417190342-new_canon_autoresearch_recipe-tile256-stride128-ds8.jpg,PHercParis4,20231022170901,canon,1,14,1024,311,125,124,0.9481,0.9463,83,80,595.0,632.8,0.2176,0.2162
PHercParis4/segments/20231022170901/ink-detection/downsampled/PHercParis4-20231022170901-2.4um-0.22m-78keV-volume-20260411134726-20260417190342-new_canon_autoresearch_recipe-tile256-stride128-ds8.jpg,PHercParis4,20231022170901,canon,1,15,1024,311,125,124,0.9233,0.9242,94,90,633.3,632.8,0.2162,0.2186
PHercParis4/segments/20231022170901/ink-detection/downsampled/PHercParis4-20231022170901-2.4um-0.22m-78keV-volume-20260411134726-20260417190342-new_canon_autoresearch_recipe-tile256-stride128-ds8.jpg,PHercParis4,20231022170901,canon,1,16,1024,311,125,124,0.927,0.9209,90,84,777.3,791.0,0.2111,0.2124
PHercParis4/segments/20231022170901/ink-detection/downsampled/PHercParis4-20231022170901-2.4um-0.22m-78keV-volume-20260411134726-20260417190342-new_canon_autoresearch_recipe-tile256-stride128-ds8.jpg,PHercParis4,20231022170901,canon,1,17,1024,311,125,124,0.7127,0.7168,86,78,690.9,727.7,0.2013,0.199
PHercParis4/segments/20231022170901/ink-detection/downsampled/PHercParis4-20231022170901-2.4um-0.22m-78keV-volume-20260411134726-20260417190342-new_canon_autoresearch_recipe-tile256-stride128-ds8.jpg,PHercParis4,20231022170901,canon,1,18,1024,311,125,124,0.5778,0.5875,70,67,479.8,443.0,0.1264,0.1317
PHercParis4/segments/20231022170901/ink-detection/downsampled/PHercParis4-20231022170901-2.4um-0.22m-78keV-volume-20260411134726-20260417190342-new_canon_autoresearch_recipe-tile256-stride128-ds8.jpg,PHercParis4,20231022170901,canon,1,19,1024,311,125,124,0.598,0.5872,63,61,403.0,443.0,0.0315,0.0352
PHercParis4/segments/20231022170901/ink-detection/downsampled/PHercParis4-20231022170901-2.4um-0.22m-78keV-volume-20260411134726-20260417190342-new_canon_autoresearch_recipe-tile256-stride128-ds8.jpg,PHercParis4,20231022170901,canon,1,20,1024,311,125,124,0.9002,0.9013,71,67,422.2,443.0,0.1144,0.1137
PHercParis4/segments/20231022170901/ink-detection/downsampled/PHercParis4-20231022170901-2.4um-0.22m-78keV-volume-20260411134726-20260417190342-new_canon_autoresearch_recipe-tile256-stride128-ds8.jpg,PHercParis4,20231022170901,canon,1,21,1024,311,125,124,0.9198,0.9261,91,82,460.6,537.9,0.1887,0.1878
PHercParis4/segments/20231022170901/ink-detection/downsampled/PHercParis4-20231022170901-2.4um-0.22m-78keV-volume-20260411134726-20260417190342-new_canon_autoresearch_recipe-tile256-stride128-ds8.jpg,PHercParis4,20231022170901,canon,1,22,1024,311,125,124,0.8774,0.8718,84,88,556.6,569.5,0.1492,0.1472
PHercParis4/segments/20231022170901/ink-detection/downsampled/PHercParis4-20231022170901-2.4um-0.22m-78keV-volume-20260411134726-20260417190342-new_canon_autoresearch_recipe-tile256-stride128-ds8.jpg,PHercParis4,20231022170901,canon,1,23,1024,311,125,124,0.7553,0.7546,65,68,786.9,664.4,0.1586,0.1584
PHercParis4/segments/20231022170901/ink-detection/downsampled/PHercParis4-20231022170901-2.4um-0.22m-78keV-volume-20260411134726-20260417190342-new_canon_autoresearch_recipe-tile256-stride128-ds8.jpg,PHercParis4,20231022170901,canon,1,24,1024,311,125,124,0.7649,0.764,65,62,786.9,791.0,0.1668,0.1702
PHercParis4/segments/20231022170901/ink-detection/downsampled/PHercParis4-20231022170901-2.4um-0.22m-78keV-volume-20260411134726-20260417190342-new_canon_autoresearch_recipe-tile256-stride128-ds8.jpg,PHercParis4,20231022170901,canon,1,25,1024,311,125,124,0.8862,0.8844,85,80,633.3,632.8,0.1571,0.1608
PHercParis4/segments/20231022170901/ink-detection/downsampled/PHercParis4-20231022170901-2.4um-0.22m-78keV-volume-20260411134726-20260417190342-new_canon_autoresearch_recipe-tile256-stride128-ds8.jpg,PHercParis4,20231022170901,canon,1,26,1024,311,125,124,0.8681,0.8688,65,62,422.2,443.0,0.0913,0.0921
PHercParis4/segments/20231022170901/ink-detection/downsampled/PHercParis4-20231022170901-2.4um-0.22m-78keV-volume-20260411134726-20260417190342-new_canon_autoresearch_recipe-tile256-stride128-ds8.jpg,PHercParis4,20231022170901,canon,2,0,1024,311,125,124,0.8234,0.7975,56,53,652.5,632.8,0.1965,0.1966
PHercParis4/segments/20231022170901/ink-detection/downsampled/PHercParis4-20231022170901-2.4um-0.22m-78keV-volume-20260411134726-20260417190342-new_canon_autoresearch_recipe-tile256-stride128-ds8.jpg,PHercParis4,20231022170901,canon,2,1,1024,311,125,124,0.7874,0.7617,73,69,575.8,632.8,0.1953,0.1959
PHercParis4/segments/20231022170901/ink-detection/downsampled/PHercParis4-20231022170901-2.4um-0.22m-78keV-volume-20260411134726-20260417190342-new_canon_autoresearch_recipe-tile256-stride128-ds8.jpg,PHercParis4,20231022170901,canon,2,2,1024,311,125,124,0.9008,0.8997,47,46,671.7,696.1,0.1172,0.1181
PHercParis4/segments/20231022170901/ink-detection/downsampled/PHercParis4-20231022170901-2.4um-0.22m-78keV-volume-20260411134726-20260417190342-new_canon_autoresearch_recipe-tile256-stride128-ds8.jpg,PHercParis4,20231022170901,canon,2,3,1024,311,125,124,0.6385,0.6423,30,29,575.8,569.5,0.0269,0.0272
PHercParis4/segments/20231022170901/ink-detection/downsampled/PHercParis4-20231022170901-2.4um-0.22m-78keV-volume-20260411134726-20260417190342-new_canon_autoresearch_recipe-tile256-stride128-ds8.jpg,PHercParis4,20231022170901,canon,2,4,1024,311,125,124,0.9048,0.9061,54,51,431.8,506.2,0.1172,0.1166
PHercParis4/segments/20231022170901/ink-detection/downsampled/PHercParis4-20231022170901-2.4um-0.22m-78keV-volume-20260411134726-20260417190342-new_canon_autoresearch_recipe-tile256-stride128-ds8.jpg,PHercParis4,20231022170901,canon,2,5,1024,311,125,124,0.7564,0.7534,71,66,518.2,601.2,0.231,0.2301
PHercParis4/segments/20231022170901/ink-detection/downsampled/PHercParis4-20231022170901-2.4um-0.22m-78keV-volume-20260411134726-20260417190342-new_canon_autoresearch_recipe-tile256-stride128-ds8.jpg,PHercParis4,20231022170901,canon,2,6,1024,311,125,124,0.4799,0.4797,48,46,604.5,632.8,0.2239,0.2242
PHercParis4/segments/20231022170901/ink-detection/downsampled/PHercParis4-20231022170901-2.4um-0.22m-78keV-volume-20260411134726-20260417190342-new_canon_autoresearch_recipe-tile256-stride128-ds8.jpg,PHercParis4,20231022170901,canon,2,7,1024,311,125,124,0.5551,0.5545,51,50,575.8,601.2,0.2113,0.2137
PHercParis4/segments/20231022170901/ink-detection/downsampled/PHercParis4-20231022170901-2.4um-0.22m-78keV-volume-20260411134726-20260417190342-new_canon_autoresearch_recipe-tile256-stride128-ds8.jpg,PHercParis4,20231022170901,canon,2,8,1024,311,125,124,0.9288,0.93,76,76,642.9,632.8,0.1997,0.201
PHercParis4/segments/20231022170901/ink-detection/downsampled/PHercParis4-20231022170901-2.4um-0.22m-78keV-volume-20260411134726-20260417190342-new_canon_autoresearch_recipe-tile256-stride128-ds8.jpg,PHercParis4,20231022170901,canon,2,9,1024,311,125,124,0.7704,0.7724,71,70,614.1,601.2,0.1999,0.201
PHercParis4/segments/20231022170901/ink-detection/downsampled/PHercParis4-20231022170901-2.4um-0.22m-78keV-volume-20260411134726-20260417190342-new_canon_autoresearch_recipe-tile256-stride128-ds8.jpg,PHercParis4,20231022170901,canon,2,10,1024,311,125,124,0.6793,0.6839,51,47,422.2,443.0,0.1218,0.1249
PHercParis4/segments/20231022170901/ink-detection/downsampled/PHercParis4-20231022170901-2.4um-0.22m-78keV-volume-20260411134726-20260417190342-new_canon_autoresearch_recipe-tile256-stride128-ds8.jpg,PHercParis4,20231022170901,canon,2,11,1024,311,125,124,0.6743,0.6454,58,53,403.0,506.2,0.0402,0.0405
PHercParis4/segments/20231022170901/ink-detection/downsampled/PHercParis4-20231022170901-2.4um-0.22m-78keV-volume-20260411134726-20260417190342-new_canon_autoresearch_recipe-tile256-stride128-ds8.jpg,PHercParis4,20231022170901,canon,2,12,1024,311,125,124,0.879,0.8749,69,66,499.0,506.2,0.1223,0.1216
PHercParis4/segments/20231022170901/ink-detection/downsampled/PHercParis4-20231022170901-2.4um-0.22m-78keV-volume-20260411134726-20260417190342-new_canon_autoresearch_recipe-tile256-stride128-ds8.jpg,PHercParis4,20231022170901,canon,2,13,1024,311,125,124,0.9129,0.9136,75,73,614.1,632.8,0.192,0.1934
PHercParis4/segments/20231022170901/ink-detection/downsampled/PHercParis4-20231022170901-2.4um-0.22m-78keV-volume-20260411134726-20260417190342-new_canon_autoresearch_recipe-tile256-stride128-ds8.jpg,PHercParis4,20231022170901,canon,2,14,1024,311,125,124,0.9297,0.9256,77,73,671.7,696.1,0.1971,0.1951
PHercParis4/segments/20231022170901/ink-detection/downsampled/PHercParis4-20231022170901-2.4um-0.22m-78keV-volume-20260411134726-20260417190342-new_canon_autoresearch_recipe-tile256-stride128-ds8.jpg,PHercParis4,20231022170901,canon,2,15,1024,311,125,124,0.9381,0.9391,77,76,595.0,601.2,0.2154,0.2175
PHercParis4/segments/20231022170901/ink-detection/downsampled/PHercParis4-20231022170901-2.4um-0.22m-78keV-volume-20260411134726-20260417190342-new_canon_autoresearch_recipe-tile256-stride128-ds8.jpg,PHercParis4,20231022170901,canon,2,16,1024,311,125,124,0.9519,0.9584,70,64,758.1,759.4,0.2187,0.2213
PHercParis4/segments/20231022170901/ink-detection/downsampled/PHercParis4-20231022170901-2.4um-0.22m-78keV-volume-20260411134726-20260417190342-new_canon_autoresearch_recipe-tile256-stride128-ds8.jpg,PHercParis4,20231022170901,canon,2,17,1024,311,125,124,0.9464,0.9547,58,53,825.3,949.2,0.2048,0.2042
PHercParis4/segments/20231022170901/ink-detection/downsampled/PHercParis4-20231022170901-2.4um-0.22m-78keV-volume-20260411134726-20260417190342-new_canon_autoresearch_recipe-tile256-stride128-ds8.jpg,PHercParis4,20231022170901,canon,2,18,1024,311,125,124,0.9193,0.9253,53,51,403.0,379.7,0.1182,0.1227
PHercParis4/segments/20231022170901/ink-detection/downsampled/PHercParis4-20231022170901-2.4um-0.22m-78keV-volume-20260411134726-20260417190342-new_canon_autoresearch_recipe-tile256-stride128-ds8.jpg,PHercParis4,20231022170901,canon,2,19,1024,311,125,124,0.5946,0.5777,61,56,364.6,379.7,0.0329,0.0339
PHercParis4/segments/20231022170901/ink-detection/downsampled/PHercParis4-20231022170901-2.4um-0.22m-78keV-volume-20260411134726-20260417190342-new_canon_autoresearch_recipe-tile256-stride128-ds8.jpg,PHercParis4,20231022170901,canon,2,20,1024,311,125,124,0.9021,0.8938,66,60,403.0,443.0,0.0959,0.0955
PHercParis4/segments/20231022170901/ink-detection/downsampled/PHercParis4-20231022170901-2.4um-0.22m-78keV-volume-20260411134726-20260417190342-new_canon_autoresearch_recipe-tile256-stride128-ds8.jpg,PHercParis4,20231022170901,canon,2,21,1024,311,125,124,0.9347,0.9265,73,66,499.0,727.7,0.165,0.1648
PHercParis4/segments/20231022170901/ink-detection/downsampled/PHercParis4-20231022170901-2.4um-0.22m-78keV-volume-20260411134726-20260417190342-new_canon_autoresearch_recipe-tile256-stride128-ds8.jpg,PHercParis4,20231022170901,canon,2,22,1024,311,125,124,0.8973,0.8963,71,68,710.1,696.1,0.152,0.1497
PHercParis4/segments/20231022170901/ink-detection/downsampled/PHercParis4-20231022170901-2.4um-0.22m-78keV-volume-20260411134726-20260417190342-new_canon_autoresearch_recipe-tile256-stride128-ds8.jpg,PHercParis4,20231022170901,canon,2,23,1024,311,125,124,0.8824,0.8831,78,74,623.7,632.8,0.1481,0.1493
PHercParis4/segments/20231022170901/ink-detection/downsampled/PHercParis4-20231022170901-2.4um-0.22m-78keV-volume-20260411134726-20260417190342-new_canon_autoresearch_recipe-tile256-stride128-ds8.jpg,PHercParis4,20231022170901,canon,2,24,1024,311,125,124,0.8553,0.8512,71,69,652.5,696.1,0.1446,0.1478
PHercParis4/segments/20231022170901/ink-detection/downsampled/PHercParis4-20231022170901-2.4um-0.22m-78keV-volume-20260411134726-20260417190342-new_canon_autoresearch_recipe-tile256-stride128-ds8.jpg,PHercParis4,20231022170901,canon,2,25,1024,311,125,124,0.8362,0.8368,80,76,652.5,664.4,0.137,0.1366
PHercParis4/segments/20231022170901/ink-detection/downsampled/PHercParis4-20231022170901-2.4um-0.22m-78keV-volume-20260411134726-20260417190342-new_canon_autoresearch_recipe-tile256-stride128-ds8.jpg,PHercParis4,20231022170901,canon,2,26,1024,311,125,124,0.7827,0.7771,71,67,460.6,443.0,0.0771,0.0777
PHercParis4/segments/20231022170901/ink-detection/downsampled/PHercParis4-20231022170901-2.4um-0.22m-78keV-volume-20260411134726-20260417190342-new_canon_autoresearch_recipe-tile256-stride128-ds8.jpg,PHercParis4,20231022170901,canon,3,0,1024,311,125,124,0.8334,0.8275,63,57,575.8,632.8,0.1913,0.1919
PHercParis4/segments/20231022170901/ink-detection/downsampled/PHercParis4-20231022170901-2.4um-0.22m-78keV-volume-20260411134726-20260417190342-new_canon_autoresearch_recipe-tile256-stride128-ds8.jpg,PHercParis4,20231022170901,canon,3,1,1024,311,125,124,0.7135,0.7165,71,66,537.4,601.2,0.2147,0.2157
PHercParis4/segments/20231022170901/ink-detection/downsampled/PHercParis4-20231022170901-2.4um-0.22m-78keV-volume-20260411134726-20260417190342-new_canon_autoresearch_recipe-tile256-stride128-ds8.jpg,PHercParis4,20231022170901,canon,3,2,1024,311,125,124,0.6516,0.6532,58,55,518.2,506.2,0.1217,0.1224
PHercParis4/segments/20231022170901/ink-detection/downsampled/PHercParis4-20231022170901-2.4um-0.22m-78keV-volume-20260411134726-20260417190342-new_canon_autoresearch_recipe-tile256-stride128-ds8.jpg,PHercParis4,20231022170901,canon,3,3,1024,311,125,124,0.6838,0.6933,53,52,460.6,411.3,0.0358,0.0361
PHercParis4/segments/20231022170901/ink-detection/downsampled/PHercParis4-20231022170901-2.4um-0.22m-78keV-volume-20260411134726-20260417190342-new_canon_autoresearch_recipe-tile256-stride128-ds8.jpg,PHercParis4,20231022170901,canon,3,4,1024,311,125,124,0.9176,0.9096,66,66,499.0,506.2,0.1247,0.1242
PHercParis4/segments/20231022170901/ink-detection/downsampled/PHercParis4-20231022170901-2.4um-0.22m-78keV-volume-20260411134726-20260417190342-new_canon_autoresearch_recipe-tile256-stride128-ds8.jpg,PHercParis4,20231022170901,canon,3,5,1024,311,125,124,0.7257,0.7276,87,81,499.0,569.5,0.2081,0.2096
PHercParis4/segments/20231022170901/ink-detection/downsampled/PHercParis4-20231022170901-2.4um-0.22m-78keV-volume-20260411134726-20260417190342-new_canon_autoresearch_recipe-tile256-stride128-ds8.jpg,PHercParis4,20231022170901,canon,3,6,1024,311,125,124,0.5768,0.5792,80,76,470.2,569.5,0.1769,0.1789
PHercParis4/segments/20231022170901/ink-detection/downsampled/PHercParis4-20231022170901-2.4um-0.22m-78keV-volume-20260411134726-20260417190342-new_canon_autoresearch_recipe-tile256-stride128-ds8.jpg,PHercParis4,20231022170901,canon,3,7,1024,311,125,124,0.9088,0.9082,72,73,729.3,696.1,0.1767,0.1779
PHercParis4/segments/20231022170901/ink-detection/downsampled/PHercParis4-20231022170901-2.4um-0.22m-78keV-volume-20260411134726-20260417190342-new_canon_autoresearch_recipe-tile256-stride128-ds8.jpg,PHercParis4,20231022170901,canon,3,8,1024,311,125,124,0.9015,0.9013,89,88,614.1,632.8,0.174,0.1755
PHercParis4/segments/20231022170901/ink-detection/downsampled/PHercParis4-20231022170901-2.4um-0.22m-78keV-volume-20260411134726-20260417190342-new_canon_autoresearch_recipe-tile256-stride128-ds8.jpg,PHercParis4,20231022170901,canon,3,9,1024,311,125,124,0.9042,0.9011,81,75,595.0,759.4,0.1674,0.1684
PHercParis4/segments/20231022170901/ink-detection/downsampled/PHercParis4-20231022170901-2.4um-0.22m-78keV-volume-20260411134726-20260417190342-new_canon_autoresearch_recipe-tile256-stride128-ds8.jpg,PHercParis4,20231022170901,canon,3,10,1024,311,125,124,0.8608,0.8608,66,60,460.6,506.2,0.1008,0.1028
PHercParis4/segments/20231022170901/ink-detection/downsampled/PHercParis4-20231022170901-2.4um-0.22m-78keV-volume-20260411134726-20260417190342-new_canon_autoresearch_recipe-tile256-stride128-ds8.jpg,PHercParis4,20231022170901,canon,3,11,1024,311,125,124,0.623,0.5949,77,74,403.0,379.7,0.0436,0.0431
PHercParis4/segments/20231022170901/ink-detection/downsampled/PHercParis4-20231022170901-2.4um-0.22m-78keV-volume-20260411134726-20260417190342-new_canon_autoresearch_recipe-tile256-stride128-ds8.jpg,PHercParis4,20231022170901,canon,3,12,1024,311,125,124,0.8792,0.8765,80,80,431.8,443.0,0.1308,0.1297
PHercParis4/segments/20231022170901/ink-detection/downsampled/PHercParis4-20231022170901-2.4um-0.22m-78keV-volume-20260411134726-20260417190342-new_canon_autoresearch_recipe-tile256-stride128-ds8.jpg,PHercParis4,20231022170901,canon,3,13,1024,311,125,124,0.9328,0.9265,68,67,671.7,696.1,0.1922,0.1956
PHercParis4/segments/20231022170901/ink-detection/downsampled/PHercParis4-20231022170901-2.4um-0.22m-78keV-volume-20260411134726-20260417190342-new_canon_autoresearch_recipe-tile256-stride128-ds8.jpg,PHercParis4,20231022170901,canon,3,14,1024,311,125,124,0.9223,0.9214,71,68,710.1,759.4,0.2013,0.2024
PHercParis4/segments/20231022170901/ink-detection/downsampled/PHercParis4-20231022170901-2.4um-0.22m-78keV-volume-20260411134726-20260417190342-new_canon_autoresearch_recipe-tile256-stride128-ds8.jpg,PHercParis4,20231022170901,canon,3,15,1024,311,125,124,0.9282,0.9336,85,78,633.3,632.8,0.2153,0.2175
PHercParis4/segments/20231022170901/ink-detection/downsampled/PHercParis4-20231022170901-2.4um-0.22m-78keV-volume-20260411134726-20260417190342-new_canon_autoresearch_recipe-tile256-stride128-ds8.jpg,PHercParis4,20231022170901,canon,3,16,1024,311,125,124,0.9361,0.9473,87,79,690.9,696.1,0.2011,0.2031
PHercParis4/segments/20231022170901/ink-detection/downsampled/PHercParis4-20231022170901-2.4um-0.22m-78keV-volume-20260411134726-20260417190342-new_canon_autoresearch_recipe-tile256-stride128-ds8.jpg,PHercParis4,20231022170901,canon,3,17,1024,311,125,124,0.9468,0.9455,74,67,710.1,759.4,0.1865,0.1867
PHercParis4/segments/20231022170901/ink-detection/downsampled/PHercParis4-20231022170901-2.4um-0.22m-78keV-volume-20260411134726-20260417190342-new_canon_autoresearch_recipe-tile256-stride128-ds8.jpg,PHercParis4,20231022170901,canon,3,18,1024,311,125,124,0.6179,0.6405,67,60,383.8,443.0,0.1058,0.1104
PHercParis4/segments/20231022170901/ink-detection/downsampled/PHercParis4-20231022170901-2.4um-0.22m-78keV-volume-20260411134726-20260417190342-new_canon_autoresearch_recipe-tile256-stride128-ds8.jpg,PHercParis4,20231022170901,canon,3,19,1024,311,125,124,0.5799,0.5905,61,55,364.6,379.7,0.0331,0.0327
PHercParis4/segments/20231022170901/ink-detection/downsampled/PHercParis4-20231022170901-2.4um-0.22m-78keV-volume-20260411134726-20260417190342-new_canon_autoresearch_recipe-tile256-stride128-ds8.jpg,PHercParis4,20231022170901,canon,3,20,1024,311,125,124,0.8462,0.8338,74,68,460.6,506.2,0.0791,0.0786
PHercParis4/segments/20231022170901/ink-detection/downsampled/PHercParis4-20231022170901-2.4um-0.22m-78keV-volume-20260411134726-20260417190342-new_canon_autoresearch_recipe-tile256-stride128-ds8.jpg,PHercParis4,20231022170901,canon,3,21,1024,311,125,124,0.9113,0.8945,88,85,537.4,569.5,0.1335,0.1356
PHercParis4/segments/20231022170901/ink-detection/downsampled/PHercParis4-20231022170901-2.4um-0.22m-78keV-volume-20260411134726-20260417190342-new_canon_autoresearch_recipe-tile256-stride128-ds8.jpg,PHercParis4,20231022170901,canon,3,22,1024,311,125,124,0.8732,0.8558,90,86,508.6,569.5,0.1402,0.1393
PHercParis4/segments/20231022170901/ink-detection/downsampled/PHercParis4-20231022170901-2.4um-0.22m-78keV-volume-20260411134726-20260417190342-new_canon_autoresearch_recipe-tile256-stride128-ds8.jpg,PHercParis4,20231022170901,canon,3,23,1024,311,125,124,0.8359,0.8214,96,91,508.6,569.5,0.1293,0.1297
PHercParis4/segments/20231022170901/ink-detection/downsampled/PHercParis4-20231022170901-2.4um-0.22m-78keV-volume-20260411134726-20260417190342-new_canon_autoresearch_recipe-tile256-stride128-ds8.jpg,PHercParis4,20231022170901,canon,3,24,1024,311,125,124,0.8371,0.8376,87,82,595.0,632.8,0.1195,0.1239
PHercParis4/segments/20231022170901/ink-detection/downsampled/PHercParis4-20231022170901-2.4um-0.22m-78keV-volume-20260411134726-20260417190342-new_canon_autoresearch_recipe-tile256-stride128-ds8.jpg,PHercParis4,20231022170901,canon,3,25,1024,311,125,124,0.8363,0.8335,85,83,633.3,632.8,0.1234,0.125
PHercParis4/segments/20231022170901/ink-detection/downsampled/PHercParis4-20231022170901-2.4um-0.22m-78keV-volume-20260411134726-20260417190342-new_canon_autoresearch_recipe-tile256-stride128-ds8.jpg,PHercParis4,20231022170901,canon,3,26,1024,311,125,124,0.8286,0.822,60,58,489.4,506.2,0.0719,0.0738
PHercParis4/segments/20231031143852/ink-detection/downsampled/PHercParis4-20231031143852-2.4um-0.22m-78keV-volume-20260411134726-20260417190342-new_canon_autoresearch_recipe-tile256-stride128-ds8.jpg,PHercParis4,20231031143852,canon,0,0,1024,311,121,121,0.6794,0.5545,44,42,374.2,379.7,0.026,0.0262
PHercParis4/segments/20231031143852/ink-detection/downsampled/PHercParis4-20231031143852-2.4um-0.22m-78keV-volume-20260411134726-20260417190342-new_canon_autoresearch_recipe-tile256-stride128-ds8.jpg,PHercParis4,20231031143852,canon,0,1,1024,311,121,121,0.9054,0.8991,56,53,451.0,443.0,0.0944,0.0943
PHercParis4/segments/20231031143852/ink-detection/downsampled/PHercParis4-20231031143852-2.4um-0.22m-78keV-volume-20260411134726-20260417190342-new_canon_autoresearch_recipe-tile256-stride128-ds8.jpg,PHercParis4,20231031143852,canon,0,2,1024,311,121,121,0.94,0.9489,66,61,690.9,822.6,0.1455,0.1457
PHercParis4/segments/20231031143852/ink-detection/downsampled/PHercParis4-20231031143852-2.4um-0.22m-78keV-volume-20260411134726-20260417190342-new_canon_autoresearch_recipe-tile256-stride128-ds8.jpg,PHercParis4,20231031143852,canon,0,3,1024,311,121,121,0.9042,0.895,84,78,422.2,506.2,0.1264,0.1265
PHercParis4/segments/20231031143852/ink-detection/downsampled/PHercParis4-20231031143852-2.4um-0.22m-78keV-volume-20260411134726-20260417190342-new_canon_autoresearch_recipe-tile256-stride128-ds8.jpg,PHercParis4,20231031143852,canon,0,4,1024,311,121,121,0.887,0.8748,87,81,422.2,506.2,0.1232,0.1231
PHercParis4/segments/20231031143852/ink-detection/downsampled/PHercParis4-20231031143852-2.4um-0.22m-78keV-volume-20260411134726-20260417190342-new_canon_autoresearch_recipe-tile256-stride128-ds8.jpg,PHercParis4,20231031143852,canon,0,5,1024,311,121,121,0.89,0.8862,78,74,595.0,632.8,0.1293,0.1297
PHercParis4/segments/20231031143852/ink-detection/downsampled/PHercParis4-20231031143852-2.4um-0.22m-78keV-volume-20260411134726-20260417190342-new_canon_autoresearch_recipe-tile256-stride128-ds8.jpg,PHercParis4,20231031143852,canon,0,6,1024,311,121,121,0.8405,0.8397,85,82,518.2,569.5,0.1223,0.1218
PHercParis4/segments/20231031143852/ink-detection/downsampled/PHercParis4-20231031143852-2.4um-0.22m-78keV-volume-20260411134726-20260417190342-new_canon_autoresearch_recipe-tile256-stride128-ds8.jpg,PHercParis4,20231031143852,canon,0,7,1024,311,121,121,0.8325,0.832,68,62,441.4,443.0,0.0778,0.0779
PHercParis4/segments/20231031143852/ink-detection/downsampled/PHercParis4-20231031143852-2.4um-0.22m-78keV-volume-20260411134726-20260417190342-new_canon_autoresearch_recipe-tile256-stride128-ds8.jpg,PHercParis4,20231031143852,canon,0,8,1024,311,121,121,0.6915,0.6895,41,36,364.6,411.3,0.0271,0.0273
PHercParis4/segments/20231031143852/ink-detection/downsampled/PHercParis4-20231031143852-2.4um-0.22m-78keV-volume-20260411134726-20260417190342-new_canon_autoresearch_recipe-tile256-stride128-ds8.jpg,PHercParis4,20231031143852,canon,1,0,1024,311,121,121,0.7004,0.6409,76,73,441.4,443.0,0.0553,0.0554
PHercParis4/segments/20231031143852/ink-detection/downsampled/PHercParis4-20231031143852-2.4um-0.22m-78keV-volume-20260411134726-20260417190342-new_canon_autoresearch_recipe-tile256-stride128-ds8.jpg,PHercParis4,20231031143852,canon,1,1,1024,311,121,121,0.8288,0.8142,92,89,489.4,506.2,0.1059,0.106
PHercParis4/segments/20231031143852/ink-detection/downsampled/PHercParis4-20231031143852-2.4um-0.22m-78keV-volume-20260411134726-20260417190342-new_canon_autoresearch_recipe-tile256-stride128-ds8.jpg,PHercParis4,20231031143852,canon,1,2,1024,311,121,121,0.8044,0.8077,112,104,575.8,601.2,0.1344,0.1349
PHercParis4/segments/20231031143852/ink-detection/downsampled/PHercParis4-20231031143852-2.4um-0.22m-78keV-volume-20260411134726-20260417190342-new_canon_autoresearch_recipe-tile256-stride128-ds8.jpg,PHercParis4,20231031143852,canon,1,3,1024,311,121,121,0.8224,0.817,106,99,556.6,569.5,0.1327,0.1332
PHercParis4/segments/20231031143852/ink-detection/downsampled/PHercParis4-20231031143852-2.4um-0.22m-78keV-volume-20260411134726-20260417190342-new_canon_autoresearch_recipe-tile256-stride128-ds8.jpg,PHercParis4,20231031143852,canon,1,4,1024,311,121,121,0.8609,0.8511,100,98,585.4,632.8,0.1301,0.1307
PHercParis4/segments/20231031143852/ink-detection/downsampled/PHercParis4-20231031143852-2.4um-0.22m-78keV-volume-20260411134726-20260417190342-new_canon_autoresearch_recipe-tile256-stride128-ds8.jpg,PHercParis4,20231031143852,canon,1,5,1024,311,121,121,0.8165,0.8325,108,104,566.2,569.5,0.1312,0.1312
PHercParis4/segments/20231031143852/ink-detection/downsampled/PHercParis4-20231031143852-2.4um-0.22m-78keV-volume-20260411134726-20260417190342-new_canon_autoresearch_recipe-tile256-stride128-ds8.jpg,PHercParis4,20231031143852,canon,1,6,1024,311,121,121,0.8253,0.8471,94,92,556.6,569.5,0.1425,0.1425
PHercParis4/segments/20231031143852/ink-detection/downsampled/PHercParis4-20231031143852-2.4um-0.22m-78keV-volume-20260411134726-20260417190342-new_canon_autoresearch_recipe-tile256-stride128-ds8.jpg,PHercParis4,20231031143852,canon,1,7,1024,311,121,121,0.8434,0.8435,70,67,451.0,443.0,0.0906,0.0913
PHercParis4/segments/20231031143852/ink-detection/downsampled/PHercParis4-20231031143852-2.4um-0.22m-78keV-volume-20260411134726-20260417190342-new_canon_autoresearch_recipe-tile256-stride128-ds8.jpg,PHercParis4,20231031143852,canon,1,8,1024,311,121,121,0.7407,0.741,57,52,403.0,443.0,0.0388,0.0389
PHercParis4/segments/20231031143852/ink-detection/downsampled/PHercParis4-20231031143852-2.4um-0.22m-78keV-volume-20260411134726-20260417190342-new_canon_autoresearch_recipe-tile256-stride128-ds8.jpg,PHercParis4,20231031143852,canon,2,0,1024,311,121,121,0.7502,0.7517,65,60,422.2,443.0,0.055,0.0547
PHercParis4/segments/20231031143852/ink-detection/downsampled/PHercParis4-20231031143852-2.4um-0.22m-78keV-volume-20260411134726-20260417190342-new_canon_autoresearch_recipe-tile256-stride128-ds8.jpg,PHercParis4,20231031143852,canon,2,1,1024,311,121,121,0.8088,0.8108,93,88,479.8,506.2,0.1016,0.1011
PHercParis4/segments/20231031143852/ink-detection/downsampled/PHercParis4-20231031143852-2.4um-0.22m-78keV-volume-20260411134726-20260417190342-new_canon_autoresearch_recipe-tile256-stride128-ds8.jpg,PHercParis4,20231031143852,canon,2,2,1024,311,121,121,0.7783,0.7805,110,104,547.0,569.5,0.1209,0.1206
PHercParis4/segments/20231031143852/ink-detection/downsampled/PHercParis4-20231031143852-2.4um-0.22m-78keV-volume-20260411134726-20260417190342-new_canon_autoresearch_recipe-tile256-stride128-ds8.jpg,PHercParis4,20231031143852,canon,2,3,1024,311,121,121,0.8288,0.8309,95,89,556.6,569.5,0.1211,0.1213
PHercParis4/segments/20231031143852/ink-detection/downsampled/PHercParis4-20231031143852-2.4um-0.22m-78keV-volume-20260411134726-20260417190342-new_canon_autoresearch_recipe-tile256-stride128-ds8.jpg,PHercParis4,20231031143852,canon,2,4,1024,311,121,121,0.8599,0.8579,94,91,595.0,632.8,0.1297,0.1295
PHercParis4/segments/20231031143852/ink-detection/downsampled/PHercParis4-20231031143852-2.4um-0.22m-78keV-volume-20260411134726-20260417190342-new_canon_autoresearch_recipe-tile256-stride128-ds8.jpg,PHercParis4,20231031143852,canon,2,5,1024,311,121,121,0.8016,0.8145,111,106,556.6,569.5,0.137,0.1363
PHercParis4/segments/20231031143852/ink-detection/downsampled/PHercParis4-20231031143852-2.4um-0.22m-78keV-volume-20260411134726-20260417190342-new_canon_autoresearch_recipe-tile256-stride128-ds8.jpg,PHercParis4,20231031143852,canon,2,6,1024,311,121,121,0.8294,0.8446,90,85,556.6,569.5,0.1388,0.1395
PHercParis4/segments/20231031143852/ink-detection/downsampled/PHercParis4-20231031143852-2.4um-0.22m-78keV-volume-20260411134726-20260417190342-new_canon_autoresearch_recipe-tile256-stride128-ds8.jpg,PHercParis4,20231031143852,canon,2,7,1024,311,121,121,0.7787,0.79,70,64,460.6,506.2,0.0825,0.0833
PHercParis4/segments/20231031143852/ink-detection/downsampled/PHercParis4-20231031143852-2.4um-0.22m-78keV-volume-20260411134726-20260417190342-new_canon_autoresearch_recipe-tile256-stride128-ds8.jpg,PHercParis4,20231031143852,canon,2,8,1024,311,121,121,0.607,0.6362,68,60,451.0,474.6,0.0414,0.0408
PHercParis4/segments/20231031143852/ink-detection/downsampled/PHercParis4-20231031143852-2.4um-0.22m-78keV-volume-20260411134726-20260417190342-new_canon_autoresearch_recipe-tile256-stride128-ds8.jpg,PHercParis4,20231031143852,canon,3,1,1024,311,121,121,0.8689,0.8693,75,68,633.3,696.1,0.1249,0.1248
PHercParis4/segments/20231031143852/ink-detection/downsampled/PHercParis4-20231031143852-2.4um-0.22m-78keV-volume-20260411134726-20260417190342-new_canon_autoresearch_recipe-tile256-stride128-ds8.jpg,PHercParis4,20231031143852,canon,3,2,1024,311,121,121,0.8668,0.8669,87,84,575.8,601.2,0.1223,0.1225
PHercParis4/segments/20231031143852/ink-detection/downsampled/PHercParis4-20231031143852-2.4um-0.22m-78keV-volume-20260411134726-20260417190342-new_canon_autoresearch_recipe-tile256-stride128-ds8.jpg,PHercParis4,20231031143852,canon,3,3,1024,311,121,121,0.8513,0.8228,88,86,547.0,537.9,0.1022,0.1025
PHercParis4/segments/20231031143852/ink-detection/downsampled/PHercParis4-20231031143852-2.4um-0.22m-78keV-volume-20260411134726-20260417190342-new_canon_autoresearch_recipe-tile256-stride128-ds8.jpg,PHercParis4,20231031143852,canon,3,4,1024,311,121,121,0.893,0.8757,87,85,575.8,569.5,0.1401,0.14
PHercParis4/segments/20231031143852/ink-detection/downsampled/PHercParis4-20231031143852-2.4um-0.22m-78keV-volume-20260411134726-20260417190342-new_canon_autoresearch_recipe-tile256-stride128-ds8.jpg,PHercParis4,20231031143852,canon,3,5,1024,311,121,121,0.8455,0.85,110,106,556.6,569.5,0.1572,0.1574
PHercParis4/segments/20231031143852/ink-detection/downsampled/PHercParis4-20231031143852-2.4um-0.22m-78keV-volume-20260411134726-20260417190342-new_canon_autoresearch_recipe-tile256-stride128-ds8.jpg,PHercParis4,20231031143852,canon,3,6,1024,311,121,121,0.8781,0.8729,102,96,479.8,506.2,0.1419,0.1427
PHercParis4/segments/20231031143852/ink-detection/downsampled/PHercParis4-20231031143852-2.4um-0.22m-78keV-volume-20260411134726-20260417190342-new_canon_autoresearch_recipe-tile256-stride128-ds8.jpg,PHercParis4,20231031143852,canon,3,7,1024,311,121,121,0.7887,0.7839,78,71,383.8,443.0,0.0804,0.081
PHercParis4/segments/20231031143852/ink-detection/downsampled/PHercParis4-20231031143852-2.4um-0.22m-78keV-volume-20260411134726-20260417190342-new_canon_autoresearch_recipe-tile256-stride128-ds8.jpg,PHercParis4,20231031143852,canon,3,8,1024,311,121,121,0.6626,0.6492,75,67,556.6,632.8,0.067,0.0664
PHercParis4/segments/20231031143852/ink-detection/downsampled/PHercParis4-20231031143852-2.4um-0.22m-78keV-volume-20260411134726-20260417190342-new_canon_autoresearch_recipe-tile256-stride128-ds8.jpg,PHercParis4,20231031143852,canon,4,1,1024,311,121,121,0.873,0.8745,89,82,575.8,632.8,0.1423,0.1412
PHercParis4/segments/20231031143852/ink-detection/downsampled/PHercParis4-20231031143852-2.4um-0.22m-78keV-volume-20260411134726-20260417190342-new_canon_autoresearch_recipe-tile256-stride128-ds8.jpg,PHercParis4,20231031143852,canon,4,2,1024,311,121,121,0.8592,0.8506,91,89,633.3,632.8,0.1288,0.1289
PHercParis4/segments/20231031143852/ink-detection/downsampled/PHercParis4-20231031143852-2.4um-0.22m-78keV-volume-20260411134726-20260417190342-new_canon_autoresearch_recipe-tile256-stride128-ds8.jpg,PHercParis4,20231031143852,canon,4,3,1024,311,121,121,0.8348,0.8013,76,74,604.5,632.8,0.1139,0.1145
PHercParis4/segments/20231031143852/ink-detection/downsampled/PHercParis4-20231031143852-2.4um-0.22m-78keV-volume-20260411134726-20260417190342-new_canon_autoresearch_recipe-tile256-stride128-ds8.jpg,PHercParis4,20231031143852,canon,4,4,1024,311,121,121,0.8991,0.88,93,86,537.4,569.5,0.153,0.1534
PHercParis4/segments/20231031143852/ink-detection/downsampled/PHercParis4-20231031143852-2.4um-0.22m-78keV-volume-20260411134726-20260417190342-new_canon_autoresearch_recipe-tile256-stride128-ds8.jpg,PHercParis4,20231031143852,canon,4,5,1024,311,121,121,0.8525,0.8572,124,115,499.0,506.2,0.1682,0.1687
PHercParis4/segments/20231031143852/ink-detection/downsampled/PHercParis4-20231031143852-2.4um-0.22m-78keV-volume-20260411134726-20260417190342-new_canon_autoresearch_recipe-tile256-stride128-ds8.jpg,PHercParis4,20231031143852,canon,4,6,1024,311,121,121,0.8626,0.8734,107,99,479.8,506.2,0.1535,0.1548
PHercParis4/segments/20231031143852/ink-detection/downsampled/PHercParis4-20231031143852-2.4um-0.22m-78keV-volume-20260411134726-20260417190342-new_canon_autoresearch_recipe-tile256-stride128-ds8.jpg,PHercParis4,20231031143852,canon,4,7,1024,311,121,121,0.774,0.7719,80,73,345.5,379.7,0.0714,0.0719
PHercParis4/segments/20231031143852/ink-detection/downsampled/PHercParis4-20231031143852-2.4um-0.22m-78keV-volume-20260411134726-20260417190342-new_canon_autoresearch_recipe-tile256-stride128-ds8.jpg,PHercParis4,20231031143852,canon,4,8,1024,311,121,121,0.7341,0.7041,78,72,470.2,506.2,0.0749,0.0747
PHercParis4/segments/20231031143852/ink-detection/downsampled/PHercParis4-20231031143852-2.4um-0.22m-78keV-volume-20260411134726-20260417190342-new_canon_autoresearch_recipe-tile256-stride128-ds8.jpg,PHercParis4,20231031143852,canon,5,1,1024,311,121,121,0.832,0.8325,90,83,566.2,632.8,0.1353,0.1345
PHercParis4/segments/20231031143852/ink-detection/downsampled/PHercParis4-20231031143852-2.4um-0.22m-78keV-volume-20260411134726-20260417190342-new_canon_autoresearch_recipe-tile256-stride128-ds8.jpg,PHercParis4,20231031143852,canon,5,2,1024,311,121,121,0.8657,0.8585,91,87,595.0,632.8,0.1504,0.1504
PHercParis4/segments/20231031143852/ink-detection/downsampled/PHercParis4-20231031143852-2.4um-0.22m-78keV-volume-20260411134726-20260417190342-new_canon_autoresearch_recipe-tile256-stride128-ds8.jpg,PHercParis4,20231031143852,canon,5,3,1024,311,121,121,0.8867,0.8675,75,73,652.5,632.8,0.1306,0.1309
PHercParis4/segments/20231031143852/ink-detection/downsampled/PHercParis4-20231031143852-2.4um-0.22m-78keV-volume-20260411134726-20260417190342-new_canon_autoresearch_recipe-tile256-stride128-ds8.jpg,PHercParis4,20231031143852,canon,5,4,1024,311,121,121,0.7686,0.7525,81,75,575.8,569.5,0.1613,0.1613
PHercParis4/segments/20231031143852/ink-detection/downsampled/PHercParis4-20231031143852-2.4um-0.22m-78keV-volume-20260411134726-20260417190342-new_canon_autoresearch_recipe-tile256-stride128-ds8.jpg,PHercParis4,20231031143852,canon,5,5,1024,311,121,121,0.7938,0.7867,92,81,489.4,569.5,0.185,0.1837
PHercParis4/segments/20231031143852/ink-detection/downsampled/PHercParis4-20231031143852-2.4um-0.22m-78keV-volume-20260411134726-20260417190342-new_canon_autoresearch_recipe-tile256-stride128-ds8.jpg,PHercParis4,20231031143852,canon,5,6,1024,311,121,121,0.8934,0.8915,80,74,585.4,664.4,0.1616,0.1614
PHercParis4/segments/20231031143852/ink-detection/downsampled/PHercParis4-20231031143852-2.4um-0.22m-78keV-volume-20260411134726-20260417190342-new_canon_autoresearch_recipe-tile256-stride128-ds8.jpg,PHercParis4,20231031143852,canon,5,7,1024,311,121,121,0.7509,0.7656,75,71,383.8,379.7,0.074,0.0749
PHercParis4/segments/20231031143852/ink-detection/downsampled/PHercParis4-20231031143852-2.4um-0.22m-78keV-volume-20260411134726-20260417190342-new_canon_autoresearch_recipe-tile256-stride128-ds8.jpg,PHercParis4,20231031143852,canon,5,8,1024,311,121,121,0.8006,0.8006,73,72,422.2,379.7,0.0743,0.0739
PHercParis4/segments/20231031143852/ink-detection/downsampled/PHercParis4-20231031143852-2.4um-0.22m-78keV-volume-20260411134726-20260417190342-new_canon_autoresearch_recipe-tile256-stride128-ds8.jpg,PHercParis4,20231031143852,canon,6,1,1024,311,121,121,0.875,0.8714,72,68,537.4,569.5,0.148,0.1487
PHercParis4/segments/20231031143852/ink-detection/downsampled/PHercParis4-20231031143852-2.4um-0.22m-78keV-volume-20260411134726-20260417190342-new_canon_autoresearch_recipe-tile256-stride128-ds8.jpg,PHercParis4,20231031143852,canon,6,2,1024,311,121,121,0.8855,0.8863,88,84,585.4,569.5,0.1795,0.1798
PHercParis4/segments/20231031143852/ink-detection/downsampled/PHercParis4-20231031143852-2.4um-0.22m-78keV-volume-20260411134726-20260417190342-new_canon_autoresearch_recipe-tile256-stride128-ds8.jpg,PHercParis4,20231031143852,canon,6,3,1024,311,121,121,0.9138,0.9096,74,72,642.9,696.1,0.1643,0.1641
PHercParis4/segments/20231031143852/ink-detection/downsampled/PHercParis4-20231031143852-2.4um-0.22m-78keV-volume-20260411134726-20260417190342-new_canon_autoresearch_recipe-tile256-stride128-ds8.jpg,PHercParis4,20231031143852,canon,6,4,1024,311,121,121,0.7582,0.7528,55,52,786.9,822.6,0.188,0.1884
PHercParis4/segments/20231031143852/ink-detection/downsampled/PHercParis4-20231031143852-2.4um-0.22m-78keV-volume-20260411134726-20260417190342-new_canon_autoresearch_recipe-tile256-stride128-ds8.jpg,PHercParis4,20231031143852,canon,6,5,1024,311,121,121,0.7752,0.7748,69,60,556.6,791.0,0.207,0.2079
PHercParis4/segments/20231031143852/ink-detection/downsampled/PHercParis4-20231031143852-2.4um-0.22m-78keV-volume-20260411134726-20260417190342-new_canon_autoresearch_recipe-tile256-stride128-ds8.jpg,PHercParis4,20231031143852,canon,6,6,1024,311,121,121,0.9225,0.9216,66,60,547.0,569.5,0.179,0.1791
PHercParis4/segments/20231031143852/ink-detection/downsampled/PHercParis4-20231031143852-2.4um-0.22m-78keV-volume-20260411134726-20260417190342-new_canon_autoresearch_recipe-tile256-stride128-ds8.jpg,PHercParis4,20231031143852,canon,6,7,1024,311,121,121,0.8224,0.8364,62,58,412.6,443.0,0.0858,0.0865
PHercParis4/segments/20231031143852/ink-detection/downsampled/PHercParis4-20231031143852-2.4um-0.22m-78keV-volume-20260411134726-20260417190342-new_canon_autoresearch_recipe-tile256-stride128-ds8.jpg,PHercParis4,20231031143852,canon,6,8,1024,311,121,121,0.8249,0.825,84,79,403.0,379.7,0.0849,0.0833
PHercParis4/segments/20231106155351/ink-detection/downsampled/PHercParis4-20231106155351-2.4um-0.22m-78keV-volume-20260411134726-20260417190342-new_canon_autoresearch_recipe-tile256-stride128-ds8.jpg,PHercParis4,20231106155351,canon,0,0,1024,311,124,124,0.9104,0.9043,82,79,518.2,506.2,0.1599,0.1595
PHercParis4/segments/20231106155351/ink-detection/downsampled/PHercParis4-20231106155351-2.4um-0.22m-78keV-volume-20260411134726-20260417190342-new_canon_autoresearch_recipe-tile256-stride128-ds8.jpg,PHercParis4,20231106155351,canon,0,1,1024,311,124,124,0.8642,0.8571,93,92,556.6,569.5,0.1836,0.1834
PHercParis4/segments/20231106155351/ink-detection/downsampled/PHercParis4-20231106155351-2.4um-0.22m-78keV-volume-20260411134726-20260417190342-new_canon_autoresearch_recipe-tile256-stride128-ds8.jpg,PHercParis4,20231106155351,canon,0,2,1024,311,124,124,0.7983,0.788,76,71,547.0,569.5,0.1101,0.1104
PHercParis4/segments/20231106155351/ink-detection/downsampled/PHercParis4-20231106155351-2.4um-0.22m-78keV-volume-20260411134726-20260417190342-new_canon_autoresearch_recipe-tile256-stride128-ds8.jpg,PHercParis4,20231106155351,canon,0,3,1024,311,124,124,0.763,0.7472,87,78,364.6,379.7,0.0783,0.0774
PHercParis4/segments/20231106155351/ink-detection/downsampled/PHercParis4-20231106155351-2.4um-0.22m-78keV-volume-20260411134726-20260417190342-new_canon_autoresearch_recipe-tile256-stride128-ds8.jpg,PHercParis4,20231106155351,canon,0,4,1024,311,124,124,0.687,0.6865,86,78,383.8,443.0,0.182,0.1804
PHercParis4/segments/20231106155351/ink-detection/downsampled/PHercParis4-20231106155351-2.4um-0.22m-78keV-volume-20260411134726-20260417190342-new_canon_autoresearch_recipe-tile256-stride128-ds8.jpg,PHercParis4,20231106155351,canon,0,5,1024,311,124,124,0.6167,0.6187,56,48,537.4,601.2,0.2355,0.2344
PHercParis4/segments/20231106155351/ink-detection/downsampled/PHercParis4-20231106155351-2.4um-0.22m-78keV-volume-20260411134726-20260417190342-new_canon_autoresearch_recipe-tile256-stride128-ds8.jpg,PHercParis4,20231106155351,canon,0,6,1024,311,124,124,0.6236,0.6289,60,52,537.4,601.2,0.2463,0.2464
PHercParis4/segments/20231106155351/ink-detection/downsampled/PHercParis4-20231106155351-2.4um-0.22m-78keV-volume-20260411134726-20260417190342-new_canon_autoresearch_recipe-tile256-stride128-ds8.jpg,PHercParis4,20231106155351,canon,0,7,1024,311,124,124,0.6749,0.6746,74,70,518.2,569.5,0.2238,0.2262
PHercParis4/segments/20231106155351/ink-detection/downsampled/PHercParis4-20231106155351-2.4um-0.22m-78keV-volume-20260411134726-20260417190342-new_canon_autoresearch_recipe-tile256-stride128-ds8.jpg,PHercParis4,20231106155351,canon,0,8,1024,311,124,124,0.7678,0.7524,84,79,623.7,696.1,0.1886,0.1889
PHercParis4/segments/20231106155351/ink-detection/downsampled/PHercParis4-20231106155351-2.4um-0.22m-78keV-volume-20260411134726-20260417190342-new_canon_autoresearch_recipe-tile256-stride128-ds8.jpg,PHercParis4,20231106155351,canon,0,9,1024,311,124,124,0.5262,0.5134,70,59,479.8,632.8,0.1827,0.1824
PHercParis4/segments/20231106155351/ink-detection/downsampled/PHercParis4-20231106155351-2.4um-0.22m-78keV-volume-20260411134726-20260417190342-new_canon_autoresearch_recipe-tile256-stride128-ds8.jpg,PHercParis4,20231106155351,canon,0,10,1024,311,124,124,0.4774,0.4764,55,49,345.5,379.7,0.09,0.0914
PHercParis4/segments/20231106155351/ink-detection/downsampled/PHercParis4-20231106155351-2.4um-0.22m-78keV-volume-20260411134726-20260417190342-new_canon_autoresearch_recipe-tile256-stride128-ds8.jpg,PHercParis4,20231106155351,canon,1,0,1024,311,124,124,0.8894,0.8901,84,82,537.4,537.9,0.1614,0.1615
PHercParis4/segments/20231106155351/ink-detection/downsampled/PHercParis4-20231106155351-2.4um-0.22m-78keV-volume-20260411134726-20260417190342-new_canon_autoresearch_recipe-tile256-stride128-ds8.jpg,PHercParis4,20231106155351,canon,1,1,1024,311,124,124,0.8519,0.8457,100,98,537.4,569.5,0.1801,0.1803
PHercParis4/segments/20231106155351/ink-detection/downsampled/PHercParis4-20231106155351-2.4um-0.22m-78keV-volume-20260411134726-20260417190342-new_canon_autoresearch_recipe-tile256-stride128-ds8.jpg,PHercParis4,20231106155351,canon,1,2,1024,311,124,124,0.7419,0.7213,96,93,460.6,443.0,0.11,0.1104
PHercParis4/segments/20231106155351/ink-detection/downsampled/PHercParis4-20231106155351-2.4um-0.22m-78keV-volume-20260411134726-20260417190342-new_canon_autoresearch_recipe-tile256-stride128-ds8.jpg,PHercParis4,20231106155351,canon,1,3,1024,311,124,124,0.7282,0.7043,107,98,403.0,443.0,0.0918,0.0909
PHercParis4/segments/20231106155351/ink-detection/downsampled/PHercParis4-20231106155351-2.4um-0.22m-78keV-volume-20260411134726-20260417190342-new_canon_autoresearch_recipe-tile256-stride128-ds8.jpg,PHercParis4,20231106155351,canon,1,4,1024,311,124,124,0.4169,0.4168,99,90,422.2,443.0,0.1866,0.1858
PHercParis4/segments/20231106155351/ink-detection/downsampled/PHercParis4-20231106155351-2.4um-0.22m-78keV-volume-20260411134726-20260417190342-new_canon_autoresearch_recipe-tile256-stride128-ds8.jpg,PHercParis4,20231106155351,canon,1,5,1024,311,124,124,0.3491,0.3497,81,73,499.0,506.2,0.2028,0.2022
PHercParis4/segments/20231106155351/ink-detection/downsampled/PHercParis4-20231106155351-2.4um-0.22m-78keV-volume-20260411134726-20260417190342-new_canon_autoresearch_recipe-tile256-stride128-ds8.jpg,PHercParis4,20231106155351,canon,1,6,1024,311,124,124,0.4724,0.4745,85,76,537.4,632.8,0.1933,0.1936
PHercParis4/segments/20231106155351/ink-detection/downsampled/PHercParis4-20231106155351-2.4um-0.22m-78keV-volume-20260411134726-20260417190342-new_canon_autoresearch_recipe-tile256-stride128-ds8.jpg,PHercParis4,20231106155351,canon,1,7,1024,311,124,124,0.4337,0.4337,88,86,547.0,569.5,0.2029,0.2056
PHercParis4/segments/20231106155351/ink-detection/downsampled/PHercParis4-20231106155351-2.4um-0.22m-78keV-volume-20260411134726-20260417190342-new_canon_autoresearch_recipe-tile256-stride128-ds8.jpg,PHercParis4,20231106155351,canon,1,8,1024,311,124,124,0.6078,0.5991,91,86,499.0,569.5,0.2059,0.206
PHercParis4/segments/20231106155351/ink-detection/downsampled/PHercParis4-20231106155351-2.4um-0.22m-78keV-volume-20260411134726-20260417190342-new_canon_autoresearch_recipe-tile256-stride128-ds8.jpg,PHercParis4,20231106155351,canon,1,9,1024,311,124,124,0.5265,0.5139,87,77,460.6,632.8,0.1949,0.1949
PHercParis4/segments/20231106155351/ink-detection/downsampled/PHercParis4-20231106155351-2.4um-0.22m-78keV-volume-20260411134726-20260417190342-new_canon_autoresearch_recipe-tile256-stride128-ds8.jpg,PHercParis4,20231106155351,canon,1,10,1024,311,124,124,0.7856,0.7973,83,74,422.2,506.2,0.104,0.1059
PHercParis4/segments/20231106155351/ink-detection/downsampled/PHercParis4-20231106155351-2.4um-0.22m-78keV-volume-20260411134726-20260417190342-new_canon_autoresearch_recipe-tile256-stride128-ds8.jpg,PHercParis4,20231106155351,canon,2,0,1024,311,124,124,0.8938,0.8949,80,79,633.3,632.8,0.1596,0.1592
PHercParis4/segments/20231106155351/ink-detection/downsampled/PHercParis4-20231106155351-2.4um-0.22m-78keV-volume-20260411134726-20260417190342-new_canon_autoresearch_recipe-tile256-stride128-ds8.jpg,PHercParis4,20231106155351,canon,2,1,1024,311,124,124,0.8549,0.849,94,91,556.6,569.5,0.1737,0.1734
PHercParis4/segments/20231106155351/ink-detection/downsampled/PHercParis4-20231106155351-2.4um-0.22m-78keV-volume-20260411134726-20260417190342-new_canon_autoresearch_recipe-tile256-stride128-ds8.jpg,PHercParis4,20231106155351,canon,2,2,1024,311,124,124,0.7069,0.6957,81,80,460.6,443.0,0.0843,0.0843
PHercParis4/segments/20231106155351/ink-detection/downsampled/PHercParis4-20231106155351-2.4um-0.22m-78keV-volume-20260411134726-20260417190342-new_canon_autoresearch_recipe-tile256-stride128-ds8.jpg,PHercParis4,20231106155351,canon,2,3,1024,311,124,124,0.7723,0.7756,86,80,431.8,443.0,0.1021,0.1012
PHercParis4/segments/20231106155351/ink-detection/downsampled/PHercParis4-20231106155351-2.4um-0.22m-78keV-volume-20260411134726-20260417190342-new_canon_autoresearch_recipe-tile256-stride128-ds8.jpg,PHercParis4,20231106155351,canon,2,4,1024,311,124,124,0.6854,0.6866,86,80,489.4,474.6,0.2111,0.2102
PHercParis4/segments/20231106155351/ink-detection/downsampled/PHercParis4-20231106155351-2.4um-0.22m-78keV-volume-20260411134726-20260417190342-new_canon_autoresearch_recipe-tile256-stride128-ds8.jpg,PHercParis4,20231106155351,canon,2,5,1024,311,124,124,0.5897,0.5925,74,70,527.8,632.8,0.192,0.1925
PHercParis4/segments/20231106155351/ink-detection/downsampled/PHercParis4-20231106155351-2.4um-0.22m-78keV-volume-20260411134726-20260417190342-new_canon_autoresearch_recipe-tile256-stride128-ds8.jpg,PHercParis4,20231106155351,canon,2,6,1024,311,124,124,0.7283,0.7312,75,68,595.0,632.8,0.1774,0.1769
PHercParis4/segments/20231106155351/ink-detection/downsampled/PHercParis4-20231106155351-2.4um-0.22m-78keV-volume-20260411134726-20260417190342-new_canon_autoresearch_recipe-tile256-stride128-ds8.jpg,PHercParis4,20231106155351,canon,2,7,1024,311,124,124,0.7677,0.765,75,72,595.0,569.5,0.2282,0.2288
PHercParis4/segments/20231106155351/ink-detection/downsampled/PHercParis4-20231106155351-2.4um-0.22m-78keV-volume-20260411134726-20260417190342-new_canon_autoresearch_recipe-tile256-stride128-ds8.jpg,PHercParis4,20231106155351,canon,2,8,1024,311,124,124,0.8022,0.7976,78,72,479.8,506.2,0.2474,0.2466
PHercParis4/segments/20231106155351/ink-detection/downsampled/PHercParis4-20231106155351-2.4um-0.22m-78keV-volume-20260411134726-20260417190342-new_canon_autoresearch_recipe-tile256-stride128-ds8.jpg,PHercParis4,20231106155351,canon,2,9,1024,311,124,124,0.4646,0.4521,73,67,422.2,506.2,0.2001,0.1996
PHercParis4/segments/20231106155351/ink-detection/downsampled/PHercParis4-20231106155351-2.4um-0.22m-78keV-volume-20260411134726-20260417190342-new_canon_autoresearch_recipe-tile256-stride128-ds8.jpg,PHercParis4,20231106155351,canon,2,10,1024,311,124,124,0.7715,0.4116,72,69,422.2,443.0,0.0957,0.0975
PHercParis4/segments/20231106155351/ink-detection/downsampled/PHercParis4-20231106155351-2.4um-0.22m-78keV-volume-20260411134726-20260417190342-new_canon_autoresearch_recipe-tile256-stride128-ds8.jpg,PHercParis4,20231106155351,canon,3,1,1024,311,124,124,0.8935,0.8907,106,102,537.4,569.5,0.1979,0.198
PHercParis4/segments/20231106155351/ink-detection/downsampled/PHercParis4-20231106155351-2.4um-0.22m-78keV-volume-20260411134726-20260417190342-new_canon_autoresearch_recipe-tile256-stride128-ds8.jpg,PHercParis4,20231106155351,canon,3,2,1024,311,124,124,0.8039,0.79,92,84,422.2,443.0,0.1002,0.1005
PHercParis4/segments/20231106155351/ink-detection/downsampled/PHercParis4-20231106155351-2.4um-0.22m-78keV-volume-20260411134726-20260417190342-new_canon_autoresearch_recipe-tile256-stride128-ds8.jpg,PHercParis4,20231106155351,canon,3,3,1024,311,124,124,0.5896,0.5805,86,78,412.6,443.0,0.1078,0.1075
PHercParis4/segments/20231106155351/ink-detection/downsampled/PHercParis4-20231106155351-2.4um-0.22m-78keV-volume-20260411134726-20260417190342-new_canon_autoresearch_recipe-tile256-stride128-ds8.jpg,PHercParis4,20231106155351,canon,3,4,1024,311,124,124,0.7832,0.7823,90,86,527.8,569.5,0.2085,0.2081
PHercParis4/segments/20231106155351/ink-detection/downsampled/PHercParis4-20231106155351-2.4um-0.22m-78keV-volume-20260411134726-20260417190342-new_canon_autoresearch_recipe-tile256-stride128-ds8.jpg,PHercParis4,20231106155351,canon,3,5,1024,311,124,124,0.7744,0.777,78,73,547.0,632.8,0.1957,0.1969
PHercParis4/segments/20231106155351/ink-detection/downsampled/PHercParis4-20231106155351-2.4um-0.22m-78keV-volume-20260411134726-20260417190342-new_canon_autoresearch_recipe-tile256-stride128-ds8.jpg,PHercParis4,20231106155351,canon,3,6,1024,311,124,124,0.7516,0.7566,80,74,585.4,632.8,0.1933,0.1939
PHercParis4/segments/20231106155351/ink-detection/downsampled/PHercParis4-20231106155351-2.4um-0.22m-78keV-volume-20260411134726-20260417190342-new_canon_autoresearch_recipe-tile256-stride128-ds8.jpg,PHercParis4,20231106155351,canon,3,7,1024,311,124,124,0.9496,0.9531,72,67,604.5,632.8,0.214,0.2145
PHercParis4/segments/20231106155351/ink-detection/downsampled/PHercParis4-20231106155351-2.4um-0.22m-78keV-volume-20260411134726-20260417190342-new_canon_autoresearch_recipe-tile256-stride128-ds8.jpg,PHercParis4,20231106155351,canon,3,8,1024,311,124,124,0.9366,0.9388,76,72,575.8,601.2,0.2161,0.2164
PHercParis4/segments/20231106155351/ink-detection/downsampled/PHercParis4-20231106155351-2.4um-0.22m-78keV-volume-20260411134726-20260417190342-new_canon_autoresearch_recipe-tile256-stride128-ds8.jpg,PHercParis4,20231106155351,canon,3,9,1024,311,124,124,0.562,0.5549,86,82,460.6,443.0,0.1706,0.1704
PHercParis4/segments/20231106155351/ink-detection/downsampled/PHercParis4-20231106155351-2.4um-0.22m-78keV-volume-20260411134726-20260417190342-new_canon_autoresearch_recipe-tile256-stride128-ds8.jpg,PHercParis4,20231106155351,canon,3,10,1024,311,124,124,0.7546,0.2696,71,69,403.0,379.7,0.0759,0.0766
PHercParis4/segments/20231106155351/ink-detection/downsampled/PHercParis4-20231106155351-2.4um-0.22m-78keV-volume-20260411134726-20260417190342-new_canon_autoresearch_recipe-tile256-stride128-ds8.jpg,PHercParis4,20231106155351,canon,4,1,1024,311,124,124,0.6973,0.6945,82,75,499.0,569.5,0.188,0.1875
PHercParis4/segments/20231106155351/ink-detection/downsampled/PHercParis4-20231106155351-2.4um-0.22m-78keV-volume-20260411134726-20260417190342-new_canon_autoresearch_recipe-tile256-stride128-ds8.jpg,PHercParis4,20231106155351,canon,4,2,1024,311,124,124,0.8011,0.7872,96,84,460.6,506.2,0.105,0.1051
PHercParis4/segments/20231106155351/ink-detection/downsampled/PHercParis4-20231106155351-2.4um-0.22m-78keV-volume-20260411134726-20260417190342-new_canon_autoresearch_recipe-tile256-stride128-ds8.jpg,PHercParis4,20231106155351,canon,4,3,1024,311,124,124,0.5911,0.5853,85,81,575.8,569.5,0.1158,0.1155
PHercParis4/segments/20231106155351/ink-detection/downsampled/PHercParis4-20231106155351-2.4um-0.22m-78keV-volume-20260411134726-20260417190342-new_canon_autoresearch_recipe-tile256-stride128-ds8.jpg,PHercParis4,20231106155351,canon,4,4,1024,311,124,124,0.778,0.7762,89,88,614.1,632.8,0.1985,0.1981
PHercParis4/segments/20231106155351/ink-detection/downsampled/PHercParis4-20231106155351-2.4um-0.22m-78keV-volume-20260411134726-20260417190342-new_canon_autoresearch_recipe-tile256-stride128-ds8.jpg,PHercParis4,20231106155351,canon,4,5,1024,311,124,124,0.9117,0.9114,83,78,518.2,569.5,0.1638,0.1642
PHercParis4/segments/20231106155351/ink-detection/downsampled/PHercParis4-20231106155351-2.4um-0.22m-78keV-volume-20260411134726-20260417190342-new_canon_autoresearch_recipe-tile256-stride128-ds8.jpg,PHercParis4,20231106155351,canon,4,6,1024,311,124,124,0.8542,0.8568,81,75,556.6,569.5,0.1254,0.1251
PHercParis4/segments/20231106155351/ink-detection/downsampled/PHercParis4-20231106155351-2.4um-0.22m-78keV-volume-20260411134726-20260417190342-new_canon_autoresearch_recipe-tile256-stride128-ds8.jpg,PHercParis4,20231106155351,canon,4,7,1024,311,124,124,0.923,0.9241,73,68,595.0,632.8,0.168,0.1667
PHercParis4/segments/20231106155351/ink-detection/downsampled/PHercParis4-20231106155351-2.4um-0.22m-78keV-volume-20260411134726-20260417190342-new_canon_autoresearch_recipe-tile256-stride128-ds8.jpg,PHercParis4,20231106155351,canon,4,8,1024,311,124,124,0.9324,0.9334,80,77,767.7,759.4,0.2265,0.226
PHercParis4/segments/20231106155351/ink-detection/downsampled/PHercParis4-20231106155351-2.4um-0.22m-78keV-volume-20260411134726-20260417190342-new_canon_autoresearch_recipe-tile256-stride128-ds8.jpg,PHercParis4,20231106155351,canon,4,9,1024,311,124,124,0.8505,0.8354,117,114,595.0,569.5,0.1808,0.1807
PHercParis4/segments/20231106155351/ink-detection/downsampled/PHercParis4-20231106155351-2.4um-0.22m-78keV-volume-20260411134726-20260417190342-new_canon_autoresearch_recipe-tile256-stride128-ds8.jpg,PHercParis4,20231106155351,canon,4,10,1024,311,124,124,0.6678,0.6591,108,99,479.8,506.2,0.0789,0.0784
PHercParis4/segments/20231106155351/ink-detection/downsampled/PHercParis4-20231106155351-2.4um-0.22m-78keV-volume-20260411134726-20260417190342-new_canon_autoresearch_recipe-tile256-stride128-ds8.jpg,PHercParis4,20231106155351,canon,5,1,1024,311,124,124,0.8539,0.8599,77,68,595.0,632.8,0.1413,0.1424
PHercParis4/segments/20231106155351/ink-detection/downsampled/PHercParis4-20231106155351-2.4um-0.22m-78keV-volume-20260411134726-20260417190342-new_canon_autoresearch_recipe-tile256-stride128-ds8.jpg,PHercParis4,20231106155351,canon,5,2,1024,311,124,124,0.7046,0.6997,72,64,547.0,569.5,0.0686,0.0695
PHercParis4/segments/20231106155351/ink-detection/downsampled/PHercParis4-20231106155351-2.4um-0.22m-78keV-volume-20260411134726-20260417190342-new_canon_autoresearch_recipe-tile256-stride128-ds8.jpg,PHercParis4,20231106155351,canon,5,3,1024,311,124,124,0.5568,0.5565,67,65,595.0,632.8,0.1123,0.1124
PHercParis4/segments/20231106155351/ink-detection/downsampled/PHercParis4-20231106155351-2.4um-0.22m-78keV-volume-20260411134726-20260417190342-new_canon_autoresearch_recipe-tile256-stride128-ds8.jpg,PHercParis4,20231106155351,canon,5,4,1024,311,124,124,0.7315,0.7291,78,74,710.1,791.0,0.2074,0.2076
PHercParis4/segments/20231106155351/ink-detection/downsampled/PHercParis4-20231106155351-2.4um-0.22m-78keV-volume-20260411134726-20260417190342-new_canon_autoresearch_recipe-tile256-stride128-ds8.jpg,PHercParis4,20231106155351,canon,5,5,1024,311,124,124,0.9495,0.9475,68,66,585.4,632.8,0.1691,0.1695
PHercParis4/segments/20231106155351/ink-detection/downsampled/PHercParis4-20231106155351-2.4um-0.22m-78keV-volume-20260411134726-20260417190342-new_canon_autoresearch_recipe-tile256-stride128-ds8.jpg,PHercParis4,20231106155351,canon,5,6,1024,311,124,124,0.897,0.8872,61,57,595.0,696.1,0.1251,0.1241
PHercParis4/segments/20231106155351/ink-detection/downsampled/PHercParis4-20231106155351-2.4um-0.22m-78keV-volume-20260411134726-20260417190342-new_canon_autoresearch_recipe-tile256-stride128-ds8.jpg,PHercParis4,20231106155351,canon,5,7,1024,311,124,124,0.9277,0.9252,67,62,844.4,949.2,0.182,0.1805
PHercParis4/segments/20231106155351/ink-detection/downsampled/PHercParis4-20231106155351-2.4um-0.22m-78keV-volume-20260411134726-20260417190342-new_canon_autoresearch_recipe-tile256-stride128-ds8.jpg,PHercParis4,20231106155351,canon,5,8,1024,311,124,124,0.7751,0.7772,84,80,556.6,664.4,0.2529,0.2535
PHercParis4/segments/20231106155351/ink-detection/downsampled/PHercParis4-20231106155351-2.4um-0.22m-78keV-volume-20260411134726-20260417190342-new_canon_autoresearch_recipe-tile256-stride128-ds8.jpg,PHercParis4,20231106155351,canon,5,9,1024,311,124,124,0.6479,0.6364,111,106,499.0,506.2,0.1875,0.189
PHercParis4/segments/20231106155351/ink-detection/downsampled/PHercParis4-20231106155351-2.4um-0.22m-78keV-volume-20260411134726-20260417190342-new_canon_autoresearch_recipe-tile256-stride128-ds8.jpg,PHercParis4,20231106155351,canon,5,10,1024,311,124,124,0.5822,0.5696,104,97,470.2,506.2,0.0666,0.0672
PHercParis4/segments/20231106155351/ink-detection/downsampled/PHercParis4-20231106155351-2.4um-0.22m-78keV-volume-20260411134726-20260417190342-new_canon_autoresearch_recipe-tile256-stride128-ds8.jpg,PHercParis4,20231106155351,canon,6,1,1024,311,124,124,0.8786,0.8856,81,75,460.6,443.0,0.1405,0.14
PHercParis4/segments/20231106155351/ink-detection/downsampled/PHercParis4-20231106155351-2.4um-0.22m-78keV-volume-20260411134726-20260417190342-new_canon_autoresearch_recipe-tile256-stride128-ds8.jpg,PHercParis4,20231106155351,canon,6,2,1024,311,124,124,0.6974,0.6825,72,68,393.4,443.0,0.0532,0.0537
PHercParis4/segments/20231106155351/ink-detection/downsampled/PHercParis4-20231106155351-2.4um-0.22m-78keV-volume-20260411134726-20260417190342-new_canon_autoresearch_recipe-tile256-stride128-ds8.jpg,PHercParis4,20231106155351,canon,6,3,1024,311,124,124,0.472,0.4462,71,65,422.2,443.0,0.085,0.0846
PHercParis4/segments/20231106155351/ink-detection/downsampled/PHercParis4-20231106155351-2.4um-0.22m-78keV-volume-20260411134726-20260417190342-new_canon_autoresearch_recipe-tile256-stride128-ds8.jpg,PHercParis4,20231106155351,canon,6,4,1024,311,124,124,0.6926,0.6909,73,66,595.0,632.8,0.1786,0.1779
PHercParis4/segments/20231106155351/ink-detection/downsampled/PHercParis4-20231106155351-2.4um-0.22m-78keV-volume-20260411134726-20260417190342-new_canon_autoresearch_recipe-tile256-stride128-ds8.jpg,PHercParis4,20231106155351,canon,6,5,1024,311,124,124,0.947,0.9491,60,59,604.5,632.8,0.1792,0.1789
PHercParis4/segments/20231106155351/ink-detection/downsampled/PHercParis4-20231106155351-2.4um-0.22m-78keV-volume-20260411134726-20260417190342-new_canon_autoresearch_recipe-tile256-stride128-ds8.jpg,PHercParis4,20231106155351,canon,6,6,1024,311,124,124,0.9203,0.914,63,61,690.9,759.4,0.1619,0.1593
PHercParis4/segments/20231106155351/ink-detection/downsampled/PHercParis4-20231106155351-2.4um-0.22m-78keV-volume-20260411134726-20260417190342-new_canon_autoresearch_recipe-tile256-stride128-ds8.jpg,PHercParis4,20231106155351,canon,6,7,1024,311,124,124,0.8938,0.8892,71,67,575.8,696.1,0.181,0.178
PHercParis4/segments/20231106155351/ink-detection/downsampled/PHercParis4-20231106155351-2.4um-0.22m-78keV-volume-20260411134726-20260417190342-new_canon_autoresearch_recipe-tile256-stride128-ds8.jpg,PHercParis4,20231106155351,canon,6,8,1024,311,124,124,0.5735,0.5793,84,78,470.2,506.2,0.2154,0.217
PHercParis4/segments/20231106155351/ink-detection/downsampled/PHercParis4-20231106155351-2.4um-0.22m-78keV-volume-20260411134726-20260417190342-new_canon_autoresearch_recipe-tile256-stride128-ds8.jpg,PHercParis4,20231106155351,canon,6,9,1024,311,124,124,0.4302,0.4493,105,98,383.8,443.0,0.1451,0.1481
PHercParis4/segments/20231106155351/ink-detection/downsampled/PHercParis4-20231106155351-2.4um-0.22m-78keV-volume-20260411134726-20260417190342-new_canon_autoresearch_recipe-tile256-stride128-ds8.jpg,PHercParis4,20231106155351,canon,6,10,1024,311,124,124,0.3858,0.3926,95,88,383.8,411.3,0.042,0.0424
PHercParis4/segments/20231210121321/ink-detection/downsampled/PHercParis4-20231210121321-2.4um-0.22m-78keV-volume-20260411134726-20260417190342-new_canon_autoresearch_recipe-tile256-stride128-ds8.jpg,PHercParis4,20231210121321,canon,0,0,1024,311,125,124,0.6677,0.67,71,66,383.8,411.3,0.0583,0.0586
PHercParis4/segments/20231210121321/ink-detection/downsampled/PHercParis4-20231210121321-2.4um-0.22m-78keV-volume-20260411134726-20260417190342-new_canon_autoresearch_recipe-tile256-stride128-ds8.jpg,PHercParis4,20231210121321,canon,0,1,1024,311,125,124,0.6189,0.6217,78,71,451.0,443.0,0.0601,0.0605
PHercParis4/segments/20231210121321/ink-detection/downsampled/PHercParis4-20231210121321-2.4um-0.22m-78keV-volume-20260411134726-20260417190342-new_canon_autoresearch_recipe-tile256-stride128-ds8.jpg,PHercParis4,20231210121321,canon,0,3,1024,311,125,124,0.9272,0.917,64,60,441.4,506.2,0.1361,0.1367
PHercParis4/segments/20231210121321/ink-detection/downsampled/PHercParis4-20231210121321-2.4um-0.22m-78keV-volume-20260411134726-20260417190342-new_canon_autoresearch_recipe-tile256-stride128-ds8.jpg,PHercParis4,20231210121321,canon,0,4,1024,311,125,124,0.6671,0.6685,86,81,441.4,443.0,0.1779,0.1787
PHercParis4/segments/20231210121321/ink-detection/downsampled/PHercParis4-20231210121321-2.4um-0.22m-78keV-volume-20260411134726-20260417190342-new_canon_autoresearch_recipe-tile256-stride128-ds8.jpg,PHercParis4,20231210121321,canon,0,5,1024,311,125,124,0.71,0.7132,99,95,499.0,506.2,0.1754,0.1761
PHercParis4/segments/20231210121321/ink-detection/downsampled/PHercParis4-20231210121321-2.4um-0.22m-78keV-volume-20260411134726-20260417190342-new_canon_autoresearch_recipe-tile256-stride128-ds8.jpg,PHercParis4,20231210121321,canon,0,6,1024,311,125,124,0.8747,0.8794,72,68,595.0,632.8,0.1326,0.1345
PHercParis4/segments/20231210121321/ink-detection/downsampled/PHercParis4-20231210121321-2.4um-0.22m-78keV-volume-20260411134726-20260417190342-new_canon_autoresearch_recipe-tile256-stride128-ds8.jpg,PHercParis4,20231210121321,canon,1,0,1024,311,125,124,0.4647,0.476,84,76,364.6,379.7,0.0943,0.0944
PHercParis4/segments/20231210121321/ink-detection/downsampled/PHercParis4-20231210121321-2.4um-0.22m-78keV-volume-20260411134726-20260417190342-new_canon_autoresearch_recipe-tile256-stride128-ds8.jpg,PHercParis4,20231210121321,canon,1,1,1024,311,125,124,0.7614,0.7616,110,103,479.8,506.2,0.1261,0.1265
PHercParis4/segments/20231210121321/ink-detection/downsampled/PHercParis4-20231210121321-2.4um-0.22m-78keV-volume-20260411134726-20260417190342-new_canon_autoresearch_recipe-tile256-stride128-ds8.jpg,PHercParis4,20231210121321,canon,1,2,1024,311,125,124,0.8816,0.8746,100,93,547.0,569.5,0.2195,0.2196
PHercParis4/segments/20231210121321/ink-detection/downsampled/PHercParis4-20231210121321-2.4um-0.22m-78keV-volume-20260411134726-20260417190342-new_canon_autoresearch_recipe-tile256-stride128-ds8.jpg,PHercParis4,20231210121321,canon,1,3,1024,311,125,124,0.9411,0.9336,81,73,518.2,569.5,0.2247,0.2246
PHercParis4/segments/20231210121321/ink-detection/downsampled/PHercParis4-20231210121321-2.4um-0.22m-78keV-volume-20260411134726-20260417190342-new_canon_autoresearch_recipe-tile256-stride128-ds8.jpg,PHercParis4,20231210121321,canon,1,4,1024,311,125,124,0.5074,0.4896,97,85,383.8,379.7,0.222,0.2222
PHercParis4/segments/20231210121321/ink-detection/downsampled/PHercParis4-20231210121321-2.4um-0.22m-78keV-volume-20260411134726-20260417190342-new_canon_autoresearch_recipe-tile256-stride128-ds8.jpg,PHercParis4,20231210121321,canon,1,5,1024,311,125,124,0.7534,0.7561,93,89,441.4,443.0,0.2028,0.2037
PHercParis4/segments/20231210121321/ink-detection/downsampled/PHercParis4-20231210121321-2.4um-0.22m-78keV-volume-20260411134726-20260417190342-new_canon_autoresearch_recipe-tile256-stride128-ds8.jpg,PHercParis4,20231210121321,canon,1,6,1024,311,125,124,0.5888,0.5939,80,80,479.8,506.2,0.2088,0.2094
PHercParis4/segments/20231210121321/ink-detection/downsampled/PHercParis4-20231210121321-2.4um-0.22m-78keV-volume-20260411134726-20260417190342-new_canon_autoresearch_recipe-tile256-stride128-ds8.jpg,PHercParis4,20231210121321,canon,1,7,1024,311,125,124,0.5219,0.5268,80,76,422.2,379.7,0.1711,0.1727
PHercParis4/segments/20231210121321/ink-detection/downsampled/PHercParis4-20231210121321-2.4um-0.22m-78keV-volume-20260411134726-20260417190342-new_canon_autoresearch_recipe-tile256-stride128-ds8.jpg,PHercParis4,20231210121321,canon,2,0,1024,311,125,124,0.7618,0.7606,79,71,383.8,443.0,0.0693,0.0698
PHercParis4/segments/20231210121321/ink-detection/downsampled/PHercParis4-20231210121321-2.4um-0.22m-78keV-volume-20260411134726-20260417190342-new_canon_autoresearch_recipe-tile256-stride128-ds8.jpg,PHercParis4,20231210121321,canon,2,1,1024,311,125,124,0.8168,0.8157,108,101,470.2,506.2,0.1357,0.1361
PHercParis4/segments/20231210121321/ink-detection/downsampled/PHercParis4-20231210121321-2.4um-0.22m-78keV-volume-20260411134726-20260417190342-new_canon_autoresearch_recipe-tile256-stride128-ds8.jpg,PHercParis4,20231210121321,canon,2,2,1024,311,125,124,0.8179,0.8165,95,89,556.6,569.5,0.2096,0.2101
PHercParis4/segments/20231210121321/ink-detection/downsampled/PHercParis4-20231210121321-2.4um-0.22m-78keV-volume-20260411134726-20260417190342-new_canon_autoresearch_recipe-tile256-stride128-ds8.jpg,PHercParis4,20231210121321,canon,2,3,1024,311,125,124,0.8406,0.8395,84,75,595.0,696.1,0.2109,0.2115
PHercParis4/segments/20231210121321/ink-detection/downsampled/PHercParis4-20231210121321-2.4um-0.22m-78keV-volume-20260411134726-20260417190342-new_canon_autoresearch_recipe-tile256-stride128-ds8.jpg,PHercParis4,20231210121321,canon,2,4,1024,311,125,124,0.5974,0.599,96,85,403.0,506.2,0.2233,0.2243
PHercParis4/segments/20231210121321/ink-detection/downsampled/PHercParis4-20231210121321-2.4um-0.22m-78keV-volume-20260411134726-20260417190342-new_canon_autoresearch_recipe-tile256-stride128-ds8.jpg,PHercParis4,20231210121321,canon,2,5,1024,311,125,124,0.9193,0.9134,100,93,470.2,506.2,0.2183,0.2199
PHercParis4/segments/20231210121321/ink-detection/downsampled/PHercParis4-20231210121321-2.4um-0.22m-78keV-volume-20260411134726-20260417190342-new_canon_autoresearch_recipe-tile256-stride128-ds8.jpg,PHercParis4,20231210121321,canon,2,6,1024,311,125,124,0.6909,0.689,86,82,479.8,506.2,0.2304,0.2305
PHercParis4/segments/20231210121321/ink-detection/downsampled/PHercParis4-20231210121321-2.4um-0.22m-78keV-volume-20260411134726-20260417190342-new_canon_autoresearch_recipe-tile256-stride128-ds8.jpg,PHercParis4,20231210121321,canon,2,7,1024,311,125,124,0.6643,0.6632,71,72,441.4,443.0,0.1976,0.1994
PHercParis4/segments/20231210121321/ink-detection/downsampled/PHercParis4-20231210121321-2.4um-0.22m-78keV-volume-20260411134726-20260417190342-new_canon_autoresearch_recipe-tile256-stride128-ds8.jpg,PHercParis4,20231210121321,canon,3,0,1024,311,125,124,0.6531,0.6523,80,76,451.0,474.6,0.054,0.0541
PHercParis4/segments/20231210121321/ink-detection/downsampled/PHercParis4-20231210121321-2.4um-0.22m-78keV-volume-20260411134726-20260417190342-new_canon_autoresearch_recipe-tile256-stride128-ds8.jpg,PHercParis4,20231210121321,canon,3,1,1024,311,125,124,0.8425,0.8441,116,110,479.8,506.2,0.1697,0.1699
PHercParis4/segments/20231210121321/ink-detection/downsampled/PHercParis4-20231210121321-2.4um-0.22m-78keV-volume-20260411134726-20260417190342-new_canon_autoresearch_recipe-tile256-stride128-ds8.jpg,PHercParis4,20231210121321,canon,3,2,1024,311,125,124,0.8364,0.8373,98,93,518.2,506.2,0.2253,0.2256
PHercParis4/segments/20231210121321/ink-detection/downsampled/PHercParis4-20231210121321-2.4um-0.22m-78keV-volume-20260411134726-20260417190342-new_canon_autoresearch_recipe-tile256-stride128-ds8.jpg,PHercParis4,20231210121321,canon,3,3,1024,311,125,124,0.8351,0.8355,84,77,575.8,696.1,0.1974,0.1972
PHercParis4/segments/20231210121321/ink-detection/downsampled/PHercParis4-20231210121321-2.4um-0.22m-78keV-volume-20260411134726-20260417190342-new_canon_autoresearch_recipe-tile256-stride128-ds8.jpg,PHercParis4,20231210121321,canon,3,4,1024,311,125,124,0.7493,0.749,85,75,479.8,632.8,0.2158,0.2157
PHercParis4/segments/20231210121321/ink-detection/downsampled/PHercParis4-20231210121321-2.4um-0.22m-78keV-volume-20260411134726-20260417190342-new_canon_autoresearch_recipe-tile256-stride128-ds8.jpg,PHercParis4,20231210121321,canon,3,5,1024,311,125,124,0.9291,0.9251,98,90,556.6,569.5,0.2295,0.23
PHercParis4/segments/20231210121321/ink-detection/downsampled/PHercParis4-20231210121321-2.4um-0.22m-78keV-volume-20260411134726-20260417190342-new_canon_autoresearch_recipe-tile256-stride128-ds8.jpg,PHercParis4,20231210121321,canon,3,6,1024,311,125,124,0.5506,0.5514,70,68,470.2,506.2,0.2416,0.2401
PHercParis4/segments/20231210121321/ink-detection/downsampled/PHercParis4-20231210121321-2.4um-0.22m-78keV-volume-20260411134726-20260417190342-new_canon_autoresearch_recipe-tile256-stride128-ds8.jpg,PHercParis4,20231210121321,canon,3,7,1024,311,125,124,0.4313,0.4277,57,54,460.6,474.6,0.2063,0.2075
PHercParis4/segments/20231210121321/ink-detection/downsampled/PHercParis4-20231210121321-2.4um-0.22m-78keV-volume-20260411134726-20260417190342-new_canon_autoresearch_recipe-tile256-stride128-ds8.jpg,PHercParis4,20231210121321,canon,4,1,1024,311,125,124,0.6277,0.6303,140,131,470.2,506.2,0.2002,0.201
PHercParis4/segments/20231210121321/ink-detection/downsampled/PHercParis4-20231210121321-2.4um-0.22m-78keV-volume-20260411134726-20260417190342-new_canon_autoresearch_recipe-tile256-stride128-ds8.jpg,PHercParis4,20231210121321,canon,4,2,1024,311,125,124,0.7793,0.7821,105,101,479.8,506.2,0.2689,0.2704
PHercParis4/segments/20231210121321/ink-detection/downsampled/PHercParis4-20231210121321-2.4um-0.22m-78keV-volume-20260411134726-20260417190342-new_canon_autoresearch_recipe-tile256-stride128-ds8.jpg,PHercParis4,20231210121321,canon,4,3,1024,311,125,124,0.7324,0.7323,92,86,460.6,506.2,0.2184,0.2195
PHercParis4/segments/20231210121321/ink-detection/downsampled/PHercParis4-20231210121321-2.4um-0.22m-78keV-volume-20260411134726-20260417190342-new_canon_autoresearch_recipe-tile256-stride128-ds8.jpg,PHercParis4,20231210121321,canon,4,4,1024,311,125,124,0.9229,0.9227,92,85,422.2,443.0,0.2009,0.2018
PHercParis4/segments/20231210121321/ink-detection/downsampled/PHercParis4-20231210121321-2.4um-0.22m-78keV-volume-20260411134726-20260417190342-new_canon_autoresearch_recipe-tile256-stride128-ds8.jpg,PHercParis4,20231210121321,canon,4,5,1024,311,125,124,0.9241,0.9249,89,86,460.6,506.2,0.2103,0.2111
PHercParis4/segments/20231210121321/ink-detection/downsampled/PHercParis4-20231210121321-2.4um-0.22m-78keV-volume-20260411134726-20260417190342-new_canon_autoresearch_recipe-tile256-stride128-ds8.jpg,PHercParis4,20231210121321,canon,4,6,1024,311,125,124,0.7232,0.7276,70,72,537.4,506.2,0.2273,0.228
PHercParis4/segments/20231210121321/ink-detection/downsampled/PHercParis4-20231210121321-2.4um-0.22m-78keV-volume-20260411134726-20260417190342-new_canon_autoresearch_recipe-tile256-stride128-ds8.jpg,PHercParis4,20231210121321,canon,4,7,1024,311,125,124,0.2996,0.3082,64,61,412.6,443.0,0.1668,0.1696
PHercParis4/segments/20231210121321/ink-detection/downsampled/PHercParis4-20231210121321-2.4um-0.22m-78keV-volume-20260411134726-20260417190342-new_canon_autoresearch_recipe-tile256-stride128-ds8.jpg,PHercParis4,20231210121321,canon,5,1,1024,311,125,124,0.5505,0.5513,124,111,422.2,506.2,0.1574,0.1576
PHercParis4/segments/20231210121321/ink-detection/downsampled/PHercParis4-20231210121321-2.4um-0.22m-78keV-volume-20260411134726-20260417190342-new_canon_autoresearch_recipe-tile256-stride128-ds8.jpg,PHercParis4,20231210121321,canon,5,2,1024,311,125,124,0.7424,0.7439,119,109,422.2,443.0,0.2433,0.2437
PHercParis4/segments/20231210121321/ink-detection/downsampled/PHercParis4-20231210121321-2.4um-0.22m-78keV-volume-20260411134726-20260417190342-new_canon_autoresearch_recipe-tile256-stride128-ds8.jpg,PHercParis4,20231210121321,canon,5,3,1024,311,125,124,0.733,0.7325,93,88,460.6,506.2,0.218,0.2183
PHercParis4/segments/20231210121321/ink-detection/downsampled/PHercParis4-20231210121321-2.4um-0.22m-78keV-volume-20260411134726-20260417190342-new_canon_autoresearch_recipe-tile256-stride128-ds8.jpg,PHercParis4,20231210121321,canon,5,4,1024,311,125,124,0.831,0.8301,87,82,479.8,506.2,0.2003,0.2009
PHercParis4/segments/20231210121321/ink-detection/downsampled/PHercParis4-20231210121321-2.4um-0.22m-78keV-volume-20260411134726-20260417190342-new_canon_autoresearch_recipe-tile256-stride128-ds8.jpg,PHercParis4,20231210121321,canon,5,5,1024,311,125,124,0.9332,0.9335,84,81,518.2,569.5,0.1923,0.1929
PHercParis4/segments/20231210121321/ink-detection/downsampled/PHercParis4-20231210121321-2.4um-0.22m-78keV-volume-20260411134726-20260417190342-new_canon_autoresearch_recipe-tile256-stride128-ds8.jpg,PHercParis4,20231210121321,canon,5,6,1024,311,125,124,0.9295,0.9282,88,88,566.2,569.5,0.2213,0.2209
PHercParis4/segments/20231210121321/ink-detection/downsampled/PHercParis4-20231210121321-2.4um-0.22m-78keV-volume-20260411134726-20260417190342-new_canon_autoresearch_recipe-tile256-stride128-ds8.jpg,PHercParis4,20231210121321,canon,5,7,1024,311,125,124,0.6212,0.6193,78,77,441.4,443.0,0.1585,0.1588
PHercParis4/segments/20231210121321/ink-detection/downsampled/PHercParis4-20231210121321-2.4um-0.22m-78keV-volume-20260411134726-20260417190342-new_canon_autoresearch_recipe-tile256-stride128-ds8.jpg,PHercParis4,20231210121321,canon,6,1,1024,311,125,124,0.4593,0.4609,97,84,403.0,443.0,0.1411,0.1412
PHercParis4/segments/20231210121321/ink-detection/downsampled/PHercParis4-20231210121321-2.4um-0.22m-78keV-volume-20260411134726-20260417190342-new_canon_autoresearch_recipe-tile256-stride128-ds8.jpg,PHercParis4,20231210121321,canon,6,2,1024,311,125,124,0.6024,0.6021,103,93,441.4,443.0,0.2427,0.2428
PHercParis4/segments/20231210121321/ink-detection/downsampled/PHercParis4-20231210121321-2.4um-0.22m-78keV-volume-20260411134726-20260417190342-new_canon_autoresearch_recipe-tile256-stride128-ds8.jpg,PHercParis4,20231210121321,canon,6,3,1024,311,125,124,0.8033,0.8025,83,79,422.2,443.0,0.2165,0.2169
PHercParis4/segments/20231210121321/ink-detection/downsampled/PHercParis4-20231210121321-2.4um-0.22m-78keV-volume-20260411134726-20260417190342-new_canon_autoresearch_recipe-tile256-stride128-ds8.jpg,PHercParis4,20231210121321,canon,6,4,1024,311,125,124,0.8055,0.802,76,73,431.8,443.0,0.2124,0.213
PHercParis4/segments/20231210121321/ink-detection/downsampled/PHercParis4-20231210121321-2.4um-0.22m-78keV-volume-20260411134726-20260417190342-new_canon_autoresearch_recipe-tile256-stride128-ds8.jpg,PHercParis4,20231210121321,canon,6,5,1024,311,125,124,0.9432,0.9404,77,75,479.8,506.2,0.2162,0.217
PHercParis4/segments/20231210121321/ink-detection/downsampled/PHercParis4-20231210121321-2.4um-0.22m-78keV-volume-20260411134726-20260417190342-new_canon_autoresearch_recipe-tile256-stride128-ds8.jpg,PHercParis4,20231210121321,canon,6,6,1024,311,125,124,0.9283,0.9265,89,88,518.2,537.9,0.231,0.2315
PHercParis4/segments/20231210121321/ink-detection/downsampled/PHercParis4-20231210121321-2.4um-0.22m-78keV-volume-20260411134726-20260417190342-new_canon_autoresearch_recipe-tile256-stride128-ds8.jpg,PHercParis4,20231210121321,canon,6,7,1024,311,125,124,0.8919,0.8926,86,79,412.6,506.2,0.1459,0.1463
PHercParis4/segments/20231210121321/ink-detection/downsampled/PHercParis4-20231210121321-2.4um-0.22m-78keV-volume-20260411134726-20260417190342-new_canon_autoresearch_recipe-tile256-stride128-ds8.jpg,PHercParis4,20231210121321,canon,7,1,1024,311,125,124,0.4568,0.4582,91,88,499.0,506.2,0.1383,0.1383
PHercParis4/segments/20231210121321/ink-detection/downsampled/PHercParis4-20231210121321-2.4um-0.22m-78keV-volume-20260411134726-20260417190342-new_canon_autoresearch_recipe-tile256-stride128-ds8.jpg,PHercParis4,20231210121321,canon,7,2,1024,311,125,124,0.5936,0.5956,89,87,518.2,506.2,0.2299,0.2308
PHercParis4/segments/20231210121321/ink-detection/downsampled/PHercParis4-20231210121321-2.4um-0.22m-78keV-volume-20260411134726-20260417190342-new_canon_autoresearch_recipe-tile256-stride128-ds8.jpg,PHercParis4,20231210121321,canon,7,3,1024,311,125,124,0.7754,0.7793,87,85,518.2,506.2,0.1963,0.1987
PHercParis4/segments/20231210121321/ink-detection/downsampled/PHercParis4-20231210121321-2.4um-0.22m-78keV-volume-20260411134726-20260417190342-new_canon_autoresearch_recipe-tile256-stride128-ds8.jpg,PHercParis4,20231210121321,canon,7,4,1024,311,125,124,0.8991,0.8977,94,88,537.4,569.5,0.1621,0.1638
PHercParis4/segments/20231210121321/ink-detection/downsampled/PHercParis4-20231210121321-2.4um-0.22m-78keV-volume-20260411134726-20260417190342-new_canon_autoresearch_recipe-tile256-stride128-ds8.jpg,PHercParis4,20231210121321,canon,7,5,1024,311,125,124,0.8946,0.8909,86,84,527.8,537.9,0.1678,0.1684
PHercParis4/segments/20231210121321/ink-detection/downsampled/PHercParis4-20231210121321-2.4um-0.22m-78keV-volume-20260411134726-20260417190342-new_canon_autoresearch_recipe-tile256-stride128-ds8.jpg,PHercParis4,20231210121321,canon,7,6,1024,311,125,124,0.9118,0.9103,91,88,499.0,506.2,0.1904,0.1913
PHercParis4/segments/20231210121321/ink-detection/downsampled/PHercParis4-20231210121321-2.4um-0.22m-78keV-volume-20260411134726-20260417190342-new_canon_autoresearch_recipe-tile256-stride128-ds8.jpg,PHercParis4,20231210121321,canon,7,7,1024,311,125,124,0.8952,0.8976,81,72,345.5,379.7,0.1202,0.1215
PHercParis4/segments/20231210121321/ink-detection/downsampled/PHercParis4-20231210121321-2.4um-0.22m-78keV-volume-20260411134726-20260417190342-new_canon_autoresearch_recipe-tile256-stride128-ds8.jpg,PHercParis4,20231210121321,canon,8,1,1024,311,125,124,0.8219,0.8173,98,97,518.2,506.2,0.1352,0.1351
PHercParis4/segments/20231210121321/ink-detection/downsampled/PHercParis4-20231210121321-2.4um-0.22m-78keV-volume-20260411134726-20260417190342-new_canon_autoresearch_recipe-tile256-stride128-ds8.jpg,PHercParis4,20231210121321,canon,8,2,1024,311,125,124,0.6365,0.6378,95,95,499.0,506.2,0.2324,0.2316
PHercParis4/segments/20231210121321/ink-detection/downsampled/PHercParis4-20231210121321-2.4um-0.22m-78keV-volume-20260411134726-20260417190342-new_canon_autoresearch_recipe-tile256-stride128-ds8.jpg,PHercParis4,20231210121321,canon,8,3,1024,311,125,124,0.7612,0.7633,82,80,566.2,664.4,0.2082,0.2072
PHercParis4/segments/20231210121321/ink-detection/downsampled/PHercParis4-20231210121321-2.4um-0.22m-78keV-volume-20260411134726-20260417190342-new_canon_autoresearch_recipe-tile256-stride128-ds8.jpg,PHercParis4,20231210121321,canon,8,4,1024,311,125,124,0.8703,0.8724,98,92,566.2,569.5,0.1547,0.1549
PHercParis4/segments/20231210121321/ink-detection/downsampled/PHercParis4-20231210121321-2.4um-0.22m-78keV-volume-20260411134726-20260417190342-new_canon_autoresearch_recipe-tile256-stride128-ds8.jpg,PHercParis4,20231210121321,canon,8,5,1024,311,125,124,0.6967,0.697,98,89,499.0,569.5,0.1582,0.1595
PHercParis4/segments/20231210121321/ink-detection/downsampled/PHercParis4-20231210121321-2.4um-0.22m-78keV-volume-20260411134726-20260417190342-new_canon_autoresearch_recipe-tile256-stride128-ds8.jpg,PHercParis4,20231210121321,canon,8,6,1024,311,125,124,0.7254,0.7263,99,92,403.0,411.3,0.1982,0.1991
PHercParis4/segments/20231210121321/ink-detection/downsampled/PHercParis4-20231210121321-2.4um-0.22m-78keV-volume-20260411134726-20260417190342-new_canon_autoresearch_recipe-tile256-stride128-ds8.jpg,PHercParis4,20231210121321,canon,8,7,1024,311,125,124,0.8881,0.8858,90,82,383.8,379.7,0.1361,0.1363
PHercParis4/segments/20231210121321/ink-detection/downsampled/PHercParis4-20231210121321-2.4um-0.22m-78keV-volume-20260411134726-20260417190342-new_canon_autoresearch_recipe-tile256-stride128-ds8.jpg,PHercParis4,20231210121321,canon,9,1,1024,311,125,124,0.4501,0.4548,111,108,499.0,506.2,0.1369,0.1375
PHercParis4/segments/20231210121321/ink-detection/downsampled/PHercParis4-20231210121321-2.4um-0.22m-78keV-volume-20260411134726-20260417190342-new_canon_autoresearch_recipe-tile256-stride128-ds8.jpg,PHercParis4,20231210121321,canon,9,2,1024,311,125,124,0.4565,0.454,116,114,499.0,506.2,0.2495,0.2514
PHercParis4/segments/20231210121321/ink-detection/downsampled/PHercParis4-20231210121321-2.4um-0.22m-78keV-volume-20260411134726-20260417190342-new_canon_autoresearch_recipe-tile256-stride128-ds8.jpg,PHercParis4,20231210121321,canon,9,3,1024,311,125,124,0.7453,0.7379,94,89,479.8,569.5,0.2235,0.225
PHercParis4/segments/20231210121321/ink-detection/downsampled/PHercParis4-20231210121321-2.4um-0.22m-78keV-volume-20260411134726-20260417190342-new_canon_autoresearch_recipe-tile256-stride128-ds8.jpg,PHercParis4,20231210121321,canon,9,4,1024,311,125,124,0.8959,0.8913,90,86,518.2,569.5,0.1655,0.1663
PHercParis4/segments/20231210121321/ink-detection/downsampled/PHercParis4-20231210121321-2.4um-0.22m-78keV-volume-20260411134726-20260417190342-new_canon_autoresearch_recipe-tile256-stride128-ds8.jpg,PHercParis4,20231210121321,canon,9,5,1024,311,125,124,0.7517,0.7494,92,80,460.6,506.2,0.1695,0.1722
PHercParis4/segments/20231210121321/ink-detection/downsampled/PHercParis4-20231210121321-2.4um-0.22m-78keV-volume-20260411134726-20260417190342-new_canon_autoresearch_recipe-tile256-stride128-ds8.jpg,PHercParis4,20231210121321,canon,9,6,1024,311,125,124,0.7162,0.7152,98,91,403.0,443.0,0.1844,0.1886
PHercParis4/segments/20231210121321/ink-detection/downsampled/PHercParis4-20231210121321-2.4um-0.22m-78keV-volume-20260411134726-20260417190342-new_canon_autoresearch_recipe-tile256-stride128-ds8.jpg,PHercParis4,20231210121321,canon,9,7,1024,311,125,124,0.8468,0.8446,88,83,412.6,443.0,0.1049,0.1069
PHercParis4/segments/20231210121321/ink-detection/downsampled/PHercParis4-20231210121321-2.4um-0.22m-78keV-volume-20260411134726-20260417190342-new_canon_autoresearch_recipe-tile256-stride128-ds8.jpg,PHercParis4,20231210121321,canon,10,1,1024,311,125,124,0.5532,0.5514,103,100,556.6,506.2,0.1679,0.167
PHercParis4/segments/20231210121321/ink-detection/downsampled/PHercParis4-20231210121321-2.4um-0.22m-78keV-volume-20260411134726-20260417190342-new_canon_autoresearch_recipe-tile256-stride128-ds8.jpg,PHercParis4,20231210121321,canon,10,2,1024,311,125,124,0.601,0.6043,117,114,556.6,506.2,0.2464,0.2469
PHercParis4/segments/20231210121321/ink-detection/downsampled/PHercParis4-20231210121321-2.4um-0.22m-78keV-volume-20260411134726-20260417190342-new_canon_autoresearch_recipe-tile256-stride128-ds8.jpg,PHercParis4,20231210121321,canon,10,3,1024,311,125,124,0.9039,0.9042,111,105,575.8,569.5,0.2224,0.2237
PHercParis4/segments/20231210121321/ink-detection/downsampled/PHercParis4-20231210121321-2.4um-0.22m-78keV-volume-20260411134726-20260417190342-new_canon_autoresearch_recipe-tile256-stride128-ds8.jpg,PHercParis4,20231210121321,canon,10,4,1024,311,125,124,0.9004,0.8963,95,89,556.6,569.5,0.183,0.1832
PHercParis4/segments/20231210121321/ink-detection/downsampled/PHercParis4-20231210121321-2.4um-0.22m-78keV-volume-20260411134726-20260417190342-new_canon_autoresearch_recipe-tile256-stride128-ds8.jpg,PHercParis4,20231210121321,canon,10,5,1024,311,125,124,0.6936,0.7016,80,76,566.2,569.5,0.1985,0.1973
PHercParis4/segments/20231210121321/ink-detection/downsampled/PHercParis4-20231210121321-2.4um-0.22m-78keV-volume-20260411134726-20260417190342-new_canon_autoresearch_recipe-tile256-stride128-ds8.jpg,PHercParis4,20231210121321,canon,10,6,1024,311,125,124,0.57,0.603,93,89,422.2,506.2,0.1905,0.1896
PHercParis4/segments/20231210121321/ink-detection/downsampled/PHercParis4-20231210121321-2.4um-0.22m-78keV-volume-20260411134726-20260417190342-new_canon_autoresearch_recipe-tile256-stride128-ds8.jpg,PHercParis4,20231210121321,canon,10,7,1024,311,125,124,0.7918,0.7913,84,79,422.2,443.0,0.0955,0.0955
PHercParis4/segments/20231221180251/ink-detection/downsampled/PHercParis4-20231221180251-2.4um-0.22m-78keV-volume-20260411134726-20260417190342-new_canon_autoresearch_recipe-tile256-stride128-ds8.jpg,PHercParis4,20231221180251,canon,0,0,1024,311,123,122,0.697,0.6708,58,55,383.8,379.7,0.043,0.0428
PHercParis4/segments/20231221180251/ink-detection/downsampled/PHercParis4-20231221180251-2.4um-0.22m-78keV-volume-20260411134726-20260417190342-new_canon_autoresearch_recipe-tile256-stride128-ds8.jpg,PHercParis4,20231221180251,canon,0,1,1024,311,123,122,0.7832,0.7847,83,78,441.4,474.6,0.0968,0.0968
PHercParis4/segments/20231221180251/ink-detection/downsampled/PHercParis4-20231221180251-2.4um-0.22m-78keV-volume-20260411134726-20260417190342-new_canon_autoresearch_recipe-tile256-stride128-ds8.jpg,PHercParis4,20231221180251,canon,0,2,1024,311,123,122,0.8947,0.9028,88,77,575.8,632.8,0.1798,0.1801
PHercParis4/segments/20231221180251/ink-detection/downsampled/PHercParis4-20231221180251-2.4um-0.22m-78keV-volume-20260411134726-20260417190342-new_canon_autoresearch_recipe-tile256-stride128-ds8.jpg,PHercParis4,20231221180251,canon,0,3,1024,311,123,122,0.7059,0.7136,80,72,595.0,632.8,0.1809,0.1816
PHercParis4/segments/20231221180251/ink-detection/downsampled/PHercParis4-20231221180251-2.4um-0.22m-78keV-volume-20260411134726-20260417190342-new_canon_autoresearch_recipe-tile256-stride128-ds8.jpg,PHercParis4,20231221180251,canon,0,4,1024,311,123,122,0.9083,0.9064,73,68,537.4,569.5,0.1732,0.174
PHercParis4/segments/20231221180251/ink-detection/downsampled/PHercParis4-20231221180251-2.4um-0.22m-78keV-volume-20260411134726-20260417190342-new_canon_autoresearch_recipe-tile256-stride128-ds8.jpg,PHercParis4,20231221180251,canon,0,5,1024,311,123,122,0.9353,0.934,69,63,652.5,759.4,0.1717,0.1723
PHercParis4/segments/20231221180251/ink-detection/downsampled/PHercParis4-20231221180251-2.4um-0.22m-78keV-volume-20260411134726-20260417190342-new_canon_autoresearch_recipe-tile256-stride128-ds8.jpg,PHercParis4,20231221180251,canon,0,6,1024,311,123,122,0.8928,0.8804,98,89,518.2,632.8,0.1937,0.1949
PHercParis4/segments/20231221180251/ink-detection/downsampled/PHercParis4-20231221180251-2.4um-0.22m-78keV-volume-20260411134726-20260417190342-new_canon_autoresearch_recipe-tile256-stride128-ds8.jpg,PHercParis4,20231221180251,canon,0,7,1024,311,123,122,0.8559,0.8538,98,90,479.8,506.2,0.1731,0.1742
PHercParis4/segments/20231221180251/ink-detection/downsampled/PHercParis4-20231221180251-2.4um-0.22m-78keV-volume-20260411134726-20260417190342-new_canon_autoresearch_recipe-tile256-stride128-ds8.jpg,PHercParis4,20231221180251,canon,0,8,1024,311,123,122,0.7827,0.7802,65,64,479.8,443.0,0.0754,0.0766
PHercParis4/segments/20231221180251/ink-detection/downsampled/PHercParis4-20231221180251-2.4um-0.22m-78keV-volume-20260411134726-20260417190342-new_canon_autoresearch_recipe-tile256-stride128-ds8.jpg,PHercParis4,20231221180251,canon,1,0,1024,311,123,122,0.5513,0.5563,48,44,422.2,443.0,0.0271,0.0271
PHercParis4/segments/20231221180251/ink-detection/downsampled/PHercParis4-20231221180251-2.4um-0.22m-78keV-volume-20260411134726-20260417190342-new_canon_autoresearch_recipe-tile256-stride128-ds8.jpg,PHercParis4,20231221180251,canon,1,1,1024,311,123,122,0.809,0.8116,76,70,499.0,506.2,0.1015,0.1012
PHercParis4/segments/20231221180251/ink-detection/downsampled/PHercParis4-20231221180251-2.4um-0.22m-78keV-volume-20260411134726-20260417190342-new_canon_autoresearch_recipe-tile256-stride128-ds8.jpg,PHercParis4,20231221180251,canon,1,2,1024,311,123,122,0.9108,0.911,71,68,729.3,791.0,0.1828,0.1827
PHercParis4/segments/20231221180251/ink-detection/downsampled/PHercParis4-20231221180251-2.4um-0.22m-78keV-volume-20260411134726-20260417190342-new_canon_autoresearch_recipe-tile256-stride128-ds8.jpg,PHercParis4,20231221180251,canon,1,3,1024,311,123,122,0.7024,0.7012,65,59,614.1,696.1,0.1681,0.1684
PHercParis4/segments/20231221180251/ink-detection/downsampled/PHercParis4-20231221180251-2.4um-0.22m-78keV-volume-20260411134726-20260417190342-new_canon_autoresearch_recipe-tile256-stride128-ds8.jpg,PHercParis4,20231221180251,canon,1,4,1024,311,123,122,0.8998,0.8982,83,71,383.8,569.5,0.1622,0.1631
PHercParis4/segments/20231221180251/ink-detection/downsampled/PHercParis4-20231221180251-2.4um-0.22m-78keV-volume-20260411134726-20260417190342-new_canon_autoresearch_recipe-tile256-stride128-ds8.jpg,PHercParis4,20231221180251,canon,1,5,1024,311,123,122,0.9329,0.9255,86,78,508.6,601.2,0.1774,0.1784
PHercParis4/segments/20231221180251/ink-detection/downsampled/PHercParis4-20231221180251-2.4um-0.22m-78keV-volume-20260411134726-20260417190342-new_canon_autoresearch_recipe-tile256-stride128-ds8.jpg,PHercParis4,20231221180251,canon,1,6,1024,311,123,122,0.9333,0.9207,88,83,556.6,696.1,0.1928,0.1947
PHercParis4/segments/20231221180251/ink-detection/downsampled/PHercParis4-20231221180251-2.4um-0.22m-78keV-volume-20260411134726-20260417190342-new_canon_autoresearch_recipe-tile256-stride128-ds8.jpg,PHercParis4,20231221180251,canon,1,7,1024,311,123,122,0.8846,0.8808,76,72,508.6,569.5,0.1569,0.1581
PHercParis4/segments/20231221180251/ink-detection/downsampled/PHercParis4-20231221180251-2.4um-0.22m-78keV-volume-20260411134726-20260417190342-new_canon_autoresearch_recipe-tile256-stride128-ds8.jpg,PHercParis4,20231221180251,canon,1,8,1024,311,123,122,0.7521,0.7444,52,52,489.4,474.6,0.0627,0.0633
PHercParis4/segments/20231221180251/ink-detection/downsampled/PHercParis4-20231221180251-2.4um-0.22m-78keV-volume-20260411134726-20260417190342-new_canon_autoresearch_recipe-tile256-stride128-ds8.jpg,PHercParis4,20231221180251,canon,2,0,1024,311,123,122,0.2195,0.2207,62,60,431.8,443.0,0.0206,0.0206
PHercParis4/segments/20231221180251/ink-detection/downsampled/PHercParis4-20231221180251-2.4um-0.22m-78keV-volume-20260411134726-20260417190342-new_canon_autoresearch_recipe-tile256-stride128-ds8.jpg,PHercParis4,20231221180251,canon,2,1,1024,311,123,122,0.784,0.7772,95,91,479.8,506.2,0.0985,0.0984
PHercParis4/segments/20231221180251/ink-detection/downsampled/PHercParis4-20231221180251-2.4um-0.22m-78keV-volume-20260411134726-20260417190342-new_canon_autoresearch_recipe-tile256-stride128-ds8.jpg,PHercParis4,20231221180251,canon,2,2,1024,311,123,122,0.8651,0.8536,100,97,566.2,569.5,0.1745,0.1749
PHercParis4/segments/20231221180251/ink-detection/downsampled/PHercParis4-20231221180251-2.4um-0.22m-78keV-volume-20260411134726-20260417190342-new_canon_autoresearch_recipe-tile256-stride128-ds8.jpg,PHercParis4,20231221180251,canon,2,3,1024,311,123,122,0.7467,0.7448,78,74,566.2,601.2,0.1588,0.1592
PHercParis4/segments/20231221180251/ink-detection/downsampled/PHercParis4-20231221180251-2.4um-0.22m-78keV-volume-20260411134726-20260417190342-new_canon_autoresearch_recipe-tile256-stride128-ds8.jpg,PHercParis4,20231221180251,canon,2,4,1024,311,123,122,0.8595,0.8646,79,72,441.4,474.6,0.1198,0.1199
PHercParis4/segments/20231221180251/ink-detection/downsampled/PHercParis4-20231221180251-2.4um-0.22m-78keV-volume-20260411134726-20260417190342-new_canon_autoresearch_recipe-tile256-stride128-ds8.jpg,PHercParis4,20231221180251,canon,2,5,1024,311,123,122,0.8624,0.8679,91,86,575.8,601.2,0.1372,0.138
PHercParis4/segments/20231221180251/ink-detection/downsampled/PHercParis4-20231221180251-2.4um-0.22m-78keV-volume-20260411134726-20260417190342-new_canon_autoresearch_recipe-tile256-stride128-ds8.jpg,PHercParis4,20231221180251,canon,2,6,1024,311,123,122,0.9027,0.9017,104,99,547.0,569.5,0.1815,0.1813
PHercParis4/segments/20231221180251/ink-detection/downsampled/PHercParis4-20231221180251-2.4um-0.22m-78keV-volume-20260411134726-20260417190342-new_canon_autoresearch_recipe-tile256-stride128-ds8.jpg,PHercParis4,20231221180251,canon,2,7,1024,311,123,122,0.85,0.8487,104,97,451.0,506.2,0.1448,0.1454
PHercParis4/segments/20231221180251/ink-detection/downsampled/PHercParis4-20231221180251-2.4um-0.22m-78keV-volume-20260411134726-20260417190342-new_canon_autoresearch_recipe-tile256-stride128-ds8.jpg,PHercParis4,20231221180251,canon,2,8,1024,311,123,122,0.669,0.6802,94,85,460.6,506.2,0.0705,0.072
PHercParis4/segments/20231221180251/ink-detection/downsampled/PHercParis4-20231221180251-2.4um-0.22m-78keV-volume-20260411134726-20260417190342-new_canon_autoresearch_recipe-tile256-stride128-ds8.jpg,PHercParis4,20231221180251,canon,3,0,1024,311,123,122,0.3592,0.3588,53,51,441.4,443.0,0.0234,0.0234
PHercParis4/segments/20231221180251/ink-detection/downsampled/PHercParis4-20231221180251-2.4um-0.22m-78keV-volume-20260411134726-20260417190342-new_canon_autoresearch_recipe-tile256-stride128-ds8.jpg,PHercParis4,20231221180251,canon,3,1,1024,311,123,122,0.8514,0.8456,72,71,489.4,506.2,0.1052,0.1056
PHercParis4/segments/20231221180251/ink-detection/downsampled/PHercParis4-20231221180251-2.4um-0.22m-78keV-volume-20260411134726-20260417190342-new_canon_autoresearch_recipe-tile256-stride128-ds8.jpg,PHercParis4,20231221180251,canon,3,2,1024,311,123,122,0.8781,0.8666,96,93,518.2,569.5,0.1858,0.186
PHercParis4/segments/20231221180251/ink-detection/downsampled/PHercParis4-20231221180251-2.4um-0.22m-78keV-volume-20260411134726-20260417190342-new_canon_autoresearch_recipe-tile256-stride128-ds8.jpg,PHercParis4,20231221180251,canon,3,3,1024,311,123,122,0.734,0.7314,86,82,527.8,537.9,0.1604,0.1607
PHercParis4/segments/20231221180251/ink-detection/downsampled/PHercParis4-20231221180251-2.4um-0.22m-78keV-volume-20260411134726-20260417190342-new_canon_autoresearch_recipe-tile256-stride128-ds8.jpg,PHercParis4,20231221180251,canon,3,4,1024,311,123,122,0.8845,0.8924,76,71,518.2,506.2,0.1182,0.1185
PHercParis4/segments/20231221180251/ink-detection/downsampled/PHercParis4-20231221180251-2.4um-0.22m-78keV-volume-20260411134726-20260417190342-new_canon_autoresearch_recipe-tile256-stride128-ds8.jpg,PHercParis4,20231221180251,canon,3,5,1024,311,123,122,0.8909,0.9012,91,86,499.0,506.2,0.1415,0.1423
PHercParis4/segments/20231221180251/ink-detection/downsampled/PHercParis4-20231221180251-2.4um-0.22m-78keV-volume-20260411134726-20260417190342-new_canon_autoresearch_recipe-tile256-stride128-ds8.jpg,PHercParis4,20231221180251,canon,3,6,1024,311,123,122,0.7202,0.7147,107,102,518.2,569.5,0.204,0.2035
PHercParis4/segments/20231221180251/ink-detection/downsampled/PHercParis4-20231221180251-2.4um-0.22m-78keV-volume-20260411134726-20260417190342-new_canon_autoresearch_recipe-tile256-stride128-ds8.jpg,PHercParis4,20231221180251,canon,3,7,1024,311,123,122,0.6482,0.6593,113,104,441.4,443.0,0.1796,0.1803
PHercParis4/segments/20231221180251/ink-detection/downsampled/PHercParis4-20231221180251-2.4um-0.22m-78keV-volume-20260411134726-20260417190342-new_canon_autoresearch_recipe-tile256-stride128-ds8.jpg,PHercParis4,20231221180251,canon,3,8,1024,311,123,122,0.6902,0.7164,115,105,422.2,443.0,0.0905,0.0924
PHercParis4/segments/20231221180251/ink-detection/downsampled/PHercParis4-20231221180251-2.4um-0.22m-78keV-volume-20260411134726-20260417190342-new_canon_autoresearch_recipe-tile256-stride128-ds8.jpg,PHercParis4,20231221180251,canon,4,0,1024,311,123,122,0.3687,0.4262,49,46,441.4,443.0,0.0237,0.0238
PHercParis4/segments/20231221180251/ink-detection/downsampled/PHercParis4-20231221180251-2.4um-0.22m-78keV-volume-20260411134726-20260417190342-new_canon_autoresearch_recipe-tile256-stride128-ds8.jpg,PHercParis4,20231221180251,canon,4,1,1024,311,123,122,0.8587,0.8771,53,50,479.8,474.6,0.076,0.0762
PHercParis4/segments/20231221180251/ink-detection/downsampled/PHercParis4-20231221180251-2.4um-0.22m-78keV-volume-20260411134726-20260417190342-new_canon_autoresearch_recipe-tile256-stride128-ds8.jpg,PHercParis4,20231221180251,canon,4,2,1024,311,123,122,0.8733,0.8732,84,79,518.2,569.5,0.1369,0.1363
PHercParis4/segments/20231221180251/ink-detection/downsampled/PHercParis4-20231221180251-2.4um-0.22m-78keV-volume-20260411134726-20260417190342-new_canon_autoresearch_recipe-tile256-stride128-ds8.jpg,PHercParis4,20231221180251,canon,4,3,1024,311,123,122,0.8075,0.8079,93,86,537.4,601.2,0.1231,0.1231
PHercParis4/segments/20231221180251/ink-detection/downsampled/PHercParis4-20231221180251-2.4um-0.22m-78keV-volume-20260411134726-20260417190342-new_canon_autoresearch_recipe-tile256-stride128-ds8.jpg,PHercParis4,20231221180251,canon,4,4,1024,311,123,122,0.8145,0.8132,82,79,537.4,569.5,0.0975,0.0982
PHercParis4/segments/20231221180251/ink-detection/downsampled/PHercParis4-20231221180251-2.4um-0.22m-78keV-volume-20260411134726-20260417190342-new_canon_autoresearch_recipe-tile256-stride128-ds8.jpg,PHercParis4,20231221180251,canon,4,5,1024,311,123,122,0.9087,0.9115,82,79,479.8,506.2,0.1343,0.1342
PHercParis4/segments/20231221180251/ink-detection/downsampled/PHercParis4-20231221180251-2.4um-0.22m-78keV-volume-20260411134726-20260417190342-new_canon_autoresearch_recipe-tile256-stride128-ds8.jpg,PHercParis4,20231221180251,canon,4,6,1024,311,123,122,0.7324,0.7278,89,80,556.6,569.5,0.2005,0.1993
PHercParis4/segments/20231221180251/ink-detection/downsampled/PHercParis4-20231221180251-2.4um-0.22m-78keV-volume-20260411134726-20260417190342-new_canon_autoresearch_recipe-tile256-stride128-ds8.jpg,PHercParis4,20231221180251,canon,4,7,1024,311,123,122,0.6059,0.6156,96,87,499.0,569.5,0.1594,0.1606
PHercParis4/segments/20231221180251/ink-detection/downsampled/PHercParis4-20231221180251-2.4um-0.22m-78keV-volume-20260411134726-20260417190342-new_canon_autoresearch_recipe-tile256-stride128-ds8.jpg,PHercParis4,20231221180251,canon,4,8,1024,311,123,122,0.5961,0.6201,104,97,431.8,443.0,0.0679,0.0701
PHercParis4/segments/20231221180251/ink-detection/downsampled/PHercParis4-20231221180251-2.4um-0.22m-78keV-volume-20260411134726-20260417190342-new_canon_autoresearch_recipe-tile256-stride128-ds8.jpg,PHercParis4,20231221180251,canon,5,0,1024,311,123,122,0.4484,0.4464,60,56,431.8,443.0,0.0304,0.0306
PHercParis4/segments/20231221180251/ink-detection/downsampled/PHercParis4-20231221180251-2.4um-0.22m-78keV-volume-20260411134726-20260417190342-new_canon_autoresearch_recipe-tile256-stride128-ds8.jpg,PHercParis4,20231221180251,canon,5,1,1024,311,123,122,0.6012,0.6004,53,47,479.8,506.2,0.0882,0.0881
PHercParis4/segments/20231221180251/ink-detection/downsampled/PHercParis4-20231221180251-2.4um-0.22m-78keV-volume-20260411134726-20260417190342-new_canon_autoresearch_recipe-tile256-stride128-ds8.jpg,PHercParis4,20231221180251,canon,5,2,1024,311,123,122,0.7961,0.7663,68,62,499.0,537.9,0.1578,0.1578
PHercParis4/segments/20231221180251/ink-detection/downsampled/PHercParis4-20231221180251-2.4um-0.22m-78keV-volume-20260411134726-20260417190342-new_canon_autoresearch_recipe-tile256-stride128-ds8.jpg,PHercParis4,20231221180251,canon,5,3,1024,311,123,122,0.751,0.717,76,72,623.7,664.4,0.1577,0.158
PHercParis4/segments/20231221180251/ink-detection/downsampled/PHercParis4-20231221180251-2.4um-0.22m-78keV-volume-20260411134726-20260417190342-new_canon_autoresearch_recipe-tile256-stride128-ds8.jpg,PHercParis4,20231221180251,canon,5,4,1024,311,123,122,0.8823,0.8749,73,71,633.3,696.1,0.1281,0.1284
PHercParis4/segments/20231221180251/ink-detection/downsampled/PHercParis4-20231221180251-2.4um-0.22m-78keV-volume-20260411134726-20260417190342-new_canon_autoresearch_recipe-tile256-stride128-ds8.jpg,PHercParis4,20231221180251,canon,5,5,1024,311,123,122,0.915,0.9163,73,69,595.0,632.8,0.1575,0.1581
PHercParis4/segments/20231221180251/ink-detection/downsampled/PHercParis4-20231221180251-2.4um-0.22m-78keV-volume-20260411134726-20260417190342-new_canon_autoresearch_recipe-tile256-stride128-ds8.jpg,PHercParis4,20231221180251,canon,5,6,1024,311,123,122,0.9084,0.9132,88,80,566.2,632.8,0.1841,0.1851
PHercParis4/segments/20231221180251/ink-detection/downsampled/PHercParis4-20231221180251-2.4um-0.22m-78keV-volume-20260411134726-20260417190342-new_canon_autoresearch_recipe-tile256-stride128-ds8.jpg,PHercParis4,20231221180251,canon,5,7,1024,311,123,122,0.8073,0.8057,97,91,479.8,506.2,0.1102,0.1119
PHercParis4/segments/20231221180251/ink-detection/downsampled/PHercParis4-20231221180251-2.4um-0.22m-78keV-volume-20260411134726-20260417190342-new_canon_autoresearch_recipe-tile256-stride128-ds8.jpg,PHercParis4,20231221180251,canon,5,8,1024,311,123,122,0.5297,0.527,92,82,422.2,443.0,0.0493,0.0494
PHercParis4/segments/20260602225659-5753_0/ink-detection/downsampled/PHercParis4-20260602225659-2.4um-0.22m-78keV-volume-20260411134726-20260417190342-new_canon_autoresearch_recipe-tile256-stride128-ds8.jpg,PHercParis4,20260602225659-5753_0,canon,0,1,1024,311,122,121,0.285,0.299,91,86,479.8,506.2,0.2005,0.2015
PHercParis4/segments/20260602225659-5753_0/ink-detection/downsampled/PHercParis4-20260602225659-2.4um-0.22m-78keV-volume-20260411134726-20260417190342-new_canon_autoresearch_recipe-tile256-stride128-ds8.jpg,PHercParis4,20260602225659-5753_0,canon,1,1,1024,311,122,121,0.535,0.5499,114,104,441.4,443.0,0.1818,0.1828
PHercParis4/segments/20260602225659-5753_0/ink-detection/downsampled/PHercParis4-20260602225659-2.4um-0.22m-78keV-volume-20260411134726-20260417190342-new_canon_autoresearch_recipe-tile256-stride128-ds8.jpg,PHercParis4,20260602225659-5753_0,canon,2,1,1024,311,122,121,0.3951,0.4067,127,115,403.0,443.0,0.175,0.1759
PHercParis4/segments/20260602225659-5753_0/ink-detection/downsampled/PHercParis4-20260602225659-2.4um-0.22m-78keV-volume-20260411134726-20260417190342-new_canon_autoresearch_recipe-tile256-stride128-ds8.jpg,PHercParis4,20260602225659-5753_0,canon,3,1,1024,311,122,121,0.4067,0.4073,110,101,403.0,443.0,0.1786,0.1795
PHercParis4/segments/20260602225659-5753_0/ink-detection/downsampled/PHercParis4-20260602225659-2.4um-0.22m-78keV-volume-20260411134726-20260417190342-new_canon_autoresearch_recipe-tile256-stride128-ds8.jpg,PHercParis4,20260602225659-5753_0,canon,4,1,1024,311,122,121,0.3574,0.3586,93,88,422.2,443.0,0.1739,0.1747
PHercParis4/segments/20260602225659-5753_0/ink-detection/downsampled/PHercParis4-20260602225659-2.4um-0.22m-78keV-volume-20260411134726-20260417190342-new_canon_autoresearch_recipe-tile256-stride128-ds8.jpg,PHercParis4,20260602225659-5753_0,canon,5,1,1024,311,122,121,0.4253,0.4242,85,79,422.2,443.0,0.1412,0.1415
PHercParis4/segments/20260602225659-5753_0/ink-detection/downsampled/PHercParis4-20260602225659-2.4um-0.22m-78keV-volume-20260411134726-20260417190342-new_canon_autoresearch_recipe-tile256-stride128-ds8.jpg,PHercParis4,20260602225659-5753_0,canon,6,1,1024,311,122,121,0.4368,0.4283,78,74,441.4,506.2,0.1561,0.1571
PHercParis4/segments/20260602225659-5753_0/ink-detection/downsampled/PHercParis4-20260602225659-2.4um-0.22m-78keV-volume-20260411134726-20260417190342-new_canon_autoresearch_recipe-tile256-stride128-ds8.jpg,PHercParis4,20260602225659-5753_0,canon,7,0,1024,311,122,121,0.5261,0.5258,69,58,383.8,443.0,0.1844,0.1849
PHercParis4/segments/20260602225659-5753_0/ink-detection/downsampled/PHercParis4-20260602225659-2.4um-0.22m-78keV-volume-20260411134726-20260417190342-new_canon_autoresearch_recipe-tile256-stride128-ds8.jpg,PHercParis4,20260602225659-5753_0,canon,7,1,1024,311,122,121,0.5044,0.4912,92,84,403.0,443.0,0.1793,0.18
PHercParis4/segments/20260602225659-5753_0/ink-detection/downsampled/PHercParis4-20260602225659-2.4um-0.22m-78keV-volume-20260411134726-20260417190342-new_canon_autoresearch_recipe-tile256-stride128-ds8.jpg,PHercParis4,20260602225659-5753_0,canon,8,0,1024,311,122,121,0.6003,0.6014,73,65,403.0,506.2,0.1705,0.171
PHercParis4/segments/20260602225659-5753_0/ink-detection/downsampled/PHercParis4-20260602225659-2.4um-0.22m-78keV-volume-20260411134726-20260417190342-new_canon_autoresearch_recipe-tile256-stride128-ds8.jpg,PHercParis4,20260602225659-5753_0,canon,8,1,1024,311,122,121,0.8326,0.8151,107,101,441.4,443.0,0.1436,0.1448
PHercParis4/segments/20260602225659-5753_0/ink-detection/downsampled/PHercParis4-20260602225659-2.4um-0.22m-78keV-volume-20260411134726-20260417190342-new_canon_autoresearch_recipe-tile256-stride128-ds8.jpg,PHercParis4,20260602225659-5753_0,canon,9,0,1024,311,122,121,0.3628,0.3625,51,45,364.6,379.7,0.1625,0.1625
PHercParis4/segments/20260602225659-5753_0/ink-detection/downsampled/PHercParis4-20260602225659-2.4um-0.22m-78keV-volume-20260411134726-20260417190342-new_canon_autoresearch_recipe-tile256-stride128-ds8.jpg,PHercParis4,20260602225659-5753_0,canon,9,1,1024,311,122,121,0.8931,0.8908,68,64,383.8,411.3,0.1259,0.1259
PHercParis4/segments/20260602225659-5753_0/ink-detection/downsampled/PHercParis4-20260602225659-2.4um-0.22m-78keV-volume-20260411134726-20260417190342-new_canon_autoresearch_recipe-tile256-stride128-ds8.jpg,PHercParis4,20260602225659-5753_0,canon,10,0,1024,311,122,121,0.3721,0.385,54,52,374.2,379.7,0.1374,0.1404
PHercParis4/segments/20260602225659-5753_0/ink-detection/downsampled/PHercParis4-20260602225659-2.4um-0.22m-78keV-volume-20260411134726-20260417190342-new_canon_autoresearch_recipe-tile256-stride128-ds8.jpg,PHercParis4,20260602225659-5753_0,canon,10,1,1024,311,122,121,0.8858,0.8879,61,58,383.8,443.0,0.0993,0.1014
PHercParis4/segments/20260602225659-5753_0/ink-detection/downsampled/PHercParis4-20260602225659-2.4um-0.22m-78keV-volume-20260411134726-20260417190342-new_canon_autoresearch_recipe-tile256-stride128-ds8.jpg,PHercParis4,20260602225659-5753_0,canon,11,0,1024,311,122,121,0.4541,0.4409,80,78,470.2,506.2,0.1355,0.1328
PHercParis4/segments/20260602225659-5753_0/ink-detection/downsampled/PHercParis4-20260602225659-2.4um-0.22m-78keV-volume-20260411134726-20260417190342-new_canon_autoresearch_recipe-tile256-stride128-ds8.jpg,PHercParis4,20260602225659-5753_0,canon,11,1,1024,311,122,121,0.7437,0.7447,91,87,422.2,443.0,0.0785,0.0774
PHercParis4/segments/20260602225659-5753_0/ink-detection/downsampled/PHercParis4-20260602225659-2.4um-0.22m-78keV-volume-20260411134726-20260417190342-new_canon_autoresearch_recipe-tile256-stride128-ds8.jpg,PHercParis4,20260602225659-5753_0,canon,12,0,1024,311,122,121,0.632,0.6246,81,80,441.4,443.0,0.1067,0.1068
PHercParis4/segments/20260602225659-5753_0/ink-detection/downsampled/PHercParis4-20260602225659-2.4um-0.22m-78keV-volume-20260411134726-20260417190342-new_canon_autoresearch_recipe-tile256-stride128-ds8.jpg,PHercParis4,20260602225659-5753_0,canon,12,1,1024,311,122,121,0.6704,0.6759,97,86,364.6,411.3,0.0612,0.0613
PHercParis4/segments/20260602225659-5753_0/ink-detection/downsampled/PHercParis4-20260602225659-2.4um-0.22m-78keV-volume-20260411134726-20260417190342-new_canon_autoresearch_recipe-tile256-stride128-ds8.jpg,PHercParis4,20260602225659-5753_0,canon,13,0,1024,311,122,121,0.4707,0.4982,85,80,460.6,443.0,0.0437,0.0458
PHercParis4/segments/20260602225659-5753_0/ink-detection/downsampled/PHercParis4-20260602225659-2.4um-0.22m-78keV-volume-20260411134726-20260417190342-new_canon_autoresearch_recipe-tile256-stride128-ds8.jpg,PHercParis4,20260602225659-5753_0,canon,13,1,1024,311,122,121,0.3035,0.3949,84,71,403.0,443.0,0.0291,0.0314
PHercParis4/segments/20260602225659-5753_0/ink-detection/downsampled/PHercParis4-20260602225659-2.4um-0.22m-78keV-volume-20260411134726-20260417190342-new_canon_autoresearch_recipe-tile256-stride128-ds8.jpg,PHercParis4,20260602225659-5753_0,canon,14,0,1024,311,122,121,0.4243,0.4263,106,99,451.0,443.0,0.0516,0.0518
PHercParis4/segments/20260602225659-5753_0/ink-detection/downsampled/PHercParis4-20260602225659-2.4um-0.22m-78keV-volume-20260411134726-20260417190342-new_canon_autoresearch_recipe-tile256-stride128-ds8.jpg,PHercParis4,20260602225659-5753_0,canon,14,1,1024,311,122,121,0.2645,0.264,100,94,422.2,443.0,0.0389,0.0394
PHercParis4/segments/20260602225659-5753_0/ink-detection/downsampled/PHercParis4-20260602225659-2.4um-0.22m-78keV-volume-20260411134726-20260417190342-new_canon_autoresearch_recipe-tile256-stride128-ds8.jpg,PHercParis4,20260602225659-5753_0,canon,15,0,1024,311,122,121,0.6179,0.6113,134,123,393.4,443.0,0.0803,0.0828
PHercParis4/segments/20260602225659-5753_0/ink-detection/downsampled/PHercParis4-20260602225659-2.4um-0.22m-78keV-volume-20260411134726-20260417190342-new_canon_autoresearch_recipe-tile256-stride128-ds8.jpg,PHercParis4,20260602225659-5753_0,canon,15,1,1024,311,122,121,0.5536,0.5467,131,122,383.8,411.3,0.0714,0.0728
PHercParis4/segments/20260602225659-5753_0/ink-detection/downsampled/PHercParis4-20260602225659-2.4um-0.22m-78keV-volume-20260411134726-20260417190342-new_canon_autoresearch_recipe-tile256-stride128-ds8.jpg,PHercParis4,20260602225659-5753_0,canon,16,0,1024,311,122,121,0.594,0.5938,103,94,345.5,379.7,0.0548,0.0552
PHercParis4/segments/20260602225659-5753_0/ink-detection/downsampled/PHercParis4-20260602225659-2.4um-0.22m-78keV-volume-20260411134726-20260417190342-new_canon_autoresearch_recipe-tile256-stride128-ds8.jpg,PHercParis4,20260602225659-5753_0,canon,16,1,1024,311,122,121,0.5932,0.5915,95,88,364.6,411.3,0.0529,0.0533
PHercParis4/segments/20260602225659-5753_0/ink-detection/downsampled/PHercParis4-20260602225659-2.4um-0.22m-78keV-volume-20260411134726-20260417190342-new_canon_autoresearch_recipe-tile256-stride128-ds8.jpg,PHercParis4,20260602225659-5753_0,canon,17,0,1024,311,122,121,0.131,0.1287,66,63,345.5,379.7,0.0184,0.019
PHercParis4/segments/20260602225659-5753_0/ink-detection/downsampled/PHercParis4-20260602225659-2.4um-0.22m-78keV-volume-20260411134726-20260417190342-new_canon_autoresearch_recipe-tile256-stride128-ds8.jpg,PHercParis4,20260602225659-5753_0,canon,17,1,1024,311,122,121,0.0838,0.0826,57,52,364.6,379.7,0.0144,0.0145
PHercParis4/segments/20260602230115-20230702185753_v14/ink-detection/downsampled/PHercParis4-20260602230115-2.4um-0.22m-78keV-volume-20260411134726-20260417190342-new_canon_autoresearch_recipe-tile256-stride128-ds8.jpg,PHercParis4,20260602230115-20230702185753_v14,canon,2,1,1024,311,122,121,0.5417,0.5417,56,55,614.1,632.8,0.1755,0.1762
PHercParis4/segments/20260602230115-20230702185753_v14/ink-detection/downsampled/PHercParis4-20260602230115-2.4um-0.22m-78keV-volume-20260411134726-20260417190342-new_canon_autoresearch_recipe-tile256-stride128-ds8.jpg,PHercParis4,20260602230115-20230702185753_v14,canon,2,2,1024,311,122,121,0.4644,0.4651,55,50,479.8,537.9,0.2064,0.2071
PHercParis4/segments/20260602230115-20230702185753_v14/ink-detection/downsampled/PHercParis4-20260602230115-2.4um-0.22m-78keV-volume-20260411134726-20260417190342-new_canon_autoresearch_recipe-tile256-stride128-ds8.jpg,PHercParis4,20260602230115-20230702185753_v14,canon,2,3,1024,311,122,121,0.4368,0.4179,77,73,479.8,506.2,0.1733,0.1744
PHercParis4/segments/20260602230115-20230702185753_v14/ink-detection/downsampled/PHercParis4-20260602230115-2.4um-0.22m-78keV-volume-20260411134726-20260417190342-new_canon_autoresearch_recipe-tile256-stride128-ds8.jpg,PHercParis4,20260602230115-20230702185753_v14,canon,2,4,1024,311,122,121,0.7629,0.7652,105,101,441.4,443.0,0.1074,0.1085
PHercParis4/segments/20260602230115-20230702185753_v14/ink-detection/downsampled/PHercParis4-20260602230115-2.4um-0.22m-78keV-volume-20260411134726-20260417190342-new_canon_autoresearch_recipe-tile256-stride128-ds8.jpg,PHercParis4,20260602230115-20230702185753_v14,canon,3,0,1024,311,122,121,0.9314,0.9318,52,48,748.5,822.6,0.1434,0.144
PHercParis4/segments/20260602230115-20230702185753_v14/ink-detection/downsampled/PHercParis4-20260602230115-2.4um-0.22m-78keV-volume-20260411134726-20260417190342-new_canon_autoresearch_recipe-tile256-stride128-ds8.jpg,PHercParis4,20260602230115-20230702185753_v14,canon,3,1,1024,311,122,121,0.6107,0.5972,85,81,595.0,632.8,0.2155,0.2156
PHercParis4/segments/20260602230115-20230702185753_v14/ink-detection/downsampled/PHercParis4-20260602230115-2.4um-0.22m-78keV-volume-20260411134726-20260417190342-new_canon_autoresearch_recipe-tile256-stride128-ds8.jpg,PHercParis4,20260602230115-20230702185753_v14,canon,3,2,1024,311,122,121,0.5583,0.5485,103,96,479.8,506.2,0.2713,0.2713
PHercParis4/segments/20260602230115-20230702185753_v14/ink-detection/downsampled/PHercParis4-20260602230115-2.4um-0.22m-78keV-volume-20260411134726-20260417190342-new_canon_autoresearch_recipe-tile256-stride128-ds8.jpg,PHercParis4,20260602230115-20230702185753_v14,canon,3,3,1024,311,122,121,0.5263,0.5152,126,116,460.6,474.6,0.228,0.2299
PHercParis4/segments/20260602230115-20230702185753_v14/ink-detection/downsampled/PHercParis4-20260602230115-2.4um-0.22m-78keV-volume-20260411134726-20260417190342-new_canon_autoresearch_recipe-tile256-stride128-ds8.jpg,PHercParis4,20260602230115-20230702185753_v14,canon,3,4,1024,311,122,121,0.717,0.7146,143,136,422.2,474.6,0.123,0.1249
PHercParis4/segments/20260602230115-20230702185753_v14/ink-detection/downsampled/PHercParis4-20260602230115-2.4um-0.22m-78keV-volume-20260411134726-20260417190342-new_canon_autoresearch_recipe-tile256-stride128-ds8.jpg,PHercParis4,20260602230115-20230702185753_v14,canon,4,0,1024,311,122,121,0.9126,0.9021,61,54,633.3,822.6,0.1247,0.1251
PHercParis4/segments/20260602230115-20230702185753_v14/ink-detection/downsampled/PHercParis4-20260602230115-2.4um-0.22m-78keV-volume-20260411134726-20260417190342-new_canon_autoresearch_recipe-tile256-stride128-ds8.jpg,PHercParis4,20260602230115-20230702185753_v14,canon,4,1,1024,311,122,121,0.9269,0.9218,87,80,595.0,632.8,0.2154,0.2158
PHercParis4/segments/20260602230115-20230702185753_v14/ink-detection/downsampled/PHercParis4-20260602230115-2.4um-0.22m-78keV-volume-20260411134726-20260417190342-new_canon_autoresearch_recipe-tile256-stride128-ds8.jpg,PHercParis4,20260602230115-20230702185753_v14,canon,4,2,1024,311,122,121,0.8312,0.8272,102,91,460.6,506.2,0.2462,0.2465
PHercParis4/segments/20260602230115-20230702185753_v14/ink-detection/downsampled/PHercParis4-20260602230115-2.4um-0.22m-78keV-volume-20260411134726-20260417190342-new_canon_autoresearch_recipe-tile256-stride128-ds8.jpg,PHercParis4,20260602230115-20230702185753_v14,canon,4,3,1024,311,122,121,0.6711,0.6735,125,113,383.8,443.0,0.2079,0.2088
PHercParis4/segments/20260602230115-20230702185753_v14/ink-detection/downsampled/PHercParis4-20260602230115-2.4um-0.22m-78keV-volume-20260411134726-20260417190342-new_canon_autoresearch_recipe-tile256-stride128-ds8.jpg,PHercParis4,20260602230115-20230702185753_v14,canon,4,4,1024,311,122,121,0.8007,0.7974,131,122,441.4,506.2,0.1254,0.1278
PHercParis4/segments/20260602230115-20230702185753_v14/ink-detection/downsampled/PHercParis4-20260602230115-2.4um-0.22m-78keV-volume-20260411134726-20260417190342-new_canon_autoresearch_recipe-tile256-stride128-ds8.jpg,PHercParis4,20260602230115-20230702185753_v14,canon,5,0,1024,311,122,121,0.9097,0.9013,79,74,652.5,759.4,0.139,0.1389
PHercParis4/segments/20260602230115-20230702185753_v14/ink-detection/downsampled/PHercParis4-20260602230115-2.4um-0.22m-78keV-volume-20260411134726-20260417190342-new_canon_autoresearch_recipe-tile256-stride128-ds8.jpg,PHercParis4,20260602230115-20230702185753_v14,canon,5,1,1024,311,122,121,0.9238,0.9244,95,92,652.5,727.7,0.2169,0.2182
PHercParis4/segments/20260602230115-20230702185753_v14/ink-detection/downsampled/PHercParis4-20260602230115-2.4um-0.22m-78keV-volume-20260411134726-20260417190342-new_canon_autoresearch_recipe-tile256-stride128-ds8.jpg,PHercParis4,20260602230115-20230702185753_v14,canon,5,2,1024,311,122,121,0.7076,0.7059,103,97,518.2,569.5,0.2443,0.2465
PHercParis4/segments/20260602230115-20230702185753_v14/ink-detection/downsampled/PHercParis4-20260602230115-2.4um-0.22m-78keV-volume-20260411134726-20260417190342-new_canon_autoresearch_recipe-tile256-stride128-ds8.jpg,PHercParis4,20260602230115-20230702185753_v14,canon,5,3,1024,311,122,121,0.6918,0.6852,112,104,460.6,506.2,0.2051,0.2069
PHercParis4/segments/20260602230115-20230702185753_v14/ink-detection/downsampled/PHercParis4-20260602230115-2.4um-0.22m-78keV-volume-20260411134726-20260417190342-new_canon_autoresearch_recipe-tile256-stride128-ds8.jpg,PHercParis4,20260602230115-20230702185753_v14,canon,5,4,1024,311,122,121,0.7915,0.7901,116,108,499.0,506.2,0.105,0.1059
PHercParis4/segments/20260602230115-20230702185753_v14/ink-detection/downsampled/PHercParis4-20260602230115-2.4um-0.22m-78keV-volume-20260411134726-20260417190342-new_canon_autoresearch_recipe-tile256-stride128-ds8.jpg,PHercParis4,20260602230115-20230702185753_v14,canon,6,0,1024,311,122,121,0.7178,0.7069,75,73,633.3,696.1,0.1441,0.1443
PHercParis4/segments/20260602230115-20230702185753_v14/ink-detection/downsampled/PHercParis4-20260602230115-2.4um-0.22m-78keV-volume-20260411134726-20260417190342-new_canon_autoresearch_recipe-tile256-stride128-ds8.jpg,PHercParis4,20260602230115-20230702185753_v14,canon,6,1,1024,311,122,121,0.913,0.913,78,78,748.5,727.7,0.1948,0.1949
PHercParis4/segments/20260602230115-20230702185753_v14/ink-detection/downsampled/PHercParis4-20260602230115-2.4um-0.22m-78keV-volume-20260411134726-20260417190342-new_canon_autoresearch_recipe-tile256-stride128-ds8.jpg,PHercParis4,20260602230115-20230702185753_v14,canon,6,2,1024,311,122,121,0.7919,0.7911,97,89,556.6,632.8,0.2313,0.2326
PHercParis4/segments/20260602230115-20230702185753_v14/ink-detection/downsampled/PHercParis4-20260602230115-2.4um-0.22m-78keV-volume-20260411134726-20260417190342-new_canon_autoresearch_recipe-tile256-stride128-ds8.jpg,PHercParis4,20260602230115-20230702185753_v14,canon,6,3,1024,311,122,121,0.9183,0.9076,114,102,441.4,506.2,0.1982,0.2007
PHercParis4/segments/20260602230115-20230702185753_v14/ink-detection/downsampled/PHercParis4-20260602230115-2.4um-0.22m-78keV-volume-20260411134726-20260417190342-new_canon_autoresearch_recipe-tile256-stride128-ds8.jpg,PHercParis4,20260602230115-20230702185753_v14,canon,6,4,1024,311,122,121,0.7765,0.7663,114,107,451.0,443.0,0.0918,0.0924
PHercParis4/segments/20260602230115-20230702185753_v14/ink-detection/downsampled/PHercParis4-20260602230115-2.4um-0.22m-78keV-volume-20260411134726-20260417190342-new_canon_autoresearch_recipe-tile256-stride128-ds8.jpg,PHercParis4,20260602230115-20230702185753_v14,canon,7,0,1024,311,122,121,0.7146,0.692,89,88,748.5,759.4,0.1466,0.1478
PHercParis4/segments/20260602230115-20230702185753_v14/ink-detection/downsampled/PHercParis4-20260602230115-2.4um-0.22m-78keV-volume-20260411134726-20260417190342-new_canon_autoresearch_recipe-tile256-stride128-ds8.jpg,PHercParis4,20260602230115-20230702185753_v14,canon,7,1,1024,311,122,121,0.8207,0.8334,90,88,662.1,696.1,0.1964,0.1964
PHercParis4/segments/20260602230115-20230702185753_v14/ink-detection/downsampled/PHercParis4-20260602230115-2.4um-0.22m-78keV-volume-20260411134726-20260417190342-new_canon_autoresearch_recipe-tile256-stride128-ds8.jpg,PHercParis4,20260602230115-20230702185753_v14,canon,7,2,1024,311,122,121,0.8276,0.8891,102,95,623.7,632.8,0.2036,0.2035
PHercParis4/segments/20260602230115-20230702185753_v14/ink-detection/downsampled/PHercParis4-20260602230115-2.4um-0.22m-78keV-volume-20260411134726-20260417190342-new_canon_autoresearch_recipe-tile256-stride128-ds8.jpg,PHercParis4,20260602230115-20230702185753_v14,canon,7,3,1024,311,122,121,0.8648,0.8593,108,99,499.0,632.8,0.1649,0.1676
PHercParis4/segments/20260602230115-20230702185753_v14/ink-detection/downsampled/PHercParis4-20260602230115-2.4um-0.22m-78keV-volume-20260411134726-20260417190342-new_canon_autoresearch_recipe-tile256-stride128-ds8.jpg,PHercParis4,20260602230115-20230702185753_v14,canon,7,4,1024,311,122,121,0.768,0.7806,102,93,403.0,443.0,0.0878,0.0904
PHercParis4/segments/20260602230115-20230702185753_v14/ink-detection/downsampled/PHercParis4-20260602230115-2.4um-0.22m-78keV-volume-20260411134726-20260417190342-new_canon_autoresearch_recipe-tile256-stride128-ds8.jpg,PHercParis4,20260602230115-20230702185753_v14,canon,8,0,1024,311,122,121,0.7117,0.7273,98,95,633.3,632.8,0.1496,0.151
PHercParis4/segments/20260602230115-20230702185753_v14/ink-detection/downsampled/PHercParis4-20260602230115-2.4um-0.22m-78keV-volume-20260411134726-20260417190342-new_canon_autoresearch_recipe-tile256-stride128-ds8.jpg,PHercParis4,20260602230115-20230702185753_v14,canon,8,1,1024,311,122,121,0.6028,0.5113,94,86,499.0,569.5,0.2103,0.2112
PHercParis4/segments/20260602230115-20230702185753_v14/ink-detection/downsampled/PHercParis4-20260602230115-2.4um-0.22m-78keV-volume-20260411134726-20260417190342-new_canon_autoresearch_recipe-tile256-stride128-ds8.jpg,PHercParis4,20260602230115-20230702185753_v14,canon,8,2,1024,311,122,121,0.5133,0.406,89,83,575.8,632.8,0.1992,0.1995
PHercParis4/segments/20260602230115-20230702185753_v14/ink-detection/downsampled/PHercParis4-20260602230115-2.4um-0.22m-78keV-volume-20260411134726-20260417190342-new_canon_autoresearch_recipe-tile256-stride128-ds8.jpg,PHercParis4,20260602230115-20230702185753_v14,canon,8,3,1024,311,122,121,0.6169,0.6116,100,95,489.4,506.2,0.1524,0.1537
PHercParis4/segments/20260602230115-20230702185753_v14/ink-detection/downsampled/PHercParis4-20260602230115-2.4um-0.22m-78keV-volume-20260411134726-20260417190342-new_canon_autoresearch_recipe-tile256-stride128-ds8.jpg,PHercParis4,20260602230115-20230702185753_v14,canon,8,4,1024,311,122,121,0.728,0.7345,100,91,403.0,443.0,0.0856,0.0874
PHercParis4/segments/20260602230115-20230702185753_v14/ink-detection/downsampled/PHercParis4-20260602230115-2.4um-0.22m-78keV-volume-20260411134726-20260417190342-new_canon_autoresearch_recipe-tile256-stride128-ds8.jpg,PHercParis4,20260602230115-20230702185753_v14,canon,9,0,1024,311,122,121,0.7353,0.7237,80,78,537.4,569.5,0.1315,0.1321
PHercParis4/segments/20260602230115-20230702185753_v14/ink-detection/downsampled/PHercParis4-20260602230115-2.4um-0.22m-78keV-volume-20260411134726-20260417190342-new_canon_autoresearch_recipe-tile256-stride128-ds8.jpg,PHercParis4,20260602230115-20230702185753_v14,canon,9,1,1024,311,122,121,0.8298,0.7292,94,90,489.4,569.5,0.2009,0.2019
PHercParis4/segments/20260602230115-20230702185753_v14/ink-detection/downsampled/PHercParis4-20260602230115-2.4um-0.22m-78keV-volume-20260411134726-20260417190342-new_canon_autoresearch_recipe-tile256-stride128-ds8.jpg,PHercParis4,20260602230115-20230702185753_v14,canon,9,2,1024,311,122,121,0.7579,0.6774,99,92,556.6,569.5,0.2404,0.2414
PHercParis4/segments/20260602230115-20230702185753_v14/ink-detection/downsampled/PHercParis4-20260602230115-2.4um-0.22m-78keV-volume-20260411134726-20260417190342-new_canon_autoresearch_recipe-tile256-stride128-ds8.jpg,PHercParis4,20260602230115-20230702185753_v14,canon,9,3,1024,311,122,121,0.6762,0.6735,113,101,499.0,506.2,0.1969,0.1971
PHercParis4/segments/20260602230115-20230702185753_v14/ink-detection/downsampled/PHercParis4-20260602230115-2.4um-0.22m-78keV-volume-20260411134726-20260417190342-new_canon_autoresearch_recipe-tile256-stride128-ds8.jpg,PHercParis4,20260602230115-20230702185753_v14,canon,9,4,1024,311,122,121,0.7488,0.7451,102,90,460.6,506.2,0.0931,0.0938
PHercParis4/segments/20260602230115-20230702185753_v14/ink-detection/downsampled/PHercParis4-20260602230115-2.4um-0.22m-78keV-volume-20260411134726-20260417190342-new_canon_autoresearch_recipe-tile256-stride128-ds8.jpg,PHercParis4,20260602230115-20230702185753_v14,canon,10,0,1024,311,122,121,0.8905,0.8807,75,69,479.8,569.5,0.122,0.1219
PHercParis4/segments/20260602230115-20230702185753_v14/ink-detection/downsampled/PHercParis4-20260602230115-2.4um-0.22m-78keV-volume-20260411134726-20260417190342-new_canon_autoresearch_recipe-tile256-stride128-ds8.jpg,PHercParis4,20260602230115-20230702185753_v14,canon,10,1,1024,311,122,121,0.7575,0.7577,102,92,393.4,474.6,0.1942,0.1941
PHercParis4/segments/20260602230115-20230702185753_v14/ink-detection/downsampled/PHercParis4-20260602230115-2.4um-0.22m-78keV-volume-20260411134726-20260417190342-new_canon_autoresearch_recipe-tile256-stride128-ds8.jpg,PHercParis4,20260602230115-20230702185753_v14,canon,10,2,1024,311,122,121,0.9163,0.9163,112,102,479.8,506.2,0.2536,0.2539
PHercParis4/segments/20260602230115-20230702185753_v14/ink-detection/downsampled/PHercParis4-20260602230115-2.4um-0.22m-78keV-volume-20260411134726-20260417190342-new_canon_autoresearch_recipe-tile256-stride128-ds8.jpg,PHercParis4,20260602230115-20230702185753_v14,canon,10,3,1024,311,122,121,0.8432,0.8354,115,105,460.6,506.2,0.1865,0.1875
PHercParis4/segments/20260602230115-20230702185753_v14/ink-detection/downsampled/PHercParis4-20260602230115-2.4um-0.22m-78keV-volume-20260411134726-20260417190342-new_canon_autoresearch_recipe-tile256-stride128-ds8.jpg,PHercParis4,20260602230115-20230702185753_v14,canon,10,4,1024,311,122,121,0.6968,0.6824,90,82,489.4,506.2,0.078,0.0802
PHercParis4/segments/20260602230115-20230702185753_v14/ink-detection/downsampled/PHercParis4-20260602230115-2.4um-0.22m-78keV-volume-20260411134726-20260417190342-new_canon_autoresearch_recipe-tile256-stride128-ds8.jpg,PHercParis4,20260602230115-20230702185753_v14,canon,11,0,1024,311,122,121,0.7184,0.7276,77,68,595.0,696.1,0.1307,0.1329
PHercParis4/segments/20260602230115-20230702185753_v14/ink-detection/downsampled/PHercParis4-20260602230115-2.4um-0.22m-78keV-volume-20260411134726-20260417190342-new_canon_autoresearch_recipe-tile256-stride128-ds8.jpg,PHercParis4,20260602230115-20230702185753_v14,canon,11,1,1024,311,122,121,0.747,0.7498,111,99,499.0,506.2,0.1938,0.1986
PHercParis4/segments/20260602230115-20230702185753_v14/ink-detection/downsampled/PHercParis4-20260602230115-2.4um-0.22m-78keV-volume-20260411134726-20260417190342-new_canon_autoresearch_recipe-tile256-stride128-ds8.jpg,PHercParis4,20260602230115-20230702185753_v14,canon,11,2,1024,311,122,121,0.8951,0.9012,119,109,499.0,506.2,0.2363,0.2399
PHercParis4/segments/20260602230115-20230702185753_v14/ink-detection/downsampled/PHercParis4-20260602230115-2.4um-0.22m-78keV-volume-20260411134726-20260417190342-new_canon_autoresearch_recipe-tile256-stride128-ds8.jpg,PHercParis4,20260602230115-20230702185753_v14,canon,11,3,1024,311,122,121,0.8172,0.8209,106,104,441.4,443.0,0.1512,0.1536
PHercParis4/segments/20260602230115-20230702185753_v14/ink-detection/downsampled/PHercParis4-20260602230115-2.4um-0.22m-78keV-volume-20260411134726-20260417190342-new_canon_autoresearch_recipe-tile256-stride128-ds8.jpg,PHercParis4,20260602230115-20230702185753_v14,canon,11,4,1024,311,122,121,0.5724,0.5675,66,67,499.0,506.2,0.0472,0.0492
PHercParis4/segments/20260602230115-20230702185753_v14/ink-detection/downsampled/PHercParis4-20260602230115-2.4um-0.22m-78keV-volume-20260411134726-20260417190342-new_canon_autoresearch_recipe-tile256-stride128-ds8.jpg,PHercParis4,20260602230115-20230702185753_v14,canon,12,0,1024,311,122,121,0.7482,0.7532,66,64,748.5,759.4,0.1557,0.1541
PHercParis4/segments/20260602230115-20230702185753_v14/ink-detection/downsampled/PHercParis4-20260602230115-2.4um-0.22m-78keV-volume-20260411134726-20260417190342-new_canon_autoresearch_recipe-tile256-stride128-ds8.jpg,PHercParis4,20260602230115-20230702185753_v14,canon,12,1,1024,311,122,121,0.9002,0.9049,103,95,575.8,632.8,0.2103,0.2084
PHercParis4/segments/20260602230115-20230702185753_v14/ink-detection/downsampled/PHercParis4-20260602230115-2.4um-0.22m-78keV-volume-20260411134726-20260417190342-new_canon_autoresearch_recipe-tile256-stride128-ds8.jpg,PHercParis4,20260602230115-20230702185753_v14,canon,12,2,1024,311,122,121,0.6385,0.6386,100,93,460.6,443.0,0.2481,0.2465
PHercParis4/segments/20260602230115-20230702185753_v14/ink-detection/downsampled/PHercParis4-20260602230115-2.4um-0.22m-78keV-volume-20260411134726-20260417190342-new_canon_autoresearch_recipe-tile256-stride128-ds8.jpg,PHercParis4,20260602230115-20230702185753_v14,canon,12,3,1024,311,122,121,0.3678,0.3619,95,92,383.8,379.7,0.1429,0.1432
PHercParis4/segments/20260602230115-20230702185753_v14/ink-detection/downsampled/PHercParis4-20260602230115-2.4um-0.22m-78keV-volume-20260411134726-20260417190342-new_canon_autoresearch_recipe-tile256-stride128-ds8.jpg,PHercParis4,20260602230115-20230702185753_v14,canon,12,4,1024,311,122,121,0.3545,0.3794,65,63,441.4,443.0,0.0273,0.0282
PHercParis4/segments/20260602230115-20230702185753_v14/ink-detection/downsampled/PHercParis4-20260602230115-2.4um-0.22m-78keV-volume-20260411134726-20260417190342-new_canon_autoresearch_recipe-tile256-stride128-ds8.jpg,PHercParis4,20260602230115-20230702185753_v14,canon,13,0,1024,311,122,121,0.8718,0.8865,88,80,633.3,727.7,0.1737,0.1741
PHercParis4/segments/20260602230115-20230702185753_v14/ink-detection/downsampled/PHercParis4-20260602230115-2.4um-0.22m-78keV-volume-20260411134726-20260417190342-new_canon_autoresearch_recipe-tile256-stride128-ds8.jpg,PHercParis4,20260602230115-20230702185753_v14,canon,13,1,1024,311,122,121,0.8971,0.9092,99,87,518.2,569.5,0.2033,0.2045
PHercParis4/segments/20260602230115-20230702185753_v14/ink-detection/downsampled/PHercParis4-20260602230115-2.4um-0.22m-78keV-volume-20260411134726-20260417190342-new_canon_autoresearch_recipe-tile256-stride128-ds8.jpg,PHercParis4,20260602230115-20230702185753_v14,canon,13,2,1024,311,122,121,0.6149,0.6115,93,82,441.4,443.0,0.2269,0.229
PHercParis4/segments/20260602230115-20230702185753_v14/ink-detection/downsampled/PHercParis4-20260602230115-2.4um-0.22m-78keV-volume-20260411134726-20260417190342-new_canon_autoresearch_recipe-tile256-stride128-ds8.jpg,PHercParis4,20260602230115-20230702185753_v14,canon,13,3,1024,311,122,121,0.33,0.3191,95,83,403.0,443.0,0.1316,0.1328
PHercParis4/segments/20260602230115-20230702185753_v14/ink-detection/downsampled/PHercParis4-20260602230115-2.4um-0.22m-78keV-volume-20260411134726-20260417190342-new_canon_autoresearch_recipe-tile256-stride128-ds8.jpg,PHercParis4,20260602230115-20230702185753_v14,canon,13,4,1024,311,122,121,0.5512,0.5677,75,68,441.4,443.0,0.0374,0.0376
PHercParis4/segments/20260602230115-20230702185753_v14/ink-detection/downsampled/PHercParis4-20260602230115-2.4um-0.22m-78keV-volume-20260411134726-20260417190342-new_canon_autoresearch_recipe-tile256-stride128-ds8.jpg,PHercParis4,20260602230115-20230702185753_v14,canon,14,0,1024,311,122,121,0.7961,0.7863,104,95,595.0,696.1,0.1355,0.1385
PHercParis4/segments/20260602230115-20230702185753_v14/ink-detection/downsampled/PHercParis4-20260602230115-2.4um-0.22m-78keV-volume-20260411134726-20260417190342-new_canon_autoresearch_recipe-tile256-stride128-ds8.jpg,PHercParis4,20260602230115-20230702185753_v14,canon,14,1,1024,311,122,121,0.8638,0.8552,111,104,518.2,506.2,0.1545,0.159
PHercParis4/segments/20260602230115-20230702185753_v14/ink-detection/downsampled/PHercParis4-20260602230115-2.4um-0.22m-78keV-volume-20260411134726-20260417190342-new_canon_autoresearch_recipe-tile256-stride128-ds8.jpg,PHercParis4,20260602230115-20230702185753_v14,canon,14,2,1024,311,122,121,0.8395,0.8498,120,111,518.2,506.2,0.1622,0.1673
PHercParis4/segments/20260602230115-20230702185753_v14/ink-detection/downsampled/PHercParis4-20260602230115-2.4um-0.22m-78keV-volume-20260411134726-20260417190342-new_canon_autoresearch_recipe-tile256-stride128-ds8.jpg,PHercParis4,20260602230115-20230702185753_v14,canon,14,3,1024,311,122,121,0.7552,0.7743,103,94,441.4,474.6,0.0957,0.0974
PHercParis4/segments/20260602230115-20230702185753_v14/ink-detection/downsampled/PHercParis4-20260602230115-2.4um-0.22m-78keV-volume-20260411134726-20260417190342-new_canon_autoresearch_recipe-tile256-stride128-ds8.jpg,PHercParis4,20260602230115-20230702185753_v14,canon,14,4,1024,311,122,121,0.5626,0.5684,73,66,441.4,506.2,0.0423,0.0419
PHercParis4/segments/20260602230115-20230702185753_v14/ink-detection/downsampled/PHercParis4-20260602230115-2.4um-0.22m-78keV-volume-20260411134726-20260417190342-new_canon_autoresearch_recipe-tile256-stride128-ds8.jpg,PHercParis4,20260602230115-20230702185753_v14,canon,15,0,1024,311,122,121,0.7843,0.7807,93,84,518.2,569.5,0.1058,0.1068
PHercParis4/segments/20260602230115-20230702185753_v14/ink-detection/downsampled/PHercParis4-20260602230115-2.4um-0.22m-78keV-volume-20260411134726-20260417190342-new_canon_autoresearch_recipe-tile256-stride128-ds8.jpg,PHercParis4,20260602230115-20230702185753_v14,canon,15,1,1024,311,122,121,0.6918,0.6895,117,103,441.4,506.2,0.1587,0.1593
PHercParis4/segments/20260602230115-20230702185753_v14/ink-detection/downsampled/PHercParis4-20260602230115-2.4um-0.22m-78keV-volume-20260411134726-20260417190342-new_canon_autoresearch_recipe-tile256-stride128-ds8.jpg,PHercParis4,20260602230115-20230702185753_v14,canon,15,2,1024,311,122,121,0.6231,0.6157,121,110,499.0,506.2,0.1463,0.148
PHercParis4/segments/20260602230115-20230702185753_v14/ink-detection/downsampled/PHercParis4-20260602230115-2.4um-0.22m-78keV-volume-20260411134726-20260417190342-new_canon_autoresearch_recipe-tile256-stride128-ds8.jpg,PHercParis4,20260602230115-20230702185753_v14,canon,15,3,1024,311,122,121,0.7292,0.7002,89,85,499.0,506.2,0.077,0.0785
PHercParis4/segments/20260602230115-20230702185753_v14/ink-detection/downsampled/PHercParis4-20260602230115-2.4um-0.22m-78keV-volume-20260411134726-20260417190342-new_canon_autoresearch_recipe-tile256-stride128-ds8.jpg,PHercParis4,20260602230115-20230702185753_v14,canon,15,4,1024,311,122,121,0.5923,0.5818,64,59,422.2,443.0,0.0379,0.039
PHercParis4/segments/20260602230115-20230702185753_v14/ink-detection/downsampled/PHercParis4-20260602230115-2.4um-0.22m-78keV-volume-20260411134726-20260417190342-new_canon_autoresearch_recipe-tile256-stride128-ds8.jpg,PHercParis4,20260602230115-20230702185753_v14,canon,16,0,1024,311,122,121,0.7564,0.7485,69,67,518.2,569.5,0.0655,0.0673
PHercParis4/segments/20260602230115-20230702185753_v14/ink-detection/downsampled/PHercParis4-20260602230115-2.4um-0.22m-78keV-volume-20260411134726-20260417190342-new_canon_autoresearch_recipe-tile256-stride128-ds8.jpg,PHercParis4,20260602230115-20230702185753_v14,canon,16,1,1024,311,122,121,0.6083,0.6088,120,112,460.6,506.2,0.1366,0.1375
PHercParis4/segments/20260602230115-20230702185753_v14/ink-detection/downsampled/PHercParis4-20260602230115-2.4um-0.22m-78keV-volume-20260411134726-20260417190342-new_canon_autoresearch_recipe-tile256-stride128-ds8.jpg,PHercParis4,20260602230115-20230702185753_v14,canon,16,2,1024,311,122,121,0.5082,0.5118,127,117,460.6,506.2,0.119,0.1193
PHercParis4/segments/20260602230115-20230702185753_v14/ink-detection/downsampled/PHercParis4-20260602230115-2.4um-0.22m-78keV-volume-20260411134726-20260417190342-new_canon_autoresearch_recipe-tile256-stride128-ds8.jpg,PHercParis4,20260602230115-20230702185753_v14,canon,16,3,1024,311,122,121,0.5264,0.535,105,98,499.0,443.0,0.0581,0.0587
PHercParis4/segments/20260602230115-20230702185753_v14/ink-detection/downsampled/PHercParis4-20260602230115-2.4um-0.22m-78keV-volume-20260411134726-20260417190342-new_canon_autoresearch_recipe-tile256-stride128-ds8.jpg,PHercParis4,20260602230115-20230702185753_v14,canon,16,4,1024,311,122,121,0.4697,0.4857,66,63,393.4,379.7,0.0347,0.035
PHercParis4/segments/20260602230115-20230702185753_v14/ink-detection/downsampled/PHercParis4-20260602230115-2.4um-0.22m-78keV-volume-20260411134726-20260417190342-new_canon_autoresearch_recipe-tile256-stride128-ds8.jpg,PHercParis4,20260602230115-20230702185753_v14,canon,17,1,1024,311,122,121,0.6572,0.6517,113,101,460.6,506.2,0.0829,0.0821
PHercParis4/segments/20260602230115-20230702185753_v14/ink-detection/downsampled/PHercParis4-20260602230115-2.4um-0.22m-78keV-volume-20260411134726-20260417190342-new_canon_autoresearch_recipe-tile256-stride128-ds8.jpg,PHercParis4,20260602230115-20230702185753_v14,canon,17,2,1024,311,122,121,0.656,0.6575,149,136,441.4,443.0,0.1007,0.0992
PHercParis4/segments/20260602230115-20230702185753_v14/ink-detection/downsampled/PHercParis4-20260602230115-2.4um-0.22m-78keV-volume-20260411134726-20260417190342-new_canon_autoresearch_recipe-tile256-stride128-ds8.jpg,PHercParis4,20260602230115-20230702185753_v14,canon,17,3,1024,311,122,121,0.5893,0.5816,142,135,412.6,443.0,0.0798,0.0794
PHercParis4/segments/20260602230115-20230702185753_v14/ink-detection/downsampled/PHercParis4-20260602230115-2.4um-0.22m-78keV-volume-20260411134726-20260417190342-new_canon_autoresearch_recipe-tile256-stride128-ds8.jpg,PHercParis4,20260602230115-20230702185753_v14,canon,17,4,1024,311,122,121,0.5257,0.5077,91,88,383.8,379.7,0.0486,0.0491
PHercParis4/segments/20260602230115-20230702185753_v14/ink-detection/downsampled/PHercParis4-20260602230115-2.4um-0.22m-78keV-volume-20260411134726-20260417190342-new_canon_autoresearch_recipe-tile256-stride128-ds8.jpg,PHercParis4,20260602230115-20230702185753_v14,canon,18,1,1024,311,122,121,0.3433,0.3358,97,91,422.2,443.0,0.0387,0.0398
PHercParis4/segments/20260602230115-20230702185753_v14/ink-detection/downsampled/PHercParis4-20260602230115-2.4um-0.22m-78keV-volume-20260411134726-20260417190342-new_canon_autoresearch_recipe-tile256-stride128-ds8.jpg,PHercParis4,20260602230115-20230702185753_v14,canon,18,2,1024,311,122,121,0.4392,0.4177,126,123,431.8,443.0,0.0553,0.0562
PHercParis4/segments/20260602230115-20230702185753_v14/ink-detection/downsampled/PHercParis4-20260602230115-2.4um-0.22m-78keV-volume-20260411134726-20260417190342-new_canon_autoresearch_recipe-tile256-stride128-ds8.jpg,PHercParis4,20260602230115-20230702185753_v14,canon,18,3,1024,311,122,121,0.5798,0.5408,113,113,383.8,379.7,0.0575,0.0583
PHercParis4/segments/20260602230115-20230702185753_v14/ink-detection/downsampled/PHercParis4-20260602230115-2.4um-0.22m-78keV-volume-20260411134726-20260417190342-new_canon_autoresearch_recipe-tile256-stride128-ds8.jpg,PHercParis4,20260602230115-20230702185753_v14,canon,18,4,1024,311,122,121,0.5917,0.5578,82,79,355.1,379.7,0.0371,0.0383
PHercParis4/segments/20260602230115-20230702185753_v14/ink-detection/downsampled/PHercParis4-20260602230115-2.4um-0.22m-78keV-volume-20260411134726-20260417190342-new_canon_autoresearch_recipe-tile256-stride128-ds8.jpg,PHercParis4,20260602230115-20230702185753_v14,canon,19,1,1024,311,122,121,0.4993,0.4383,93,91,460.6,506.2,0.0522,0.0511
PHercParis4/segments/20260602230115-20230702185753_v14/ink-detection/downsampled/PHercParis4-20260602230115-2.4um-0.22m-78keV-volume-20260411134726-20260417190342-new_canon_autoresearch_recipe-tile256-stride128-ds8.jpg,PHercParis4,20260602230115-20230702185753_v14,canon,19,2,1024,311,122,121,0.3102,0.2667,98,93,422.2,443.0,0.038,0.0378
PHercParis4/segments/20260602230115-20230702185753_v14/ink-detection/downsampled/PHercParis4-20260602230115-2.4um-0.22m-78keV-volume-20260411134726-20260417190342-new_canon_autoresearch_recipe-tile256-stride128-ds8.jpg,PHercParis4,20260602230115-20230702185753_v14,canon,19,3,1024,311,122,121,0.5618,0.5716,76,70,364.6,379.7,0.0364,0.0371
PHercParis4/segments/20260602230115-20230702185753_v14/ink-detection/downsampled/PHercParis4-20260602230115-2.4um-0.22m-78keV-volume-20260411134726-20260417190342-new_canon_autoresearch_recipe-tile256-stride128-ds8.jpg,PHercParis4,20260602230115-20230702185753_v14,canon,19,4,1024,311,122,121,0.6348,0.6716,58,54,345.5,379.7,0.0285,0.0294
PHercParis4/segments/20260602230115-20230702185753_v14/ink-detection/downsampled/PHercParis4-20260602230115-2.4um-0.22m-78keV-volume-20260411134726-20260417190342-new_canon_autoresearch_recipe-tile256-stride128-ds8.jpg,PHercParis4,20260602230115-20230702185753_v14,canon,20,1,1024,311,122,121,0.5813,0.5438,64,60,460.6,506.2,0.0403,0.0409
PHercParis4/segments/20260602230115-20230702185753_v14/ink-detection/downsampled/PHercParis4-20260602230115-2.4um-0.22m-78keV-volume-20260411134726-20260417190342-new_canon_autoresearch_recipe-tile256-stride128-ds8.jpg,PHercParis4,20260602230115-20230702185753_v14,canon,20,2,1024,311,122,121,0.3802,0.3792,63,57,441.4,443.0,0.0262,0.0264
PHercParis4/segments/20260602230115-20230702185753_v14/ink-detection/downsampled/PHercParis4-20260602230115-2.4um-0.22m-78keV-volume-20260411134726-20260417190342-new_canon_autoresearch_recipe-tile256-stride128-ds8.jpg,PHercParis4,20260602230115-20230702185753_v14,canon,20,3,1024,311,122,121,0.7612,0.7513,46,41,335.9,379.7,0.0283,0.0288
PHercParis4/segments/20260602230115-20230702185753_v14/ink-detection/downsampled/PHercParis4-20260602230115-2.4um-0.22m-78keV-volume-20260411134726-20260417190342-new_canon_autoresearch_recipe-tile256-stride128-ds8.jpg,PHercParis4,20260602230115-20230702185753_v14,canon,20,4,1024,311,122,121,0.7424,0.7343,39,37,345.5,379.7,0.0253,0.0259
PHercParis4/segments/20260603005223-5753_-1/ink-detection/downsampled/PHercParis4-20260603005223-2.4um-0.22m-78keV-volume-20260411134726-20260417190342-new_canon_autoresearch_recipe-tile256-stride128-ds8.jpg,PHercParis4,20260603005223-5753_-1,canon,0,1,1024,311,116,116,0.8468,0.8331,101,95,479.8,506.2,0.1332,0.1336
PHercParis4/segments/20260603005223-5753_-1/ink-detection/downsampled/PHercParis4-20260603005223-2.4um-0.22m-78keV-volume-20260411134726-20260417190342-new_canon_autoresearch_recipe-tile256-stride128-ds8.jpg,PHercParis4,20260603005223-5753_-1,canon,1,1,1024,311,116,116,0.9008,0.9013,84,80,575.8,569.5,0.1606,0.1616
PHercParis4/segments/20260603005223-5753_-1/ink-detection/downsampled/PHercParis4-20260603005223-2.4um-0.22m-78keV-volume-20260411134726-20260417190342-new_canon_autoresearch_recipe-tile256-stride128-ds8.jpg,PHercParis4,20260603005223-5753_-1,canon,2,1,1024,311,116,116,0.9151,0.918,78,77,547.0,506.2,0.1715,0.1716
PHercParis4/segments/20260603005223-5753_-1/ink-detection/downsampled/PHercParis4-20260603005223-2.4um-0.22m-78keV-volume-20260411134726-20260417190342-new_canon_autoresearch_recipe-tile256-stride128-ds8.jpg,PHercParis4,20260603005223-5753_-1,canon,3,1,1024,311,116,116,0.8368,0.8363,74,73,470.2,506.2,0.0974,0.0979
PHercParis4/segments/20260603005223-5753_-1/ink-detection/downsampled/PHercParis4-20260603005223-2.4um-0.22m-78keV-volume-20260411134726-20260417190342-new_canon_autoresearch_recipe-tile256-stride128-ds8.jpg,PHercParis4,20260603005223-5753_-1,canon,4,1,1024,311,116,116,0.4564,0.4635,67,62,441.4,443.0,0.0343,0.0343
PHercParis4/segments/20260603005223-5753_-1/ink-detection/downsampled/PHercParis4-20260603005223-2.4um-0.22m-78keV-volume-20260411134726-20260417190342-new_canon_autoresearch_recipe-tile256-stride128-ds8.jpg,PHercParis4,20260603005223-5753_-1,canon,5,1,1024,311,116,116,0.4154,0.419,77,71,364.6,379.7,0.0321,0.0318
PHercParis4/segments/20260603005223-5753_-1/ink-detection/downsampled/PHercParis4-20260603005223-2.4um-0.22m-78keV-volume-20260411134726-20260417190342-new_canon_autoresearch_recipe-tile256-stride128-ds8.jpg,PHercParis4,20260603005223-5753_-1,canon,6,1,1024,311,116,116,0.3686,0.3949,85,74,326.3,316.4,0.026,0.0264
PHercParis4/segments/20260603005223-5753_-1/ink-detection/downsampled/PHercParis4-20260603005223-2.4um-0.22m-78keV-volume-20260411134726-20260417190342-new_canon_autoresearch_recipe-tile256-stride128-ds8.jpg,PHercParis4,20260603005223-5753_-1,canon,7,1,1024,311,116,116,0.2678,0.2763,72,65,326.3,316.4,0.0198,0.0199
PHercParis4/segments/20260603005223-5753_-1/ink-detection/downsampled/PHercParis4-20260603005223-2.4um-0.22m-78keV-volume-20260411134726-20260417190342-new_canon_autoresearch_recipe-tile256-stride128-ds8.jpg,PHercParis4,20260603005223-5753_-1,canon,8,0,1024,311,116,116,0.1901,0.1877,53,53,326.3,316.4,0.0128,0.0129
PHercParis4/segments/20260603005223-5753_-1/ink-detection/downsampled/PHercParis4-20260603005223-2.4um-0.22m-78keV-volume-20260411134726-20260417190342-new_canon_autoresearch_recipe-tile256-stride128-ds8.jpg,PHercParis4,20260603005223-5753_-1,canon,8,1,1024,311,116,116,0.3643,0.3518,58,56,326.3,316.4,0.0184,0.0181
PHercParis4/segments/20260603005223-5753_-1/ink-detection/downsampled/PHercParis4-20260603005223-2.4um-0.22m-78keV-volume-20260411134726-20260417190342-new_canon_autoresearch_recipe-tile256-stride128-ds8.jpg,PHercParis4,20260603005223-5753_-1,canon,9,0,1024,311,116,116,0.1952,0.1956,43,42,307.1,253.1,0.0076,0.0076
PHercParis4/segments/20260603005223-5753_-1/ink-detection/downsampled/PHercParis4-20260603005223-2.4um-0.22m-78keV-volume-20260411134726-20260417190342-new_canon_autoresearch_recipe-tile256-stride128-ds8.jpg,PHercParis4,20260603005223-5753_-1,canon,9,1,1024,311,116,116,0.6547,0.6595,51,46,307.1,379.7,0.0296,0.0293
PHercParis4/segments/20260603005223-5753_-1/ink-detection/downsampled/PHercParis4-20260603005223-2.4um-0.22m-78keV-volume-20260411134726-20260417190342-new_canon_autoresearch_recipe-tile256-stride128-ds8.jpg,PHercParis4,20260603005223-5753_-1,canon,10,0,1024,311,116,116,0.0,0.0,26,23,307.1,316.4,0.0045,0.0041
PHercParis4/segments/20260603005223-5753_-1/ink-detection/downsampled/PHercParis4-20260603005223-2.4um-0.22m-78keV-volume-20260411134726-20260417190342-new_canon_autoresearch_recipe-tile256-stride128-ds8.jpg,PHercParis4,20260603005223-5753_-1,canon,10,1,1024,311,116,116,0.6631,0.6937,44,37,335.9,379.7,0.0218,0.0218
PHercParis4/segments/20260603005223-5753_-1/ink-detection/downsampled/PHercParis4-20260603005223-2.4um-0.22m-78keV-volume-20260411134726-20260417190342-new_canon_autoresearch_recipe-tile256-stride128-ds8.jpg,PHercParis4,20260603005223-5753_-1,canon,11,0,1024,311,116,116,0.2839,0.2687,43,37,345.5,379.7,0.0121,0.0116
PHercParis4/segments/20260603005223-5753_-1/ink-detection/downsampled/PHercParis4-20260603005223-2.4um-0.22m-78keV-volume-20260411134726-20260417190342-new_canon_autoresearch_recipe-tile256-stride128-ds8.jpg,PHercParis4,20260603005223-5753_-1,canon,11,1,1024,311,116,116,0.0,0.0,65,56,307.1,316.4,0.0125,0.0122
PHercParis4/segments/20260603005223-5753_-1/ink-detection/downsampled/PHercParis4-20260603005223-2.4um-0.22m-78keV-volume-20260411134726-20260417190342-new_canon_autoresearch_recipe-tile256-stride128-ds8.jpg,PHercParis4,20260603005223-5753_-1,canon,12,0,1024,311,116,116,0.3648,0.3626,66,59,316.7,379.7,0.0218,0.0218
PHercParis4/segments/20260603005223-5753_-1/ink-detection/downsampled/PHercParis4-20260603005223-2.4um-0.22m-78keV-volume-20260411134726-20260417190342-new_canon_autoresearch_recipe-tile256-stride128-ds8.jpg,PHercParis4,20260603005223-5753_-1,canon,12,1,1024,311,116,116,0.0562,0.0,74,69,307.1,316.4,0.0163,0.0159
PHercParis4/segments/20260603005223-5753_-1/ink-detection/downsampled/PHercParis4-20260603005223-2.4um-0.22m-78keV-volume-20260411134726-20260417190342-new_canon_autoresearch_recipe-tile256-stride128-ds8.jpg,PHercParis4,20260603005223-5753_-1,canon,13,0,1024,311,116,116,0.2188,0.2386,78,68,316.7,348.0,0.0207,0.0205
PHercParis4/segments/20260603005223-5753_-1/ink-detection/downsampled/PHercParis4-20260603005223-2.4um-0.22m-78keV-volume-20260411134726-20260417190342-new_canon_autoresearch_recipe-tile256-stride128-ds8.jpg,PHercParis4,20260603005223-5753_-1,canon,13,1,1024,311,116,116,0.0832,0.0852,58,54,335.9,379.7,0.015,0.0147
PHercParis4/segments/20260603005223-5753_-1/ink-detection/downsampled/PHercParis4-20260603005223-2.4um-0.22m-78keV-volume-20260411134726-20260417190342-new_canon_autoresearch_recipe-tile256-stride128-ds8.jpg,PHercParis4,20260603005223-5753_-1,canon,14,0,1024,311,116,116,0.4083,0.4166,112,95,326.3,379.7,0.0388,0.0379
PHercParis4/segments/20260603005223-5753_-1/ink-detection/downsampled/PHercParis4-20260603005223-2.4um-0.22m-78keV-volume-20260411134726-20260417190342-new_canon_autoresearch_recipe-tile256-stride128-ds8.jpg,PHercParis4,20260603005223-5753_-1,canon,14,1,1024,311,116,116,0.2418,0.2776,82,75,326.3,316.4,0.0221,0.0225
PHercParis4/segments/20260603005223-5753_-1/ink-detection/downsampled/PHercParis4-20260603005223-2.4um-0.22m-78keV-volume-20260411134726-20260417190342-new_canon_autoresearch_recipe-tile256-stride128-ds8.jpg,PHercParis4,20260603005223-5753_-1,canon,15,0,1024,311,116,116,0.3929,0.3978,112,102,345.5,379.7,0.0403,0.0397
PHercParis4/segments/20260603005223-5753_-1/ink-detection/downsampled/PHercParis4-20260603005223-2.4um-0.22m-78keV-volume-20260411134726-20260417190342-new_canon_autoresearch_recipe-tile256-stride128-ds8.jpg,PHercParis4,20260603005223-5753_-1,canon,15,1,1024,311,116,116,0.2233,0.2257,88,83,326.3,316.4,0.0239,0.0235
PHercParis4/segments/20260603005223-5753_-1/ink-detection/downsampled/PHercParis4-20260603005223-2.4um-0.22m-78keV-volume-20260411134726-20260417190342-new_canon_autoresearch_recipe-tile256-stride128-ds8.jpg,PHercParis4,20260603005223-5753_-1,canon,16,0,1024,311,116,116,0.049,0.0501,78,72,364.6,379.7,0.0204,0.02
PHercParis4/segments/20260603005223-5753_-1/ink-detection/downsampled/PHercParis4-20260603005223-2.4um-0.22m-78keV-volume-20260411134726-20260417190342-new_canon_autoresearch_recipe-tile256-stride128-ds8.jpg,PHercParis4,20260603005223-5753_-1,canon,16,1,1024,311,116,116,0.0,0.0,67,62,345.5,379.7,0.0167,0.0161
PHercParis4/segments/20260603005223-5753_-1/ink-detection/downsampled/PHercParis4-20260603005223-2.4um-0.22m-78keV-volume-20260411134726-20260417190342-new_canon_autoresearch_recipe-tile256-stride128-ds8.jpg,PHercParis4,20260603005223-5753_-1,canon,17,0,1024,311,116,116,0.1049,0.1061,80,75,383.8,443.0,0.0238,0.024
PHercParis4/segments/20260603005223-5753_-1/ink-detection/downsampled/PHercParis4-20260603005223-2.4um-0.22m-78keV-volume-20260411134726-20260417190342-new_canon_autoresearch_recipe-tile256-stride128-ds8.jpg,PHercParis4,20260603005223-5753_-1,canon,17,1,1024,311,116,116,0.0878,0.0892,57,52,383.8,379.7,0.0171,0.0173
