scroll,segment,key,size_mb,resolution_um,recipe,pitch_um,source_group,num_slices,status
PHerc0139,20250108000000-w025_2025010863,PHerc0139/segments/20250108000000-w025_2025010863/ink-detection/downsampled/PHerc0139-20250108000000-1.129um-0.22m-59keV-volume-20260413113053-L1-20260709123958-mrg20736-1um-s1z2-tile256-stride128-ds8.jpg,0.39,1.129,1um_s1z2,2.258,1,116,ok
PHerc0139,20250108000000-w025_2025010863,PHerc0139/segments/20250108000000-w025_2025010863/ink-detection/downsampled/PHerc0139-20250108000000-2.399um-0.22m-78keV-volume-20260102150214-20260417190342-new_canon_autoresearch_recipe-tile256-stride128-ds8.jpg,0.87,2.399,canon,2.399,0,109,ok
PHerc0139,20250108000001-w026_2025010854,PHerc0139/segments/20250108000001-w026_2025010854/ink-detection/downsampled/PHerc0139-20250108000001-1.129um-0.22m-59keV-volume-20260413113053-L1-20260709123958-mrg20736-1um-s1z2-tile256-stride128-ds8.jpg,0.36,1.129,1um_s1z2,2.258,1,116,ok
PHerc0139,20250108000001-w026_2025010854,PHerc0139/segments/20250108000001-w026_2025010854/ink-detection/downsampled/PHerc0139-20250108000001-2.399um-0.22m-78keV-volume-20260102150214-20260417190342-new_canon_autoresearch_recipe-tile256-stride128-ds8.jpg,0.74,2.399,canon,2.399,0,109,ok
PHerc0139,20250108000002-w027_2025010845,PHerc0139/segments/20250108000002-w027_2025010845/ink-detection/downsampled/PHerc0139-20250108000002-1.129um-0.22m-59keV-volume-20260413113053-L1-20260709123958-mrg20736-1um-s1z2-tile256-stride128-ds8.jpg,0.39,1.129,1um_s1z2,2.258,1,116,ok
PHerc0139,20250108000002-w027_2025010845,PHerc0139/segments/20250108000002-w027_2025010845/ink-detection/downsampled/PHerc0139-20250108000002-2.399um-0.22m-78keV-volume-20260102150214-20260417190342-new_canon_autoresearch_recipe-tile256-stride128-ds8.jpg,0.8,2.399,canon,2.399,0,109,ok
PHerc0139,20250108000003-w028_2025010836,PHerc0139/segments/20250108000003-w028_2025010836/ink-detection/downsampled/PHerc0139-20250108000003-1.129um-0.22m-59keV-volume-20260413113053-L1-20260709123958-mrg20736-1um-s1z2-tile256-stride128-ds8.jpg,0.41,1.129,1um_s1z2,2.258,1,116,ok
PHerc0139,20250108000003-w028_2025010836,PHerc0139/segments/20250108000003-w028_2025010836/ink-detection/downsampled/PHerc0139-20250108000003-2.399um-0.22m-78keV-volume-20260102150214-20260417190342-new_canon_autoresearch_recipe-tile256-stride128-ds8.jpg,0.85,2.399,canon,2.399,0,109,ok
PHerc0139,20250108000004-w029_2025010827,PHerc0139/segments/20250108000004-w029_2025010827/ink-detection/downsampled/PHerc0139-20250108000004-1.129um-0.22m-59keV-volume-20260413113053-L1-20260709123958-mrg20736-1um-s1z2-tile256-stride128-ds8.jpg,0.43,1.129,1um_s1z2,2.258,1,116,ok
PHerc0139,20250108000004-w029_2025010827,PHerc0139/segments/20250108000004-w029_2025010827/ink-detection/downsampled/PHerc0139-20250108000004-2.399um-0.22m-78keV-volume-20260102150214-20260417190342-new_canon_autoresearch_recipe-tile256-stride128-ds8.jpg,0.79,2.399,canon,2.399,0,109,ok
PHerc0139,20250108000005-w030_2025010818,PHerc0139/segments/20250108000005-w030_2025010818/ink-detection/downsampled/PHerc0139-20250108000005-1.129um-0.22m-59keV-volume-20260413113053-L1-20260709123958-mrg20736-1um-s1z2-tile256-stride128-ds8.jpg,0.53,1.129,1um_s1z2,2.258,1,116,ok
PHerc0139,20250108000005-w030_2025010818,PHerc0139/segments/20250108000005-w030_2025010818/ink-detection/downsampled/PHerc0139-20250108000005-2.399um-0.22m-78keV-volume-20260102150214-20260417190342-new_canon_autoresearch_recipe-tile256-stride128-ds8.jpg,0.99,2.399,canon,2.399,0,109,ok
PHerc0139,20250223000000-w059_2025022312,PHerc0139/segments/20250223000000-w059_2025022312/ink-detection/downsampled/PHerc0139-20250223000000-1.129um-0.22m-59keV-volume-20260413113053-L1-20260709123958-mrg20736-1um-s1z2-tile256-stride128-ds8.jpg,0.76,1.129,1um_s1z2,2.258,1,116,ok
PHerc0139,20250223000000-w059_2025022312,PHerc0139/segments/20250223000000-w059_2025022312/ink-detection/downsampled/PHerc0139-20250223000000-2.399um-0.22m-78keV-volume-20260102150214-20260417190342-new_canon_autoresearch_recipe-tile256-stride128-ds8.jpg,1.32,2.399,canon,2.399,0,109,ok
PHerc0139,20250831000000-w040_2025083102,PHerc0139/segments/20250831000000-w040_2025083102/ink-detection/downsampled/PHerc0139-20250831000000-1.129um-0.22m-59keV-volume-20260413113053-L1-20260709123958-mrg20736-1um-s1z2-tile256-stride128-ds8.jpg,0.52,1.129,1um_s1z2,2.258,1,116,ok
PHerc0139,20250831000000-w040_2025083102,PHerc0139/segments/20250831000000-w040_2025083102/ink-detection/downsampled/PHerc0139-20250831000000-2.399um-0.22m-78keV-volume-20260102150214-20260417190342-new_canon_autoresearch_recipe-tile256-stride128-ds8.jpg,0.83,2.399,canon,2.399,0,109,ok
PHerc0139,20251226000000-w055_2025122611,PHerc0139/segments/20251226000000-w055_2025122611/ink-detection/downsampled/PHerc0139-20251226000000-1.129um-0.22m-59keV-volume-20260413113053-L1-20260709123958-mrg20736-1um-s1z2-tile256-stride128-ds8.jpg,0.65,1.129,1um_s1z2,2.258,1,116,ok
PHerc0139,20251226000000-w055_2025122611,PHerc0139/segments/20251226000000-w055_2025122611/ink-detection/downsampled/PHerc0139-20251226000000-2.399um-0.22m-78keV-volume-20260102150214-20260417190342-new_canon_autoresearch_recipe-tile256-stride128-ds8.jpg,1.24,2.399,canon,2.399,0,109,ok
PHerc0139,20260108000000-w041_2026010816,PHerc0139/segments/20260108000000-w041_2026010816/ink-detection/downsampled/PHerc0139-20260108000000-1.129um-0.22m-59keV-volume-20260413113053-L1-20260709123958-mrg20736-1um-s1z2-tile256-stride128-ds8.jpg,0.48,1.129,1um_s1z2,2.258,1,116,ok
PHerc0139,20260108000000-w041_2026010816,PHerc0139/segments/20260108000000-w041_2026010816/ink-detection/downsampled/PHerc0139-20260108000000-2.399um-0.22m-78keV-volume-20260102150214-20260417190342-new_canon_autoresearch_recipe-tile256-stride128-ds8.jpg,0.87,2.399,canon,2.399,0,109,ok
PHerc0139,20260112000000-w043_2026011217,PHerc0139/segments/20260112000000-w043_2026011217/ink-detection/downsampled/PHerc0139-20260112000000-1.129um-0.22m-59keV-volume-20260413113053-L1-20260709123958-mrg20736-1um-s1z2-tile256-stride128-ds8.jpg,0.51,1.129,1um_s1z2,2.258,1,116,ok
PHerc0139,20260112000000-w043_2026011217,PHerc0139/segments/20260112000000-w043_2026011217/ink-detection/downsampled/PHerc0139-20260112000000-2.399um-0.22m-78keV-volume-20260102150214-20260417190342-new_canon_autoresearch_recipe-tile256-stride128-ds8.jpg,0.98,2.399,canon,2.399,0,109,ok
PHerc0139,20260115000000-w044_2026011522,PHerc0139/segments/20260115000000-w044_2026011522/ink-detection/downsampled/PHerc0139-20260115000000-1.129um-0.22m-59keV-volume-20260413113053-L1-20260709123958-mrg20736-1um-s1z2-tile256-stride128-ds8.jpg,0.5,1.129,1um_s1z2,2.258,1,116,ok
PHerc0139,20260115000000-w044_2026011522,PHerc0139/segments/20260115000000-w044_2026011522/ink-detection/downsampled/PHerc0139-20260115000000-2.399um-0.22m-78keV-volume-20260102150214-20260417190342-new_canon_autoresearch_recipe-tile256-stride128-ds8.jpg,0.96,2.399,canon,2.399,0,109,ok
PHerc0139,20260115000001-w056_2026011514,PHerc0139/segments/20260115000001-w056_2026011514/ink-detection/downsampled/PHerc0139-20260115000001-1.129um-0.22m-59keV-volume-20260413113053-L1-20260709123958-mrg20736-1um-s1z2-tile256-stride128-ds8.jpg,0.59,1.129,1um_s1z2,2.258,1,116,ok
PHerc0139,20260115000001-w056_2026011514,PHerc0139/segments/20260115000001-w056_2026011514/ink-detection/downsampled/PHerc0139-20260115000001-2.399um-0.22m-78keV-volume-20260102150214-20260417190342-new_canon_autoresearch_recipe-tile256-stride128-ds8.jpg,1.14,2.399,canon,2.399,0,109,ok
PHerc0139,20260126000000-w045_2026012619,PHerc0139/segments/20260126000000-w045_2026012619/ink-detection/downsampled/PHerc0139-20260126000000-1.129um-0.22m-59keV-volume-20260413113053-L1-20260709123958-mrg20736-1um-s1z2-tile256-stride128-ds8.jpg,0.5,1.129,1um_s1z2,2.258,1,116,ok
PHerc0139,20260126000000-w045_2026012619,PHerc0139/segments/20260126000000-w045_2026012619/ink-detection/downsampled/PHerc0139-20260126000000-2.399um-0.22m-78keV-volume-20260102150214-20260417190342-new_canon_autoresearch_recipe-tile256-stride128-ds8.jpg,0.88,2.399,canon,2.399,0,109,ok
PHerc0139,20260127000000-w057_2026012713,PHerc0139/segments/20260127000000-w057_2026012713/ink-detection/downsampled/PHerc0139-20260127000000-1.129um-0.22m-59keV-volume-20260413113053-L1-20260709123958-mrg20736-1um-s1z2-tile256-stride128-ds8.jpg,0.61,1.129,1um_s1z2,2.258,1,116,ok
PHerc0139,20260127000000-w057_2026012713,PHerc0139/segments/20260127000000-w057_2026012713/ink-detection/downsampled/PHerc0139-20260127000000-2.399um-0.22m-78keV-volume-20260102150214-20260417190342-new_canon_autoresearch_recipe-tile256-stride128-ds8.jpg,1.07,2.399,canon,2.399,0,109,ok
PHerc0139,20260130000000-w031_2026013019,PHerc0139/segments/20260130000000-w031_2026013019/ink-detection/downsampled/PHerc0139-20260130000000-1.129um-0.22m-59keV-volume-20260413113053-L1-20260709123958-mrg20736-1um-s1z2-tile256-stride128-ds8.jpg,0.46,1.129,1um_s1z2,2.258,1,116,ok
PHerc0139,20260130000000-w031_2026013019,PHerc0139/segments/20260130000000-w031_2026013019/ink-detection/downsampled/PHerc0139-20260130000000-2.399um-0.22m-78keV-volume-20260102150214-20260417190342-new_canon_autoresearch_recipe-tile256-stride128-ds8.jpg,0.93,2.399,canon,2.399,0,109,ok
PHerc0139,20260203000000-w032_2026020303,PHerc0139/segments/20260203000000-w032_2026020303/ink-detection/downsampled/PHerc0139-20260203000000-1.129um-0.22m-59keV-volume-20260413113053-L1-20260709123958-mrg20736-1um-s1z2-tile256-stride128-ds8.jpg,0.56,1.129,1um_s1z2,2.258,1,116,ok
PHerc0139,20260203000000-w032_2026020303,PHerc0139/segments/20260203000000-w032_2026020303/ink-detection/downsampled/PHerc0139-20260203000000-2.399um-0.22m-78keV-volume-20260102150214-20260417190342-new_canon_autoresearch_recipe-tile256-stride128-ds8.jpg,1.05,2.399,canon,2.399,0,109,ok
PHerc0139,20260206000000-w042_2026020613,PHerc0139/segments/20260206000000-w042_2026020613/ink-detection/downsampled/PHerc0139-20260206000000-1.129um-0.22m-59keV-volume-20260413113053-L1-20260709123958-mrg20736-1um-s1z2-tile256-stride128-ds8.jpg,0.46,1.129,1um_s1z2,2.258,1,116,ok
PHerc0139,20260206000000-w042_2026020613,PHerc0139/segments/20260206000000-w042_2026020613/ink-detection/downsampled/PHerc0139-20260206000000-2.399um-0.22m-78keV-volume-20260102150214-20260417190342-new_canon_autoresearch_recipe-tile256-stride128-ds8.jpg,0.84,2.399,canon,2.399,0,109,ok
PHerc0139,20260206000001-w047_2026020613,PHerc0139/segments/20260206000001-w047_2026020613/ink-detection/downsampled/PHerc0139-20260206000001-1.129um-0.22m-59keV-volume-20260413113053-L1-20260709123958-mrg20736-1um-s1z2-tile256-stride128-ds8.jpg,0.46,1.129,1um_s1z2,2.258,1,116,ok
PHerc0139,20260206000001-w047_2026020613,PHerc0139/segments/20260206000001-w047_2026020613/ink-detection/downsampled/PHerc0139-20260206000001-2.399um-0.22m-78keV-volume-20260102150214-20260417190342-new_canon_autoresearch_recipe-tile256-stride128-ds8.jpg,0.81,2.399,canon,2.399,0,109,ok
PHerc0139,20260206000002-w054_2026020617,PHerc0139/segments/20260206000002-w054_2026020617/ink-detection/downsampled/PHerc0139-20260206000002-1.129um-0.22m-59keV-volume-20260413113053-L1-20260709123958-mrg20736-1um-s1z2-tile256-stride128-ds8.jpg,0.72,1.129,1um_s1z2,2.258,1,116,ok
PHerc0139,20260206000002-w054_2026020617,PHerc0139/segments/20260206000002-w054_2026020617/ink-detection/downsampled/PHerc0139-20260206000002-2.399um-0.22m-78keV-volume-20260102150214-20260417190342-new_canon_autoresearch_recipe-tile256-stride128-ds8.jpg,1.29,2.399,canon,2.399,0,109,ok
PHerc0139,20260210000000-w058_2026021020,PHerc0139/segments/20260210000000-w058_2026021020/ink-detection/downsampled/PHerc0139-20260210000000-1.129um-0.22m-59keV-volume-20260413113053-L1-20260709123958-mrg20736-1um-s1z2-tile256-stride128-ds8.jpg,0.8,1.129,1um_s1z2,2.258,1,116,ok
PHerc0139,20260210000000-w058_2026021020,PHerc0139/segments/20260210000000-w058_2026021020/ink-detection/downsampled/PHerc0139-20260210000000-2.399um-0.22m-78keV-volume-20260102150214-20260417190342-new_canon_autoresearch_recipe-tile256-stride128-ds8.jpg,1.34,2.399,canon,2.399,0,109,ok
PHerc0139,20260215000000-w024_2026021572,PHerc0139/segments/20260215000000-w024_2026021572/ink-detection/downsampled/PHerc0139-20260215000000-1.129um-0.22m-59keV-volume-20260413113053-L1-20260709123958-mrg20736-1um-s1z2-tile256-stride128-ds8.jpg,0.62,1.129,1um_s1z2,2.258,1,116,ok
PHerc0139,20260215000000-w024_2026021572,PHerc0139/segments/20260215000000-w024_2026021572/ink-detection/downsampled/PHerc0139-20260215000000-2.399um-0.22m-78keV-volume-20260102150214-20260417190342-new_canon_autoresearch_recipe-tile256-stride128-ds8.jpg,1.16,2.399,canon,2.399,0,109,ok
PHerc0139,20260219000000-w033_2026021913,PHerc0139/segments/20260219000000-w033_2026021913/ink-detection/downsampled/PHerc0139-20260219000000-1.129um-0.22m-59keV-volume-20260413113053-L1-20260709123958-mrg20736-1um-s1z2-tile256-stride128-ds8.jpg,0.6,1.129,1um_s1z2,2.258,1,116,ok
PHerc0139,20260219000000-w033_2026021913,PHerc0139/segments/20260219000000-w033_2026021913/ink-detection/downsampled/PHerc0139-20260219000000-2.399um-0.22m-78keV-volume-20260102150214-20260417190342-new_canon_autoresearch_recipe-tile256-stride128-ds8.jpg,1.17,2.399,canon,2.399,0,109,ok
PHerc0139,20260219000001-w048_2026021912,PHerc0139/segments/20260219000001-w048_2026021912/ink-detection/downsampled/PHerc0139-20260219000001-1.129um-0.22m-59keV-volume-20260413113053-L1-20260709123958-mrg20736-1um-s1z2-tile256-stride128-ds8.jpg,0.4,1.129,1um_s1z2,2.258,1,116,ok
PHerc0139,20260219000001-w048_2026021912,PHerc0139/segments/20260219000001-w048_2026021912/ink-detection/downsampled/PHerc0139-20260219000001-2.399um-0.22m-78keV-volume-20260102150214-20260417190342-new_canon_autoresearch_recipe-tile256-stride128-ds8.jpg,0.64,2.399,canon,2.399,0,109,ok
PHerc0139,20260220000000-w053_2026022021,PHerc0139/segments/20260220000000-w053_2026022021/ink-detection/downsampled/PHerc0139-20260220000000-1.129um-0.22m-59keV-volume-20260413113053-L1-20260709123958-mrg20736-1um-s1z2-tile256-stride128-ds8.jpg,0.59,1.129,1um_s1z2,2.258,1,116,ok
PHerc0139,20260220000000-w053_2026022021,PHerc0139/segments/20260220000000-w053_2026022021/ink-detection/downsampled/PHerc0139-20260220000000-2.399um-0.22m-78keV-volume-20260102150214-20260417190342-new_canon_autoresearch_recipe-tile256-stride128-ds8.jpg,0.98,2.399,canon,2.399,0,109,ok
PHerc0139,20260227000000-w052_2026022705,PHerc0139/segments/20260227000000-w052_2026022705/ink-detection/downsampled/PHerc0139-20260227000000-1.129um-0.22m-59keV-volume-20260413113053-L1-20260709123958-mrg20736-1um-s1z2-tile256-stride128-ds8.jpg,0.66,1.129,1um_s1z2,2.258,1,116,ok
PHerc0139,20260227000000-w052_2026022705,PHerc0139/segments/20260227000000-w052_2026022705/ink-detection/downsampled/PHerc0139-20260227000000-2.399um-0.22m-78keV-volume-20260102150214-20260417190342-new_canon_autoresearch_recipe-tile256-stride128-ds8.jpg,1.16,2.399,canon,2.399,0,109,ok
PHerc0139,20260302000000-w039_2026030210,PHerc0139/segments/20260302000000-w039_2026030210/ink-detection/downsampled/PHerc0139-20260302000000-1.129um-0.22m-59keV-volume-20260413113053-L1-20260709123958-mrg20736-1um-s1z2-tile256-stride128-ds8.jpg,0.51,1.129,1um_s1z2,2.258,1,116,ok
PHerc0139,20260302000000-w039_2026030210,PHerc0139/segments/20260302000000-w039_2026030210/ink-detection/downsampled/PHerc0139-20260302000000-2.399um-0.22m-78keV-volume-20260102150214-20260417190342-new_canon_autoresearch_recipe-tile256-stride128-ds8.jpg,0.76,2.399,canon,2.399,0,109,ok
PHerc0139,20260302000001-w050_2026030220,PHerc0139/segments/20260302000001-w050_2026030220/ink-detection/downsampled/PHerc0139-20260302000001-1.129um-0.22m-59keV-volume-20260413113053-L1-20260709123958-mrg20736-1um-s1z2-tile256-stride128-ds8.jpg,0.17,1.129,1um_s1z2,2.258,1,116,ok
PHerc0139,20260302000001-w050_2026030220,PHerc0139/segments/20260302000001-w050_2026030220/ink-detection/downsampled/PHerc0139-20260302000001-2.399um-0.22m-78keV-volume-20260102150214-20260417190342-new_canon_autoresearch_recipe-tile256-stride128-ds8.jpg,0.26,2.399,canon,2.399,0,109,ok
PHerc0139,20260303000000-w034_2026030317,PHerc0139/segments/20260303000000-w034_2026030317/ink-detection/downsampled/PHerc0139-20260303000000-1.129um-0.22m-59keV-volume-20260413113053-L1-20260709123958-mrg20736-1um-s1z2-tile256-stride128-ds8.jpg,0.49,1.129,1um_s1z2,2.258,1,116,ok
PHerc0139,20260303000000-w034_2026030317,PHerc0139/segments/20260303000000-w034_2026030317/ink-detection/downsampled/PHerc0139-20260303000000-2.399um-0.22m-78keV-volume-20260102150214-20260417190342-new_canon_autoresearch_recipe-tile256-stride128-ds8.jpg,0.94,2.399,canon,2.399,0,109,ok
PHerc0139,20260306000000-w038_2026030608,PHerc0139/segments/20260306000000-w038_2026030608/ink-detection/downsampled/PHerc0139-20260306000000-1.129um-0.22m-59keV-volume-20260413113053-L1-20260709123958-mrg20736-1um-s1z2-tile256-stride128-ds8.jpg,0.51,1.129,1um_s1z2,2.258,1,116,ok
PHerc0139,20260306000000-w038_2026030608,PHerc0139/segments/20260306000000-w038_2026030608/ink-detection/downsampled/PHerc0139-20260306000000-2.399um-0.22m-78keV-volume-20260102150214-20260417190342-new_canon_autoresearch_recipe-tile256-stride128-ds8.jpg,0.74,2.399,canon,2.399,0,109,ok
PHerc0139,20260306000001-w051_2026030600,PHerc0139/segments/20260306000001-w051_2026030600/ink-detection/downsampled/PHerc0139-20260306000001-1.129um-0.22m-59keV-volume-20260413113053-L1-20260709123958-mrg20736-1um-s1z2-tile256-stride128-ds8.jpg,0.53,1.129,1um_s1z2,2.258,1,116,ok
PHerc0139,20260306000001-w051_2026030600,PHerc0139/segments/20260306000001-w051_2026030600/ink-detection/downsampled/PHerc0139-20260306000001-2.399um-0.22m-78keV-volume-20260102150214-20260417190342-new_canon_autoresearch_recipe-tile256-stride128-ds8.jpg,0.98,2.399,canon,2.399,0,109,ok
PHerc0139,20260310000000-w037_2026031015,PHerc0139/segments/20260310000000-w037_2026031015/ink-detection/downsampled/PHerc0139-20260310000000-1.129um-0.22m-59keV-volume-20260413113053-L1-20260709123958-mrg20736-1um-s1z2-tile256-stride128-ds8.jpg,0.49,1.129,1um_s1z2,2.258,1,116,ok
PHerc0139,20260310000000-w037_2026031015,PHerc0139/segments/20260310000000-w037_2026031015/ink-detection/downsampled/PHerc0139-20260310000000-2.399um-0.22m-78keV-volume-20260102150214-20260417190342-new_canon_autoresearch_recipe-tile256-stride128-ds8.jpg,0.75,2.399,canon,2.399,0,109,ok
PHerc0139,20260311000000-w023_202603112281,PHerc0139/segments/20260311000000-w023_202603112281/ink-detection/downsampled/PHerc0139-20260311000000-1.129um-0.22m-59keV-volume-20260413113053-L1-20260709123958-mrg20736-1um-s1z2-tile256-stride128-ds8.jpg,0.63,1.129,1um_s1z2,2.258,1,116,ok
PHerc0139,20260311000000-w023_202603112281,PHerc0139/segments/20260311000000-w023_202603112281/ink-detection/downsampled/PHerc0139-20260311000000-2.399um-0.22m-78keV-volume-20260102150214-20260417190342-new_canon_autoresearch_recipe-tile256-stride128-ds8.jpg,1.09,2.399,canon,2.399,0,109,ok
PHerc0139,20260316000000-w036_2026031607,PHerc0139/segments/20260316000000-w036_2026031607/ink-detection/downsampled/PHerc0139-20260316000000-1.129um-0.22m-59keV-volume-20260413113053-L1-20260709123958-mrg20736-1um-s1z2-tile256-stride128-ds8.jpg,0.46,1.129,1um_s1z2,2.258,1,116,ok
PHerc0139,20260316000000-w036_2026031607,PHerc0139/segments/20260316000000-w036_2026031607/ink-detection/downsampled/PHerc0139-20260316000000-2.399um-0.22m-78keV-volume-20260102150214-20260417190342-new_canon_autoresearch_recipe-tile256-stride128-ds8.jpg,0.71,2.399,canon,2.399,0,109,ok
PHerc0139,20260317000000-w035_2026031718,PHerc0139/segments/20260317000000-w035_2026031718/ink-detection/downsampled/PHerc0139-20260317000000-1.129um-0.22m-59keV-volume-20260413113053-L1-20260709123958-mrg20736-1um-s1z2-tile256-stride128-ds8.jpg,0.32,1.129,1um_s1z2,2.258,1,116,ok
PHerc0139,20260317000000-w035_2026031718,PHerc0139/segments/20260317000000-w035_2026031718/ink-detection/downsampled/PHerc0139-20260317000000-2.399um-0.22m-78keV-volume-20260102150214-20260417190342-new_canon_autoresearch_recipe-tile256-stride128-ds8.jpg,0.52,2.399,canon,2.399,0,109,ok
PHerc0139,20260318000000-w049_20260318,PHerc0139/segments/20260318000000-w049_20260318/ink-detection/downsampled/PHerc0139-20260318000000-1.129um-0.22m-59keV-volume-20260413113053-L1-20260709123958-mrg20736-1um-s1z2-tile256-stride128-ds8.jpg,0.48,1.129,1um_s1z2,2.258,1,116,ok
PHerc0139,20260318000000-w049_20260318,PHerc0139/segments/20260318000000-w049_20260318/ink-detection/downsampled/PHerc0139-20260318000000-2.399um-0.22m-78keV-volume-20260102150214-20260417190342-new_canon_autoresearch_recipe-tile256-stride128-ds8.jpg,0.72,2.399,canon,2.399,0,109,ok
PHerc0139,20260325000000-w046_20260325,PHerc0139/segments/20260325000000-w046_20260325/ink-detection/downsampled/PHerc0139-20260325000000-1.129um-0.22m-59keV-volume-20260413113053-L1-20260709123958-mrg20736-1um-s1z2-tile256-stride128-ds8.jpg,0.49,1.129,1um_s1z2,2.258,1,116,ok
PHerc0139,20260325000000-w046_20260325,PHerc0139/segments/20260325000000-w046_20260325/ink-detection/downsampled/PHerc0139-20260325000000-2.399um-0.22m-78keV-volume-20260102150214-20260417190342-new_canon_autoresearch_recipe-tile256-stride128-ds8.jpg,0.87,2.399,canon,2.399,0,109,ok
PHerc0139,20260422000000-title_2026042222_zmid_flatboi,PHerc0139/segments/20260422000000-title_2026042222_zmid_flatboi/ink-detection/downsampled/PHerc0139-20260422000000-2.399um-0.22m-78keV-volume-20260102150214-20260417190342-new_canon_autoresearch_recipe-tile256-stride128-ds8.jpg,0.17,2.399,canon,2.399,0,109,ok
PHerc0172,20250917143559-w062_20250917143559205_flatboi,PHerc0172/segments/20250917143559-w062_20250917143559205_flatboi/ink-detection/downsampled/PHerc0172-20250917143559-7.91um-53keV-volume-20241024131838-20250713185324-timesformer_scroll5_july_retreat-tile64-stride16-ds8.jpg,0.53,7.91,other,7.91,0,33,ok
PHerc0172,20250917143559-w062_20250917143559205_flatboi,PHerc0172/segments/20250917143559-w062_20250917143559205_flatboi/ink-detection/downsampled/PHerc0172-20250917143559-7.91um-53keV-volume-20241024131838-20251222202946-timesformer_scroll5_november19-tile64-stride16-ds8.jpg,0.57,7.91,other,7.91,0,33,ok
PHerc0172,20250926112011-w078_20250926112011918_flatboi,PHerc0172/segments/20250926112011-w078_20250926112011918_flatboi/ink-detection/downsampled/PHerc0172-20250926112011-7.91um-53keV-volume-20241024131838-20250713185324-timesformer_scroll5_july_retreat-tile64-stride16-ds8.jpg,0.47,7.91,other,7.91,0,33,ok
PHerc0172,20250926112011-w078_20250926112011918_flatboi,PHerc0172/segments/20250926112011-w078_20250926112011918_flatboi/ink-detection/downsampled/PHerc0172-20250926112011-7.91um-53keV-volume-20241024131838-20251222202946-timesformer_scroll5_november19-tile64-stride16-ds8.jpg,0.51,7.91,other,7.91,0,33,ok
PHerc0172,20250926113336-w079_20250926113336891_flatboi,PHerc0172/segments/20250926113336-w079_20250926113336891_flatboi/ink-detection/downsampled/PHerc0172-20250926113336-7.91um-53keV-volume-20241024131838-20250713185324-timesformer_scroll5_july_retreat-tile64-stride16-ds8.jpg,0.49,7.91,other,7.91,0,33,ok
PHerc0172,20250926113336-w079_20250926113336891_flatboi,PHerc0172/segments/20250926113336-w079_20250926113336891_flatboi/ink-detection/downsampled/PHerc0172-20250926113336-7.91um-53keV-volume-20241024131838-20251222202946-timesformer_scroll5_november19-tile64-stride16-ds8.jpg,0.51,7.91,other,7.91,0,33,ok
PHerc0172,20250926114310-w080_20250926114310705_flatboi,PHerc0172/segments/20250926114310-w080_20250926114310705_flatboi/ink-detection/downsampled/PHerc0172-20250926114310-7.91um-53keV-volume-20241024131838-20250713185324-timesformer_scroll5_july_retreat-tile64-stride16-ds8.jpg,0.37,7.91,other,7.91,0,33,ok
PHerc0172,20250926114310-w080_20250926114310705_flatboi,PHerc0172/segments/20250926114310-w080_20250926114310705_flatboi/ink-detection/downsampled/PHerc0172-20250926114310-7.91um-53keV-volume-20241024131838-20251222202946-timesformer_scroll5_november19-tile64-stride16-ds8.jpg,0.4,7.91,other,7.91,0,33,ok
PHerc0172,20250926122938-w082_20250926122938619_flatboi,PHerc0172/segments/20250926122938-w082_20250926122938619_flatboi/ink-detection/downsampled/PHerc0172-20250926122938-7.91um-53keV-volume-20241024131838-20250713185324-timesformer_scroll5_july_retreat-tile64-stride16-ds8.jpg,0.4,7.91,other,7.91,0,33,ok
PHerc0172,20250926122938-w082_20250926122938619_flatboi,PHerc0172/segments/20250926122938-w082_20250926122938619_flatboi/ink-detection/downsampled/PHerc0172-20250926122938-7.91um-53keV-volume-20241024131838-20251222202946-timesformer_scroll5_november19-tile64-stride16-ds8.jpg,0.44,7.91,other,7.91,0,33,ok
PHerc0172,20250926132117-w083_20250926132117595_flatboi,PHerc0172/segments/20250926132117-w083_20250926132117595_flatboi/ink-detection/downsampled/PHerc0172-20250926132117-7.91um-53keV-volume-20241024131838-20250713185324-timesformer_scroll5_july_retreat-tile64-stride16-ds8.jpg,0.42,7.91,other,7.91,0,33,ok
PHerc0172,20250926132117-w083_20250926132117595_flatboi,PHerc0172/segments/20250926132117-w083_20250926132117595_flatboi/ink-detection/downsampled/PHerc0172-20250926132117-7.91um-53keV-volume-20241024131838-20251222202946-timesformer_scroll5_november19-tile64-stride16-ds8.jpg,0.46,7.91,other,7.91,0,33,ok
PHerc0172,20250926145427-w084_20250926145427439_flatboi,PHerc0172/segments/20250926145427-w084_20250926145427439_flatboi/ink-detection/downsampled/PHerc0172-20250926145427-7.91um-53keV-volume-20241024131838-20250713185324-timesformer_scroll5_july_retreat-tile64-stride16-ds8.jpg,0.28,7.91,other,7.91,0,33,ok
PHerc0172,20250926145427-w084_20250926145427439_flatboi,PHerc0172/segments/20250926145427-w084_20250926145427439_flatboi/ink-detection/downsampled/PHerc0172-20250926145427-7.91um-53keV-volume-20241024131838-20251222202946-timesformer_scroll5_november19-tile64-stride16-ds8.jpg,0.31,7.91,other,7.91,0,33,ok
PHerc0172,20250926150345-w086_20250926150345176_flatboi,PHerc0172/segments/20250926150345-w086_20250926150345176_flatboi/ink-detection/downsampled/PHerc0172-20250926150345-7.91um-53keV-volume-20241024131838-20250713185324-timesformer_scroll5_july_retreat-tile64-stride16-ds8.jpg,0.36,7.91,other,7.91,0,33,ok
PHerc0172,20250926150345-w086_20250926150345176_flatboi,PHerc0172/segments/20250926150345-w086_20250926150345176_flatboi/ink-detection/downsampled/PHerc0172-20250926150345-7.91um-53keV-volume-20241024131838-20251222202946-timesformer_scroll5_november19-tile64-stride16-ds8.jpg,0.4,7.91,other,7.91,0,33,ok
PHerc0172,20250926153406-w088_20250926153406704_flatboi,PHerc0172/segments/20250926153406-w088_20250926153406704_flatboi/ink-detection/downsampled/PHerc0172-20250926153406-7.91um-53keV-volume-20241024131838-20250713185324-timesformer_scroll5_july_retreat-tile64-stride16-ds8.jpg,0.41,7.91,other,7.91,0,33,ok
PHerc0172,20250926153406-w088_20250926153406704_flatboi,PHerc0172/segments/20250926153406-w088_20250926153406704_flatboi/ink-detection/downsampled/PHerc0172-20250926153406-7.91um-53keV-volume-20241024131838-20251222202946-timesformer_scroll5_november19-tile64-stride16-ds8.jpg,0.44,7.91,other,7.91,0,33,ok
PHerc0172,20251106133152-w077_20251106133152767_flatboi,PHerc0172/segments/20251106133152-w077_20251106133152767_flatboi/ink-detection/downsampled/PHerc0172-20251106133152-7.91um-53keV-volume-20241024131838-20250713185324-timesformer_scroll5_july_retreat-tile64-stride16-ds8.jpg,0.45,7.91,other,7.91,0,33,ok
PHerc0172,20251106133152-w077_20251106133152767_flatboi,PHerc0172/segments/20251106133152-w077_20251106133152767_flatboi/ink-detection/downsampled/PHerc0172-20251106133152-7.91um-53keV-volume-20241024131838-20251222202946-timesformer_scroll5_november19-tile64-stride16-ds8.jpg,0.49,7.91,other,7.91,0,33,ok
PHerc0172,20251106170358-w076_20251106170358232_flatboi,PHerc0172/segments/20251106170358-w076_20251106170358232_flatboi/ink-detection/downsampled/PHerc0172-20251106170358-7.91um-53keV-volume-20241024131838-20250713185324-timesformer_scroll5_july_retreat-tile64-stride16-ds8.jpg,0.48,7.91,other,7.91,0,33,ok
PHerc0172,20251106170358-w076_20251106170358232_flatboi,PHerc0172/segments/20251106170358-w076_20251106170358232_flatboi/ink-detection/downsampled/PHerc0172-20251106170358-7.91um-53keV-volume-20241024131838-20251222202946-timesformer_scroll5_november19-tile64-stride16-ds8.jpg,0.5,7.91,other,7.91,0,33,ok
PHerc0172,20251107063327-w063_20251107063327215_flatboi,PHerc0172/segments/20251107063327-w063_20251107063327215_flatboi/ink-detection/downsampled/PHerc0172-20251107063327-7.91um-53keV-volume-20241024131838-20250713185324-timesformer_scroll5_july_retreat-tile64-stride16-ds8.jpg,0.52,7.91,other,7.91,0,33,ok
PHerc0172,20251107063327-w063_20251107063327215_flatboi,PHerc0172/segments/20251107063327-w063_20251107063327215_flatboi/ink-detection/downsampled/PHerc0172-20251107063327-7.91um-53keV-volume-20241024131838-20251222202946-timesformer_scroll5_november19-tile64-stride16-ds8.jpg,0.57,7.91,other,7.91,0,33,ok
PHerc0172,20251107110950-w064_20251107110950052_flatboi,PHerc0172/segments/20251107110950-w064_20251107110950052_flatboi/ink-detection/downsampled/PHerc0172-20251107110950-7.91um-53keV-volume-20241024131838-20250713185324-timesformer_scroll5_july_retreat-tile64-stride16-ds8.jpg,0.6,7.91,other,7.91,0,33,ok
PHerc0172,20251107110950-w064_20251107110950052_flatboi,PHerc0172/segments/20251107110950-w064_20251107110950052_flatboi/ink-detection/downsampled/PHerc0172-20251107110950-7.91um-53keV-volume-20241024131838-20251222202946-timesformer_scroll5_november19-tile64-stride16-ds8.jpg,0.64,7.91,other,7.91,0,33,ok
PHerc0172,20251107110950-w064_20251107110950052_flatboi,PHerc0172/segments/20251107110950-w064_20251107110950052_flatboi/ink-detection/downsampled/PHerc0172-20251107110950-7.91um-53keV-volume-20241024131839-20250713185324-timesformer_scroll5_july_retreat-tile64-stride16-ds8.jpg,0.46,7.91,other,,,,no-matching-zarr
PHerc0172,20251107110950-w064_20251107110950052_flatboi,PHerc0172/segments/20251107110950-w064_20251107110950052_flatboi/ink-detection/downsampled/PHerc0172-20251107110950-7.91um-53keV-volume-20241024131839-20251222202946-timesformer_scroll5_november19-tile64-stride16-ds8.jpg,0.65,7.91,other,,,,no-matching-zarr
PHerc0172,20251107175958-w061_20251107175958270_flatboi,PHerc0172/segments/20251107175958-w061_20251107175958270_flatboi/ink-detection/downsampled/PHerc0172-20251107175958-7.91um-53keV-volume-20241024131838-20250713185324-timesformer_scroll5_july_retreat-tile64-stride16-ds8.jpg,0.45,7.91,other,7.91,0,33,ok
PHerc0172,20251107175958-w061_20251107175958270_flatboi,PHerc0172/segments/20251107175958-w061_20251107175958270_flatboi/ink-detection/downsampled/PHerc0172-20251107175958-7.91um-53keV-volume-20241024131838-20251222202946-timesformer_scroll5_november19-tile64-stride16-ds8.jpg,0.48,7.91,other,7.91,0,33,ok
PHerc0172,20251109232817-w065_20251109232817724_flatboi,PHerc0172/segments/20251109232817-w065_20251109232817724_flatboi/ink-detection/downsampled/PHerc0172-20251109232817-7.91um-53keV-volume-20241024131838-20250713185324-timesformer_scroll5_july_retreat-tile64-stride16-ds8.jpg,0.62,7.91,other,7.91,0,33,ok
PHerc0172,20251109232817-w065_20251109232817724_flatboi,PHerc0172/segments/20251109232817-w065_20251109232817724_flatboi/ink-detection/downsampled/PHerc0172-20251109232817-7.91um-53keV-volume-20241024131838-20251222202946-timesformer_scroll5_november19-tile64-stride16-ds8.jpg,0.66,7.91,other,7.91,0,33,ok
PHerc0172,20251110110112-w066_20251110110112608_flatboi,PHerc0172/segments/20251110110112-w066_20251110110112608_flatboi/ink-detection/downsampled/PHerc0172-20251110110112-7.91um-53keV-volume-20241024131838-20250713185324-timesformer_scroll5_july_retreat-tile64-stride16-ds8.jpg,0.63,7.91,other,7.91,0,33,ok
PHerc0172,20251110110112-w066_20251110110112608_flatboi,PHerc0172/segments/20251110110112-w066_20251110110112608_flatboi/ink-detection/downsampled/PHerc0172-20251110110112-7.91um-53keV-volume-20241024131838-20251222202946-timesformer_scroll5_november19-tile64-stride16-ds8.jpg,0.66,7.91,other,7.91,0,33,ok
PHerc0172,20251110135146-w085_20251110135146457_flatboi,PHerc0172/segments/20251110135146-w085_20251110135146457_flatboi/ink-detection/downsampled/PHerc0172-20251110135146-7.91um-53keV-volume-20241024131838-20250713185324-timesformer_scroll5_july_retreat-tile64-stride16-ds8.jpg,0.35,7.91,other,7.91,0,33,ok
PHerc0172,20251110135146-w085_20251110135146457_flatboi,PHerc0172/segments/20251110135146-w085_20251110135146457_flatboi/ink-detection/downsampled/PHerc0172-20251110135146-7.91um-53keV-volume-20241024131838-20251222202946-timesformer_scroll5_november19-tile64-stride16-ds8.jpg,0.39,7.91,other,7.91,0,33,ok
PHerc0172,20251110135803-w067_20251110135803677_flatboi,PHerc0172/segments/20251110135803-w067_20251110135803677_flatboi/ink-detection/downsampled/PHerc0172-20251110135803-7.91um-53keV-volume-20241024131838-20250713185324-timesformer_scroll5_july_retreat-tile64-stride16-ds8.jpg,0.61,7.91,other,7.91,0,33,ok
PHerc0172,20251110135803-w067_20251110135803677_flatboi,PHerc0172/segments/20251110135803-w067_20251110135803677_flatboi/ink-detection/downsampled/PHerc0172-20251110135803-7.91um-53keV-volume-20241024131838-20251222202946-timesformer_scroll5_november19-tile64-stride16-ds8.jpg,0.64,7.91,other,7.91,0,33,ok
PHerc0172,20251111010954-w068_20251111010954408_flatboi,PHerc0172/segments/20251111010954-w068_20251111010954408_flatboi/ink-detection/downsampled/PHerc0172-20251111010954-7.91um-53keV-volume-20241024131838-20250713185324-timesformer_scroll5_july_retreat-tile64-stride16-ds8.jpg,0.63,7.91,other,7.91,0,33,ok
PHerc0172,20251111010954-w068_20251111010954408_flatboi,PHerc0172/segments/20251111010954-w068_20251111010954408_flatboi/ink-detection/downsampled/PHerc0172-20251111010954-7.91um-53keV-volume-20241024131838-20251222202946-timesformer_scroll5_november19-tile64-stride16-ds8.jpg,0.65,7.91,other,7.91,0,33,ok
PHerc0172,20251111151836-w069_20251111151836406_flatboi,PHerc0172/segments/20251111151836-w069_20251111151836406_flatboi/ink-detection/downsampled/PHerc0172-20251111151836-7.91um-53keV-volume-20241024131838-20250713185324-timesformer_scroll5_july_retreat-tile64-stride16-ds8.jpg,0.77,7.91,other,7.91,0,33,ok
PHerc0172,20251111151836-w069_20251111151836406_flatboi,PHerc0172/segments/20251111151836-w069_20251111151836406_flatboi/ink-detection/downsampled/PHerc0172-20251111151836-7.91um-53keV-volume-20241024131838-20251222202946-timesformer_scroll5_november19-tile64-stride16-ds8.jpg,0.81,7.91,other,7.91,0,33,ok
PHerc0172,20251111210734-w070_20251111210734722_flatboi,PHerc0172/segments/20251111210734-w070_20251111210734722_flatboi/ink-detection/downsampled/PHerc0172-20251111210734-7.91um-53keV-volume-20241024131838-20250713185324-timesformer_scroll5_july_retreat-tile64-stride16-ds8.jpg,0.59,7.91,other,7.91,0,33,ok
PHerc0172,20251111210734-w070_20251111210734722_flatboi,PHerc0172/segments/20251111210734-w070_20251111210734722_flatboi/ink-detection/downsampled/PHerc0172-20251111210734-7.91um-53keV-volume-20241024131838-20251222202946-timesformer_scroll5_november19-tile64-stride16-ds8.jpg,0.64,7.91,other,7.91,0,33,ok
PHerc0172,20251112000002-w087_20251112000002214_flatboi,PHerc0172/segments/20251112000002-w087_20251112000002214_flatboi/ink-detection/downsampled/PHerc0172-20251112000002-7.91um-53keV-volume-20241024131838-20250713185324-timesformer_scroll5_july_retreat-tile64-stride16-ds8.jpg,0.35,7.91,other,7.91,0,33,ok
PHerc0172,20251112000002-w087_20251112000002214_flatboi,PHerc0172/segments/20251112000002-w087_20251112000002214_flatboi/ink-detection/downsampled/PHerc0172-20251112000002-7.91um-53keV-volume-20241024131838-20251222202946-timesformer_scroll5_november19-tile64-stride16-ds8.jpg,0.39,7.91,other,7.91,0,33,ok
PHerc0172,20251112163527-w071_20251112163527854_flatboi,PHerc0172/segments/20251112163527-w071_20251112163527854_flatboi/ink-detection/downsampled/PHerc0172-20251112163527-7.91um-53keV-volume-20241024131838-20250713185324-timesformer_scroll5_july_retreat-tile64-stride16-ds8.jpg,0.58,7.91,other,7.91,0,33,ok
PHerc0172,20251112163527-w071_20251112163527854_flatboi,PHerc0172/segments/20251112163527-w071_20251112163527854_flatboi/ink-detection/downsampled/PHerc0172-20251112163527-7.91um-53keV-volume-20241024131838-20251222202946-timesformer_scroll5_november19-tile64-stride16-ds8.jpg,0.63,7.91,other,7.91,0,33,ok
PHerc0172,20251113021010-w072_20251113021010674_flatboi,PHerc0172/segments/20251113021010-w072_20251113021010674_flatboi/ink-detection/downsampled/PHerc0172-20251113021010-7.91um-53keV-volume-20241024131838-20250713185324-timesformer_scroll5_july_retreat-tile64-stride16-ds8.jpg,0.61,7.91,other,7.91,0,33,ok
PHerc0172,20251113021010-w072_20251113021010674_flatboi,PHerc0172/segments/20251113021010-w072_20251113021010674_flatboi/ink-detection/downsampled/PHerc0172-20251113021010-7.91um-53keV-volume-20241024131838-20251222202946-timesformer_scroll5_november19-tile64-stride16-ds8.jpg,0.64,7.91,other,7.91,0,33,ok
PHerc0172,20251113130119-w073_20251113130119516_flatboi,PHerc0172/segments/20251113130119-w073_20251113130119516_flatboi/ink-detection/downsampled/PHerc0172-20251113130119-7.91um-53keV-volume-20241024131838-20250713185324-timesformer_scroll5_july_retreat-tile64-stride16-ds8.jpg,0.59,7.91,other,7.91,0,33,ok
PHerc0172,20251113130119-w073_20251113130119516_flatboi,PHerc0172/segments/20251113130119-w073_20251113130119516_flatboi/ink-detection/downsampled/PHerc0172-20251113130119-7.91um-53keV-volume-20241024131838-20251222202946-timesformer_scroll5_november19-tile64-stride16-ds8.jpg,0.61,7.91,other,7.91,0,33,ok
PHerc0172,20251113152136-w074_20251113152136889_flatboi,PHerc0172/segments/20251113152136-w074_20251113152136889_flatboi/ink-detection/downsampled/PHerc0172-20251113152136-7.91um-53keV-volume-20241024131838-20250713185324-timesformer_scroll5_july_retreat-tile64-stride16-ds8.jpg,0.59,7.91,other,7.91,0,33,ok
PHerc0172,20251113152136-w074_20251113152136889_flatboi,PHerc0172/segments/20251113152136-w074_20251113152136889_flatboi/ink-detection/downsampled/PHerc0172-20251113152136-7.91um-53keV-volume-20241024131838-20251222202946-timesformer_scroll5_november19-tile64-stride16-ds8.jpg,0.6,7.91,other,7.91,0,33,ok
PHerc0172,20251113204233-w075_20251113204233755_flatboi,PHerc0172/segments/20251113204233-w075_20251113204233755_flatboi/ink-detection/downsampled/PHerc0172-20251113204233-7.91um-53keV-volume-20241024131838-20250713185324-timesformer_scroll5_july_retreat-tile64-stride16-ds8.jpg,0.59,7.91,other,7.91,0,33,ok
PHerc0172,20251113204233-w075_20251113204233755_flatboi,PHerc0172/segments/20251113204233-w075_20251113204233755_flatboi/ink-detection/downsampled/PHerc0172-20251113204233-7.91um-53keV-volume-20241024131838-20251222202946-timesformer_scroll5_november19-tile64-stride16-ds8.jpg,0.61,7.91,other,7.91,0,33,ok
PHerc0172,20251114202035-w081_20251114202035261_flatboi,PHerc0172/segments/20251114202035-w081_20251114202035261_flatboi/ink-detection/downsampled/PHerc0172-20251114202035-7.91um-53keV-volume-20241024131838-20250713185324-timesformer_scroll5_july_retreat-tile64-stride16-ds8.jpg,0.35,7.91,other,7.91,0,33,ok
PHerc0172,20251114202035-w081_20251114202035261_flatboi,PHerc0172/segments/20251114202035-w081_20251114202035261_flatboi/ink-detection/downsampled/PHerc0172-20251114202035-7.91um-53keV-volume-20241024131838-20251222202946-timesformer_scroll5_november19-tile64-stride16-ds8.jpg,0.39,7.91,other,7.91,0,33,ok
PHerc0172,20251115002740-auto_grown_20251115002740308_0_flatboi,PHerc0172/segments/20251115002740-auto_grown_20251115002740308_0_flatboi/ink-detection/downsampled/PHerc0172-20251115002740-7.91um-53keV-volume-20241024131838-20250713185324-timesformer_scroll5_july_retreat-tile64-stride16-ds8.jpg,1.7,7.91,other,7.91,0,33,ok
PHerc0172,20251115002740-auto_grown_20251115002740308_0_flatboi,PHerc0172/segments/20251115002740-auto_grown_20251115002740308_0_flatboi/ink-detection/downsampled/PHerc0172-20251115002740-7.91um-53keV-volume-20241024131838-20251222202946-timesformer_scroll5_november19-tile64-stride16-ds8.jpg,1.72,7.91,other,7.91,0,33,ok
PHerc0172,20251115002741-auto_grown_20251115002740308_1_flatboi,PHerc0172/segments/20251115002741-auto_grown_20251115002740308_1_flatboi/ink-detection/downsampled/PHerc0172-20251115002741-7.91um-53keV-volume-20241024131838-20250713185324-timesformer_scroll5_july_retreat-tile64-stride16-ds8.jpg,2.25,7.91,other,7.91,0,33,ok
PHerc0172,20251115002741-auto_grown_20251115002740308_1_flatboi,PHerc0172/segments/20251115002741-auto_grown_20251115002740308_1_flatboi/ink-detection/downsampled/PHerc0172-20251115002741-7.91um-53keV-volume-20241024131838-20251222202946-timesformer_scroll5_november19-tile64-stride16-ds8.jpg,2.26,7.91,other,7.91,0,33,ok
PHerc0172,20251115002742-auto_grown_20251115002740308_2_flatboi,PHerc0172/segments/20251115002742-auto_grown_20251115002740308_2_flatboi/ink-detection/downsampled/PHerc0172-20251115002742-7.91um-53keV-volume-20241024131838-20250713185324-timesformer_scroll5_july_retreat-tile64-stride16-ds8.jpg,2.07,7.91,other,7.91,0,33,ok
PHerc0172,20251115002742-auto_grown_20251115002740308_2_flatboi,PHerc0172/segments/20251115002742-auto_grown_20251115002740308_2_flatboi/ink-detection/downsampled/PHerc0172-20251115002742-7.91um-53keV-volume-20241024131838-20251222202946-timesformer_scroll5_november19-tile64-stride16-ds8.jpg,2.25,7.91,other,7.91,0,33,ok
PHerc0172,20251115002743-auto_grown_20251115002740308_3_flatboi,PHerc0172/segments/20251115002743-auto_grown_20251115002740308_3_flatboi/ink-detection/downsampled/PHerc0172-20251115002743-7.91um-53keV-volume-20241024131838-20250713185324-timesformer_scroll5_july_retreat-tile64-stride16-ds8.jpg,2.17,7.91,other,7.91,0,33,ok
PHerc0172,20251115002743-auto_grown_20251115002740308_3_flatboi,PHerc0172/segments/20251115002743-auto_grown_20251115002740308_3_flatboi/ink-detection/downsampled/PHerc0172-20251115002743-7.91um-53keV-volume-20241024131838-20251222202946-timesformer_scroll5_november19-tile64-stride16-ds8.jpg,2.37,7.91,other,7.91,0,33,ok
PHerc0172,20251115002744-auto_grown_20251115002740308_4_flatboi,PHerc0172/segments/20251115002744-auto_grown_20251115002740308_4_flatboi/ink-detection/downsampled/PHerc0172-20251115002744-7.91um-53keV-volume-20241024131838-20250713185324-timesformer_scroll5_july_retreat-tile64-stride16-ds8.jpg,2.31,7.91,other,7.91,0,33,ok
PHerc0172,20251115002744-auto_grown_20251115002740308_4_flatboi,PHerc0172/segments/20251115002744-auto_grown_20251115002740308_4_flatboi/ink-detection/downsampled/PHerc0172-20251115002744-7.91um-53keV-volume-20241024131838-20251222202946-timesformer_scroll5_november19-tile64-stride16-ds8.jpg,2.29,7.91,other,7.91,0,33,ok
PHerc0172,20251115002745-auto_grown_20251115002740308_5_flatboi,PHerc0172/segments/20251115002745-auto_grown_20251115002740308_5_flatboi/ink-detection/downsampled/PHerc0172-20251115002745-7.91um-53keV-volume-20241024131838-20250713185324-timesformer_scroll5_july_retreat-tile64-stride16-ds8.jpg,2.29,7.91,other,7.91,0,33,ok
PHerc0172,20251115002745-auto_grown_20251115002740308_5_flatboi,PHerc0172/segments/20251115002745-auto_grown_20251115002740308_5_flatboi/ink-detection/downsampled/PHerc0172-20251115002745-7.91um-53keV-volume-20241024131838-20251222202946-timesformer_scroll5_november19-tile64-stride16-ds8.jpg,2.4,7.91,other,7.91,0,33,ok
PHerc0172,20251115002746-auto_grown_20251115002740308_6_flatboi,PHerc0172/segments/20251115002746-auto_grown_20251115002740308_6_flatboi/ink-detection/downsampled/PHerc0172-20251115002746-7.91um-53keV-volume-20241024131838-20250713185324-timesformer_scroll5_july_retreat-tile64-stride16-ds8.jpg,1.7,7.91,other,7.91,0,33,ok
PHerc0172,20251115002746-auto_grown_20251115002740308_6_flatboi,PHerc0172/segments/20251115002746-auto_grown_20251115002740308_6_flatboi/ink-detection/downsampled/PHerc0172-20251115002746-7.91um-53keV-volume-20241024131838-20251222202946-timesformer_scroll5_november19-tile64-stride16-ds8.jpg,1.76,7.91,other,7.91,0,33,ok
PHerc0172,20251115002747-auto_grown_20251115002740308_7_flatboi,PHerc0172/segments/20251115002747-auto_grown_20251115002740308_7_flatboi/ink-detection/downsampled/PHerc0172-20251115002747-7.91um-53keV-volume-20241024131838-20250713185324-timesformer_scroll5_july_retreat-tile64-stride16-ds8.jpg,1.96,7.91,other,7.91,0,33,ok
PHerc0172,20251115002747-auto_grown_20251115002740308_7_flatboi,PHerc0172/segments/20251115002747-auto_grown_20251115002740308_7_flatboi/ink-detection/downsampled/PHerc0172-20251115002747-7.91um-53keV-volume-20241024131838-20251222202946-timesformer_scroll5_november19-tile64-stride16-ds8.jpg,2.0,7.91,other,7.91,0,33,ok
PHerc0172,20251115002748-auto_grown_20251115002740308_8_flatboi,PHerc0172/segments/20251115002748-auto_grown_20251115002740308_8_flatboi/ink-detection/downsampled/PHerc0172-20251115002748-7.91um-53keV-volume-20241024131838-20250713185324-timesformer_scroll5_july_retreat-tile64-stride16-ds8.jpg,1.36,7.91,other,7.91,0,33,ok
PHerc0172,20251115002748-auto_grown_20251115002740308_8_flatboi,PHerc0172/segments/20251115002748-auto_grown_20251115002740308_8_flatboi/ink-detection/downsampled/PHerc0172-20251115002748-7.91um-53keV-volume-20241024131838-20251222202946-timesformer_scroll5_november19-tile64-stride16-ds8.jpg,1.45,7.91,other,7.91,0,33,ok
PHerc0172,20251203230500-w089_20251203230500465_flatboi,PHerc0172/segments/20251203230500-w089_20251203230500465_flatboi/ink-detection/downsampled/PHerc0172-20251203230500-7.91um-53keV-volume-20241024131838-20250713185324-timesformer_scroll5_july_retreat-tile64-stride16-ds8.jpg,0.4,7.91,other,7.91,0,33,ok
PHerc0172,20251203230500-w089_20251203230500465_flatboi,PHerc0172/segments/20251203230500-w089_20251203230500465_flatboi/ink-detection/downsampled/PHerc0172-20251203230500-7.91um-53keV-volume-20241024131838-20251222202946-timesformer_scroll5_november19-tile64-stride16-ds8.jpg,0.43,7.91,other,7.91,0,33,ok
PHerc0172,20251204060522-w090_20251204060522416_flatboi,PHerc0172/segments/20251204060522-w090_20251204060522416_flatboi/ink-detection/downsampled/PHerc0172-20251204060522-7.91um-53keV-volume-20241024131838-20250713185324-timesformer_scroll5_july_retreat-tile64-stride16-ds8.jpg,0.4,7.91,other,7.91,0,33,ok
PHerc0172,20251204060522-w090_20251204060522416_flatboi,PHerc0172/segments/20251204060522-w090_20251204060522416_flatboi/ink-detection/downsampled/PHerc0172-20251204060522-7.91um-53keV-volume-20241024131838-20251222202946-timesformer_scroll5_november19-tile64-stride16-ds8.jpg,0.44,7.91,other,7.91,0,33,ok
PHerc0172,20251204071911-w091_20251204071911070_flatboi,PHerc0172/segments/20251204071911-w091_20251204071911070_flatboi/ink-detection/downsampled/PHerc0172-20251204071911-7.91um-53keV-volume-20241024131838-20250713185324-timesformer_scroll5_july_retreat-tile64-stride16-ds8.jpg,0.4,7.91,other,7.91,0,33,ok
PHerc0172,20251204071911-w091_20251204071911070_flatboi,PHerc0172/segments/20251204071911-w091_20251204071911070_flatboi/ink-detection/downsampled/PHerc0172-20251204071911-7.91um-53keV-volume-20241024131838-20251222202946-timesformer_scroll5_november19-tile64-stride16-ds8.jpg,0.43,7.91,other,7.91,0,33,ok
PHerc0172,20251204101314-w092_20251204101314959_flatboi,PHerc0172/segments/20251204101314-w092_20251204101314959_flatboi/ink-detection/downsampled/PHerc0172-20251204101314-7.91um-53keV-volume-20241024131838-20250713185324-timesformer_scroll5_july_retreat-tile64-stride16-ds8.jpg,0.38,7.91,other,7.91,0,33,ok
PHerc0172,20251204101314-w092_20251204101314959_flatboi,PHerc0172/segments/20251204101314-w092_20251204101314959_flatboi/ink-detection/downsampled/PHerc0172-20251204101314-7.91um-53keV-volume-20241024131838-20251222202946-timesformer_scroll5_november19-tile64-stride16-ds8.jpg,0.41,7.91,other,7.91,0,33,ok
PHerc0172,20251204192708-w093_20251204192708445_flatboi,PHerc0172/segments/20251204192708-w093_20251204192708445_flatboi/ink-detection/downsampled/PHerc0172-20251204192708-7.91um-53keV-volume-20241024131838-20250713185324-timesformer_scroll5_july_retreat-tile64-stride16-ds8.jpg,0.4,7.91,other,7.91,0,33,ok
PHerc0172,20251204192708-w093_20251204192708445_flatboi,PHerc0172/segments/20251204192708-w093_20251204192708445_flatboi/ink-detection/downsampled/PHerc0172-20251204192708-7.91um-53keV-volume-20241024131838-20251222202946-timesformer_scroll5_november19-tile64-stride16-ds8.jpg,0.42,7.91,other,7.91,0,33,ok
PHerc0172,20251205115859-w094_20251205115859448_flatboi,PHerc0172/segments/20251205115859-w094_20251205115859448_flatboi/ink-detection/downsampled/PHerc0172-20251205115859-7.91um-53keV-volume-20241024131838-20250713185324-timesformer_scroll5_july_retreat-tile64-stride16-ds8.jpg,0.26,7.91,other,7.91,0,33,ok
PHerc0172,20251205115859-w094_20251205115859448_flatboi,PHerc0172/segments/20251205115859-w094_20251205115859448_flatboi/ink-detection/downsampled/PHerc0172-20251205115859-7.91um-53keV-volume-20241024131838-20251222202946-timesformer_scroll5_november19-tile64-stride16-ds8.jpg,0.29,7.91,other,7.91,0,33,ok
PHerc0172,20251206184729-w095_20251206184729906_flatboi,PHerc0172/segments/20251206184729-w095_20251206184729906_flatboi/ink-detection/downsampled/PHerc0172-20251206184729-7.91um-53keV-volume-20241024131838-20250713185324-timesformer_scroll5_july_retreat-tile64-stride16-ds8.jpg,0.29,7.91,other,7.91,0,33,ok
PHerc0172,20251206184729-w095_20251206184729906_flatboi,PHerc0172/segments/20251206184729-w095_20251206184729906_flatboi/ink-detection/downsampled/PHerc0172-20251206184729-7.91um-53keV-volume-20241024131838-20251222202946-timesformer_scroll5_november19-tile64-stride16-ds8.jpg,0.33,7.91,other,7.91,0,33,ok
PHerc0172,20251207123912-w060_20251207123912611_flatboi,PHerc0172/segments/20251207123912-w060_20251207123912611_flatboi/ink-detection/downsampled/PHerc0172-20251207123912-7.91um-53keV-volume-20241024131838-20250713185324-timesformer_scroll5_july_retreat-tile64-stride16-ds8.jpg,0.4,7.91,other,7.91,0,33,ok
PHerc0172,20251207123912-w060_20251207123912611_flatboi,PHerc0172/segments/20251207123912-w060_20251207123912611_flatboi/ink-detection/downsampled/PHerc0172-20251207123912-7.91um-53keV-volume-20241024131838-20251222202946-timesformer_scroll5_november19-tile64-stride16-ds8.jpg,0.41,7.91,other,7.91,0,33,ok
PHerc0172,20251210142414-w059_20251210142414060_flatboi,PHerc0172/segments/20251210142414-w059_20251210142414060_flatboi/ink-detection/downsampled/PHerc0172-20251210142414-7.91um-53keV-volume-20241024131838-20250713185324-timesformer_scroll5_july_retreat-tile64-stride16-ds8.jpg,0.41,7.91,other,7.91,0,33,ok
PHerc0172,20251210142414-w059_20251210142414060_flatboi,PHerc0172/segments/20251210142414-w059_20251210142414060_flatboi/ink-detection/downsampled/PHerc0172-20251210142414-7.91um-53keV-volume-20241024131838-20251222202946-timesformer_scroll5_november19-tile64-stride16-ds8.jpg,0.43,7.91,other,7.91,0,33,ok
PHerc0172,20251210153304-w058_20251210153304503_flatboi,PHerc0172/segments/20251210153304-w058_20251210153304503_flatboi/ink-detection/downsampled/PHerc0172-20251210153304-7.91um-53keV-volume-20241024131838-20250713185324-timesformer_scroll5_july_retreat-tile64-stride16-ds8.jpg,0.47,7.91,other,7.91,0,33,ok
PHerc0172,20251210153304-w058_20251210153304503_flatboi,PHerc0172/segments/20251210153304-w058_20251210153304503_flatboi/ink-detection/downsampled/PHerc0172-20251210153304-7.91um-53keV-volume-20241024131838-20251222202946-timesformer_scroll5_november19-tile64-stride16-ds8.jpg,0.48,7.91,other,7.91,0,33,ok
PHerc0172,20251210160810-w057_20251210160810301_flatboi,PHerc0172/segments/20251210160810-w057_20251210160810301_flatboi/ink-detection/downsampled/PHerc0172-20251210160810-7.91um-53keV-volume-20241024131838-20250713185324-timesformer_scroll5_july_retreat-tile64-stride16-ds8.jpg,0.47,7.91,other,7.91,0,33,ok
PHerc0172,20251210160810-w057_20251210160810301_flatboi,PHerc0172/segments/20251210160810-w057_20251210160810301_flatboi/ink-detection/downsampled/PHerc0172-20251210160810-7.91um-53keV-volume-20241024131838-20251222202946-timesformer_scroll5_november19-tile64-stride16-ds8.jpg,0.49,7.91,other,7.91,0,33,ok
PHerc0172,20251211095724-w056_20251211095724922_flatboi,PHerc0172/segments/20251211095724-w056_20251211095724922_flatboi/ink-detection/downsampled/PHerc0172-20251211095724-7.91um-53keV-volume-20241024131838-20250713185324-timesformer_scroll5_july_retreat-tile64-stride16-ds8.jpg,0.42,7.91,other,7.91,0,33,ok
PHerc0172,20251211095724-w056_20251211095724922_flatboi,PHerc0172/segments/20251211095724-w056_20251211095724922_flatboi/ink-detection/downsampled/PHerc0172-20251211095724-7.91um-53keV-volume-20241024131838-20251222202946-timesformer_scroll5_november19-tile64-stride16-ds8.jpg,0.45,7.91,other,7.91,0,33,ok
PHerc0172,20251211111451-w055_20251211111451620_flatboi,PHerc0172/segments/20251211111451-w055_20251211111451620_flatboi/ink-detection/downsampled/PHerc0172-20251211111451-7.91um-53keV-volume-20241024131838-20250713185324-timesformer_scroll5_july_retreat-tile64-stride16-ds8.jpg,0.4,7.91,other,7.91,0,33,ok
PHerc0172,20251211111451-w055_20251211111451620_flatboi,PHerc0172/segments/20251211111451-w055_20251211111451620_flatboi/ink-detection/downsampled/PHerc0172-20251211111451-7.91um-53keV-volume-20241024131838-20251222202946-timesformer_scroll5_november19-tile64-stride16-ds8.jpg,0.42,7.91,other,7.91,0,33,ok
PHerc0172,20251211135303-w054_20251211135303394_flatboi,PHerc0172/segments/20251211135303-w054_20251211135303394_flatboi/ink-detection/downsampled/PHerc0172-20251211135303-7.91um-53keV-volume-20241024131838-20250713185324-timesformer_scroll5_july_retreat-tile64-stride16-ds8.jpg,0.41,7.91,other,7.91,0,33,ok
PHerc0172,20251211135303-w054_20251211135303394_flatboi,PHerc0172/segments/20251211135303-w054_20251211135303394_flatboi/ink-detection/downsampled/PHerc0172-20251211135303-7.91um-53keV-volume-20241024131838-20251222202946-timesformer_scroll5_november19-tile64-stride16-ds8.jpg,0.43,7.91,other,7.91,0,33,ok
PHerc0172,20251211152543-w053_20251211152543204_flatboi,PHerc0172/segments/20251211152543-w053_20251211152543204_flatboi/ink-detection/downsampled/PHerc0172-20251211152543-7.91um-53keV-volume-20241024131838-20250713185324-timesformer_scroll5_july_retreat-tile64-stride16-ds8.jpg,0.39,7.91,other,7.91,0,33,ok
PHerc0172,20251211152543-w053_20251211152543204_flatboi,PHerc0172/segments/20251211152543-w053_20251211152543204_flatboi/ink-detection/downsampled/PHerc0172-20251211152543-7.91um-53keV-volume-20241024131838-20251222202946-timesformer_scroll5_november19-tile64-stride16-ds8.jpg,0.4,7.91,other,7.91,0,33,ok
PHerc0172,20251212105627-w052_20251212105627148_flatboi,PHerc0172/segments/20251212105627-w052_20251212105627148_flatboi/ink-detection/downsampled/PHerc0172-20251212105627-7.91um-53keV-volume-20241024131838-20250713185324-timesformer_scroll5_july_retreat-tile64-stride16-ds8.jpg,0.37,7.91,other,7.91,0,33,ok
PHerc0172,20251212105627-w052_20251212105627148_flatboi,PHerc0172/segments/20251212105627-w052_20251212105627148_flatboi/ink-detection/downsampled/PHerc0172-20251212105627-7.91um-53keV-volume-20241024131838-20251222202946-timesformer_scroll5_november19-tile64-stride16-ds8.jpg,0.39,7.91,other,7.91,0,33,ok
PHerc0343P,20250511003658-tifxyz,PHerc0343P/segments/20250511003658-tifxyz/ink-detection/downsampled/PHerc0343P-20250511003658-2.215um-0.4m-111keV-volume-20260304131111-20260417190342-new_canon_autoresearch_recipe-tile256-stride128-ds8.jpg,0.1,2.215,canon,2.215,0,118,ok
PHerc0343P,20250902170435--5_b2,PHerc0343P/segments/20250902170435--5_b2/ink-detection/downsampled/PHerc0343P-20250902170435-2.215um-0.4m-111keV-volume-20260304131111-20260417190342-new_canon_autoresearch_recipe-tile256-stride128-ds8.jpg,0.11,2.215,canon,2.215,0,118,ok
PHerc0343P,20250902170441--4_b2,PHerc0343P/segments/20250902170441--4_b2/ink-detection/downsampled/PHerc0343P-20250902170441-2.215um-0.4m-111keV-volume-20260304131111-20260417190342-new_canon_autoresearch_recipe-tile256-stride128-ds8.jpg,0.11,2.215,canon,2.215,0,118,ok
PHerc0343P,20250902170447--3_b2,PHerc0343P/segments/20250902170447--3_b2/ink-detection/downsampled/PHerc0343P-20250902170447-2.215um-0.4m-111keV-volume-20260304131111-20260417190342-new_canon_autoresearch_recipe-tile256-stride128-ds8.jpg,0.1,2.215,canon,2.215,0,118,ok
PHerc0343P,20250902171202--2_b2,PHerc0343P/segments/20250902171202--2_b2/ink-detection/downsampled/PHerc0343P-20250902171202-2.215um-0.4m-111keV-volume-20260304131111-20260417190342-new_canon_autoresearch_recipe-tile256-stride128-ds8.jpg,0.11,2.215,canon,2.215,0,118,ok
PHerc0343P,20250902171204--1_b2,PHerc0343P/segments/20250902171204--1_b2/ink-detection/downsampled/PHerc0343P-20250902171204-2.215um-0.4m-111keV-volume-20260304131111-20260417190342-new_canon_autoresearch_recipe-tile256-stride128-ds8.jpg,0.08,2.215,canon,2.215,0,118,ok
PHerc0343P,20250904233748-0_b2,PHerc0343P/segments/20250904233748-0_b2/ink-detection/downsampled/PHerc0343P-20250904233748-2.215um-0.4m-111keV-volume-20260304131111-20260417190342-new_canon_autoresearch_recipe-tile256-stride128-ds8.jpg,0.13,2.215,canon,2.215,0,118,ok
PHerc0343P,20250905172054-1_b2,PHerc0343P/segments/20250905172054-1_b2/ink-detection/downsampled/PHerc0343P-20250905172054-2.215um-0.4m-111keV-volume-20260304131111-20260417190342-new_canon_autoresearch_recipe-tile256-stride128-ds8.jpg,0.09,2.215,canon,2.215,0,118,ok
PHerc0500P2,20250609204953-z_dbg_gen_00612,PHerc0500P2/segments/20250609204953-z_dbg_gen_00612/ink-detection/downsampled/PHerc0500P2-20250609204953-2.215um-0.4m-111keV-volume-20250526151718-20260417190342-new_canon_autoresearch_recipe-tile256-stride128-ds8.jpg,0.21,2.215,canon,2.215,0,118,ok
PHerc0500P2,20250611132918-z_dbg_gen_00302_inp_hr,PHerc0500P2/segments/20250611132918-z_dbg_gen_00302_inp_hr/ink-detection/downsampled/PHerc0500P2-20250611132918-2.215um-0.4m-111keV-volume-20250526151718-20260417190342-new_canon_autoresearch_recipe-tile256-stride128-ds8.jpg,0.32,2.215,canon,2.215,0,118,ok
PHerc0500P2,20250611133823-z_dbg_gen_00130_inp_hr,PHerc0500P2/segments/20250611133823-z_dbg_gen_00130_inp_hr/ink-detection/downsampled/PHerc0500P2-20250611133823-2.215um-0.4m-111keV-volume-20250526151718-20260417190342-new_canon_autoresearch_recipe-tile256-stride128-ds8.jpg,0.16,2.215,canon,2.215,0,118,ok
PHerc0500P2,20250611134135-z_dbg_gen_00331_inp_hr,PHerc0500P2/segments/20250611134135-z_dbg_gen_00331_inp_hr/ink-detection/downsampled/PHerc0500P2-20250611134135-2.215um-0.4m-111keV-volume-20250526151718-20260417190342-new_canon_autoresearch_recipe-tile256-stride128-ds8.jpg,0.27,2.215,canon,2.215,0,118,ok
PHerc0500P2,20250611153340-z_dbg_gen_00275,PHerc0500P2/segments/20250611153340-z_dbg_gen_00275/ink-detection/downsampled/PHerc0500P2-20250611153340-2.215um-0.4m-111keV-volume-20250526151718-20260417190342-new_canon_autoresearch_recipe-tile256-stride128-ds8.jpg,0.12,2.215,canon,2.215,0,118,ok
PHerc0500P2,20250611153346-z_dbg_gen_00286_inp_hr,PHerc0500P2/segments/20250611153346-z_dbg_gen_00286_inp_hr/ink-detection/downsampled/PHerc0500P2-20250611153346-2.215um-0.4m-111keV-volume-20250526151718-20260417190342-new_canon_autoresearch_recipe-tile256-stride128-ds8.jpg,0.19,2.215,canon,2.215,0,118,ok
PHerc0500P2,20250611153347-z_dbg_gen_00105_inp_hr,PHerc0500P2/segments/20250611153347-z_dbg_gen_00105_inp_hr/ink-detection/downsampled/PHerc0500P2-20250611153347-2.215um-0.4m-111keV-volume-20250526151718-20260417190342-new_canon_autoresearch_recipe-tile256-stride128-ds8.jpg,0.13,2.215,canon,2.215,0,118,ok
PHerc0500P2,20250611154256-z_dbg_gen_00354_inp_hr,PHerc0500P2/segments/20250611154256-z_dbg_gen_00354_inp_hr/ink-detection/downsampled/PHerc0500P2-20250611154256-2.215um-0.4m-111keV-volume-20250526151718-20260417190342-new_canon_autoresearch_recipe-tile256-stride128-ds8.jpg,0.32,2.215,canon,2.215,0,118,ok
PHerc0500P2,20250611161023-z_dbg_gen_00205_inp_hr,PHerc0500P2/segments/20250611161023-z_dbg_gen_00205_inp_hr/ink-detection/downsampled/PHerc0500P2-20250611161023-2.215um-0.4m-111keV-volume-20250526151718-20260417190342-new_canon_autoresearch_recipe-tile256-stride128-ds8.jpg,0.13,2.215,canon,2.215,0,118,ok
PHerc0500P2,20250611161415-z_dbg_gen_00411_inp_hr,PHerc0500P2/segments/20250611161415-z_dbg_gen_00411_inp_hr/ink-detection/downsampled/PHerc0500P2-20250611161415-2.215um-0.4m-111keV-volume-20250526151718-20260417190342-new_canon_autoresearch_recipe-tile256-stride128-ds8.jpg,0.27,2.215,canon,2.215,0,118,ok
PHerc0500P2,20250611170257-z_dbg_gen_00308_inp_hr,PHerc0500P2/segments/20250611170257-z_dbg_gen_00308_inp_hr/ink-detection/downsampled/PHerc0500P2-20250611170257-2.215um-0.4m-111keV-volume-20250526151718-20260417190342-new_canon_autoresearch_recipe-tile256-stride128-ds8.jpg,0.47,2.215,canon,2.215,0,118,ok
PHerc0500P2,20250611171318-z_dbg_gen_00440_inp_hr,PHerc0500P2/segments/20250611171318-z_dbg_gen_00440_inp_hr/ink-detection/downsampled/PHerc0500P2-20250611171318-2.215um-0.4m-111keV-volume-20250526151718-20260417190342-new_canon_autoresearch_recipe-tile256-stride128-ds8.jpg,0.13,2.215,canon,2.215,0,118,ok
PHerc0500P2,20250611171745-z_dbg_gen_00225_inp_hr,PHerc0500P2/segments/20250611171745-z_dbg_gen_00225_inp_hr/ink-detection/downsampled/PHerc0500P2-20250611171745-2.215um-0.4m-111keV-volume-20250526151718-20260417190342-new_canon_autoresearch_recipe-tile256-stride128-ds8.jpg,0.15,2.215,canon,2.215,0,118,ok
PHerc0500P2,20250611172135-z_dbg_gen_00346_inp_hr,PHerc0500P2/segments/20250611172135-z_dbg_gen_00346_inp_hr/ink-detection/downsampled/PHerc0500P2-20250611172135-2.215um-0.4m-111keV-volume-20250526151718-20260417190342-new_canon_autoresearch_recipe-tile256-stride128-ds8.jpg,0.24,2.215,canon,2.215,0,118,ok
PHerc0500P2,20250611173014-z_dbg_gen_00506_inp_hr,PHerc0500P2/segments/20250611173014-z_dbg_gen_00506_inp_hr/ink-detection/downsampled/PHerc0500P2-20250611173014-2.215um-0.4m-111keV-volume-20250526151718-20260417190342-new_canon_autoresearch_recipe-tile256-stride128-ds8.jpg,0.28,2.215,canon,2.215,0,118,ok
PHerc0500P2,20250628074500-500P2_front,PHerc0500P2/segments/20250628074500-500P2_front/ink-detection/downsampled/PHerc0500P2-20250628074500-2.215um-0.4m-111keV-volume-20250526151718-20260417190342-new_canon_autoresearch_recipe-tile256-stride128-ds8.jpg,0.29,2.215,canon,2.215,0,118,ok
PHerc0500P2,20250628074500-500P2_front,PHerc0500P2/segments/20250628074500-500P2_front/ink-detection/downsampled/PHerc0500P2-20250628074500-2.215um-0.4m-111keV-volume-20250526151718-20260709123958-mrg20736-1um-s1z2-tile256-stride128-ds8.jpg,0.4,2.215,1um_s1z2,2.215,0,118,ok
PHerc0500P2,20250716055227-z_dbg_gen_00260_inp_hr,PHerc0500P2/segments/20250716055227-z_dbg_gen_00260_inp_hr/ink-detection/downsampled/PHerc0500P2-20250716055227-2.215um-0.4m-111keV-volume-20250526151718-20260417190342-new_canon_autoresearch_recipe-tile256-stride128-ds8.jpg,0.07,2.215,canon,2.215,0,118,ok
PHerc0500P2,20250716055228-z_dbg_gen_00333_inp_hr,PHerc0500P2/segments/20250716055228-z_dbg_gen_00333_inp_hr/ink-detection/downsampled/PHerc0500P2-20250716055228-2.215um-0.4m-111keV-volume-20250526151718-20260417190342-new_canon_autoresearch_recipe-tile256-stride128-ds8.jpg,0.1,2.215,canon,2.215,0,118,ok
PHerc0500P2,20250716055229-z_dbg_gen_00371_inp_hr,PHerc0500P2/segments/20250716055229-z_dbg_gen_00371_inp_hr/ink-detection/downsampled/PHerc0500P2-20250716055229-2.215um-0.4m-111keV-volume-20250526151718-20260417190342-new_canon_autoresearch_recipe-tile256-stride128-ds8.jpg,0.16,2.215,canon,2.215,0,118,ok
PHerc0500P2,20250716055230-z_dbg_gen_00377_inp_hr,PHerc0500P2/segments/20250716055230-z_dbg_gen_00377_inp_hr/ink-detection/downsampled/PHerc0500P2-20250716055230-2.215um-0.4m-111keV-volume-20250526151718-20260417190342-new_canon_autoresearch_recipe-tile256-stride128-ds8.jpg,0.27,2.215,canon,2.215,0,118,ok
PHerc0500P2,20250716055231-z_dbg_gen_00473_inp_hr,PHerc0500P2/segments/20250716055231-z_dbg_gen_00473_inp_hr/ink-detection/downsampled/PHerc0500P2-20250716055231-2.215um-0.4m-111keV-volume-20250526151718-20260417190342-new_canon_autoresearch_recipe-tile256-stride128-ds8.jpg,0.33,2.215,canon,2.215,0,118,ok
PHerc0500P2,20250716055232-z_dbg_gen_00505_inp_hr,PHerc0500P2/segments/20250716055232-z_dbg_gen_00505_inp_hr/ink-detection/downsampled/PHerc0500P2-20250716055232-2.215um-0.4m-111keV-volume-20250526151718-20260417190342-new_canon_autoresearch_recipe-tile256-stride128-ds8.jpg,0.26,2.215,canon,2.215,0,118,ok
PHerc0500P2,20250716055233-z_dbg_gen_00565_inp_hr,PHerc0500P2/segments/20250716055233-z_dbg_gen_00565_inp_hr/ink-detection/downsampled/PHerc0500P2-20250716055233-2.215um-0.4m-111keV-volume-20250526151718-20260417190342-new_canon_autoresearch_recipe-tile256-stride128-ds8.jpg,0.22,2.215,canon,2.215,0,118,ok
PHerc0500P2,20250716055234-z_dbg_gen_00709_inp_hr,PHerc0500P2/segments/20250716055234-z_dbg_gen_00709_inp_hr/ink-detection/downsampled/PHerc0500P2-20250716055234-2.215um-0.4m-111keV-volume-20250526151718-20260417190342-new_canon_autoresearch_recipe-tile256-stride128-ds8.jpg,0.16,2.215,canon,2.215,0,118,ok
PHerc0500P2,20250716055235-z_dbg_gen_00779_inp_hr,PHerc0500P2/segments/20250716055235-z_dbg_gen_00779_inp_hr/ink-detection/downsampled/PHerc0500P2-20250716055235-2.215um-0.4m-111keV-volume-20250526151718-20260417190342-new_canon_autoresearch_recipe-tile256-stride128-ds8.jpg,0.32,2.215,canon,2.215,0,118,ok
PHerc0500P2,20250919184428-0500P2-wrap01_0919,PHerc0500P2/segments/20250919184428-0500P2-wrap01_0919/ink-detection/downsampled/PHerc0500P2-20250919184428-2.215um-0.4m-111keV-volume-20250526151718-20260417190342-new_canon_autoresearch_recipe-tile256-stride128-ds8.jpg,0.0,2.215,canon,2.215,0,118,ok
PHerc0500P2,20250919184429-0500P2-wrap02_0919,PHerc0500P2/segments/20250919184429-0500P2-wrap02_0919/ink-detection/downsampled/PHerc0500P2-20250919184429-2.215um-0.4m-111keV-volume-20250526151718-20260417190342-new_canon_autoresearch_recipe-tile256-stride128-ds8.jpg,0.01,2.215,canon,2.215,0,118,ok
PHerc0500P2,20250919184430-0500P2-wrap03_0919,PHerc0500P2/segments/20250919184430-0500P2-wrap03_0919/ink-detection/downsampled/PHerc0500P2-20250919184430-2.215um-0.4m-111keV-volume-20250526151718-20260417190342-new_canon_autoresearch_recipe-tile256-stride128-ds8.jpg,0.01,2.215,canon,2.215,0,118,ok
PHerc0500P2,20250919184431-0500P2-wrap04_0919,PHerc0500P2/segments/20250919184431-0500P2-wrap04_0919/ink-detection/downsampled/PHerc0500P2-20250919184431-2.215um-0.4m-111keV-volume-20250526151718-20260417190342-new_canon_autoresearch_recipe-tile256-stride128-ds8.jpg,0.02,2.215,canon,2.215,0,118,ok
PHerc0500P2,20250919184432-0500P2-wrap05_0919,PHerc0500P2/segments/20250919184432-0500P2-wrap05_0919/ink-detection/downsampled/PHerc0500P2-20250919184432-2.215um-0.4m-111keV-volume-20250526151718-20260417190342-new_canon_autoresearch_recipe-tile256-stride128-ds8.jpg,0.03,2.215,canon,2.215,0,118,ok
PHerc0500P2,20250919184433-0500P2-wrap06_0919,PHerc0500P2/segments/20250919184433-0500P2-wrap06_0919/ink-detection/downsampled/PHerc0500P2-20250919184433-2.215um-0.4m-111keV-volume-20250526151718-20260417190342-new_canon_autoresearch_recipe-tile256-stride128-ds8.jpg,0.02,2.215,canon,2.215,0,118,ok
PHerc0500P2,20250919184434-0500P2-wrap07_0919,PHerc0500P2/segments/20250919184434-0500P2-wrap07_0919/ink-detection/downsampled/PHerc0500P2-20250919184434-2.215um-0.4m-111keV-volume-20250526151718-20260417190342-new_canon_autoresearch_recipe-tile256-stride128-ds8.jpg,0.02,2.215,canon,2.215,0,118,ok
PHerc0500P2,20250919184435-0500P2-wrap08_0919,PHerc0500P2/segments/20250919184435-0500P2-wrap08_0919/ink-detection/downsampled/PHerc0500P2-20250919184435-2.215um-0.4m-111keV-volume-20250526151718-20260417190342-new_canon_autoresearch_recipe-tile256-stride128-ds8.jpg,0.02,2.215,canon,2.215,0,118,ok
PHerc0500P2,20250919184436-0500P2-wrap09_0919,PHerc0500P2/segments/20250919184436-0500P2-wrap09_0919/ink-detection/downsampled/PHerc0500P2-20250919184436-2.215um-0.4m-111keV-volume-20250526151718-20260417190342-new_canon_autoresearch_recipe-tile256-stride128-ds8.jpg,0.02,2.215,canon,2.215,0,118,ok
PHerc0500P2,20250920020222-0500P2-wrap10_0919,PHerc0500P2/segments/20250920020222-0500P2-wrap10_0919/ink-detection/downsampled/PHerc0500P2-20250920020222-2.215um-0.4m-111keV-volume-20250526151718-20260417190342-new_canon_autoresearch_recipe-tile256-stride128-ds8.jpg,0.02,2.215,canon,2.215,0,118,ok
PHerc0500P2,20250920020223-0500P2-wrap12_0919,PHerc0500P2/segments/20250920020223-0500P2-wrap12_0919/ink-detection/downsampled/PHerc0500P2-20250920020223-2.215um-0.4m-111keV-volume-20250526151718-20260417190342-new_canon_autoresearch_recipe-tile256-stride128-ds8.jpg,0.01,2.215,canon,2.215,0,118,ok
PHerc0500P2,20250920020224-0500P2-wrap13_0919,PHerc0500P2/segments/20250920020224-0500P2-wrap13_0919/ink-detection/downsampled/PHerc0500P2-20250920020224-2.215um-0.4m-111keV-volume-20250526151718-20260417190342-new_canon_autoresearch_recipe-tile256-stride128-ds8.jpg,0.01,2.215,canon,2.215,0,118,ok
PHerc0500P2,20250922024644-0500P2-wrap11_0919,PHerc0500P2/segments/20250922024644-0500P2-wrap11_0919/ink-detection/downsampled/PHerc0500P2-20250922024644-2.215um-0.4m-111keV-volume-20250526151718-20260417190342-new_canon_autoresearch_recipe-tile256-stride128-ds8.jpg,0.02,2.215,canon,2.215,0,118,ok
PHerc0814,20250925161630-auto_grown_20250925161630635,PHerc0814/segments/20250925161630-auto_grown_20250925161630635/ink-detection/downsampled/PHerc0814-20250925161630-1.129um-0.22m-59keV-volume-20260521123630-L1-20260709123958-mrg20736-1um-s1z2-tile256-stride128-ds8.jpg,1.57,1.129,1um_s1z2,2.258,1,116,ok
PHerc0814,20250925161630-auto_grown_20250925161630635,PHerc0814/segments/20250925161630-auto_grown_20250925161630635/ink-detection/downsampled/PHerc0814-20250925161630-2.399um-0.22m-78keV-volume-20260309142202-20260417190342-new_canon_autoresearch_recipe-tile256-stride128-ds8.jpg,1.15,2.399,canon,2.399,0,109,ok
PHerc0814,20250925182632-auto_grown_20250925182632715,PHerc0814/segments/20250925182632-auto_grown_20250925182632715/ink-detection/downsampled/PHerc0814-20250925182632-1.129um-0.22m-59keV-volume-20260521123630-L1-20260709123958-mrg20736-1um-s1z2-tile256-stride128-ds8.jpg,1.38,1.129,1um_s1z2,2.258,1,116,ok
PHerc0814,20250925182632-auto_grown_20250925182632715,PHerc0814/segments/20250925182632-auto_grown_20250925182632715/ink-detection/downsampled/PHerc0814-20250925182632-2.399um-0.22m-78keV-volume-20260309142202-20260417190342-new_canon_autoresearch_recipe-tile256-stride128-ds8.jpg,1.1,2.399,canon,2.399,0,109,ok
PHerc0814,20250925204843-auto_grown_20250925204843950,PHerc0814/segments/20250925204843-auto_grown_20250925204843950/ink-detection/downsampled/PHerc0814-20250925204843-1.129um-0.22m-59keV-volume-20260521123630-L1-20260709123958-mrg20736-1um-s1z2-tile256-stride128-ds8.jpg,0.97,1.129,1um_s1z2,2.258,1,116,ok
PHerc0814,20250925204843-auto_grown_20250925204843950,PHerc0814/segments/20250925204843-auto_grown_20250925204843950/ink-detection/downsampled/PHerc0814-20250925204843-2.399um-0.22m-78keV-volume-20260309142202-20260417190342-new_canon_autoresearch_recipe-tile256-stride128-ds8.jpg,1.58,2.399,canon,2.399,0,109,ok
PHerc0814,20250925212701-auto_grown_20250925212701145,PHerc0814/segments/20250925212701-auto_grown_20250925212701145/ink-detection/downsampled/PHerc0814-20250925212701-1.129um-0.22m-59keV-volume-20260521123630-L1-20260709123958-mrg20736-1um-s1z2-tile256-stride128-ds8.jpg,0.61,1.129,1um_s1z2,2.258,1,116,ok
PHerc0814,20250925212701-auto_grown_20250925212701145,PHerc0814/segments/20250925212701-auto_grown_20250925212701145/ink-detection/downsampled/PHerc0814-20250925212701-2.399um-0.22m-78keV-volume-20260309142202-20260417190342-new_canon_autoresearch_recipe-tile256-stride128-ds8.jpg,0.44,2.399,canon,2.399,0,109,ok
PHerc0814,20250925222237-auto_grown_20250925222237459,PHerc0814/segments/20250925222237-auto_grown_20250925222237459/ink-detection/downsampled/PHerc0814-20250925222237-1.129um-0.22m-59keV-volume-20260521123630-L1-20260709123958-mrg20736-1um-s1z2-tile256-stride128-ds8.jpg,0.89,1.129,1um_s1z2,2.258,1,116,ok
PHerc0814,20250925222237-auto_grown_20250925222237459,PHerc0814/segments/20250925222237-auto_grown_20250925222237459/ink-detection/downsampled/PHerc0814-20250925222237-2.399um-0.22m-78keV-volume-20260309142202-20260417190342-new_canon_autoresearch_recipe-tile256-stride128-ds8.jpg,0.59,2.399,canon,2.399,0,109,ok
PHerc0814,20250926051122-auto_grown_20250926051122829,PHerc0814/segments/20250926051122-auto_grown_20250926051122829/ink-detection/downsampled/PHerc0814-20250926051122-1.129um-0.22m-59keV-volume-20260521123630-L1-20260709123958-mrg20736-1um-s1z2-tile256-stride128-ds8.jpg,3.8,1.129,1um_s1z2,2.258,1,116,ok
PHerc0814,20250926051122-auto_grown_20250926051122829,PHerc0814/segments/20250926051122-auto_grown_20250926051122829/ink-detection/downsampled/PHerc0814-20250926051122-2.399um-0.22m-78keV-volume-20260309142202-20260417190342-new_canon_autoresearch_recipe-tile256-stride128-ds8.jpg,3.01,2.399,canon,2.399,0,109,ok
PHerc0814,20250926165636-auto_trace_20250926165636789,PHerc0814/segments/20250926165636-auto_trace_20250926165636789/ink-detection/downsampled/PHerc0814-20250926165636-1.129um-0.22m-59keV-volume-20260521123630-L1-20260709123958-mrg20736-1um-s1z2-tile256-stride128-ds8.jpg,0.89,1.129,1um_s1z2,2.258,1,116,ok
PHerc0814,20250926165636-auto_trace_20250926165636789,PHerc0814/segments/20250926165636-auto_trace_20250926165636789/ink-detection/downsampled/PHerc0814-20250926165636-2.399um-0.22m-78keV-volume-20260309142202-20260417190342-new_canon_autoresearch_recipe-tile256-stride128-ds8.jpg,1.44,2.399,canon,2.399,0,109,ok
PHerc0814,20250926203608-auto_grown_20250926203608932,PHerc0814/segments/20250926203608-auto_grown_20250926203608932/ink-detection/downsampled/PHerc0814-20250926203608-1.129um-0.22m-59keV-volume-20260521123630-L1-20260709123958-mrg20736-1um-s1z2-tile256-stride128-ds8.jpg,0.95,1.129,1um_s1z2,2.258,1,116,ok
PHerc0814,20250926203608-auto_grown_20250926203608932,PHerc0814/segments/20250926203608-auto_grown_20250926203608932/ink-detection/downsampled/PHerc0814-20250926203608-2.399um-0.22m-78keV-volume-20260309142202-20260417190342-new_canon_autoresearch_recipe-tile256-stride128-ds8.jpg,1.2,2.399,canon,2.399,0,109,ok
PHerc0814,20250928235953-auto_grown_20250928235953722,PHerc0814/segments/20250928235953-auto_grown_20250928235953722/ink-detection/downsampled/PHerc0814-20250928235953-1.129um-0.22m-59keV-volume-20260521123630-L1-20260709123958-mrg20736-1um-s1z2-tile256-stride128-ds8.jpg,4.16,1.129,1um_s1z2,2.258,1,116,ok
PHerc0814,20250928235953-auto_grown_20250928235953722,PHerc0814/segments/20250928235953-auto_grown_20250928235953722/ink-detection/downsampled/PHerc0814-20250928235953-2.399um-0.22m-78keV-volume-20260309142202-20260417190342-new_canon_autoresearch_recipe-tile256-stride128-ds8.jpg,3.04,2.399,canon,2.399,0,109,ok
PHerc0814,20250928235954-auto_grown_20250928235953722_copy,PHerc0814/segments/20250928235954-auto_grown_20250928235953722_copy/ink-detection/downsampled/PHerc0814-20250928235954-1.129um-0.22m-59keV-volume-20260521123630-L1-20260709123958-mrg20736-1um-s1z2-tile256-stride128-ds8.jpg,0.02,1.129,1um_s1z2,2.258,1,116,ok
PHerc0814,20250928235954-auto_grown_20250928235953722_copy,PHerc0814/segments/20250928235954-auto_grown_20250928235953722_copy/ink-detection/downsampled/PHerc0814-20250928235954-2.399um-0.22m-78keV-volume-20260309142202-20260417190342-new_canon_autoresearch_recipe-tile256-stride128-ds8.jpg,0.01,2.399,canon,2.399,0,109,ok
PHerc0814,20250929040153-auto_grown_20250929040153260,PHerc0814/segments/20250929040153-auto_grown_20250929040153260/ink-detection/downsampled/PHerc0814-20250929040153-1.129um-0.22m-59keV-volume-20260521123630-L1-20260709123958-mrg20736-1um-s1z2-tile256-stride128-ds8.jpg,0.71,1.129,1um_s1z2,2.258,1,116,ok
PHerc0814,20250929040153-auto_grown_20250929040153260,PHerc0814/segments/20250929040153-auto_grown_20250929040153260/ink-detection/downsampled/PHerc0814-20250929040153-2.399um-0.22m-78keV-volume-20260309142202-20260417190342-new_canon_autoresearch_recipe-tile256-stride128-ds8.jpg,0.49,2.399,canon,2.399,0,109,ok
PHerc0814,20250930083742-auto_grown_20250930083742882,PHerc0814/segments/20250930083742-auto_grown_20250930083742882/ink-detection/downsampled/PHerc0814-20250930083742-1.129um-0.22m-59keV-volume-20260521123630-L1-20260709123958-mrg20736-1um-s1z2-tile256-stride128-ds8.jpg,1.75,1.129,1um_s1z2,2.258,1,116,ok
PHerc0814,20250930083742-auto_grown_20250930083742882,PHerc0814/segments/20250930083742-auto_grown_20250930083742882/ink-detection/downsampled/PHerc0814-20250930083742-2.399um-0.22m-78keV-volume-20260309142202-20260417190342-new_canon_autoresearch_recipe-tile256-stride128-ds8.jpg,1.21,2.399,canon,2.399,0,109,ok
PHerc0814,20251001060526-auto_grown_20251001060526760,PHerc0814/segments/20251001060526-auto_grown_20251001060526760/ink-detection/downsampled/PHerc0814-20251001060526-1.129um-0.22m-59keV-volume-20260521123630-L1-20260709123958-mrg20736-1um-s1z2-tile256-stride128-ds8.jpg,1.77,1.129,1um_s1z2,2.258,1,116,ok
PHerc0814,20251001060526-auto_grown_20251001060526760,PHerc0814/segments/20251001060526-auto_grown_20251001060526760/ink-detection/downsampled/PHerc0814-20251001060526-2.399um-0.22m-78keV-volume-20260309142202-20260417190342-new_canon_autoresearch_recipe-tile256-stride128-ds8.jpg,1.25,2.399,canon,2.399,0,109,ok
PHerc0814,20260225160055-auto_grown_20260225160055913,PHerc0814/segments/20260225160055-auto_grown_20260225160055913/ink-detection/downsampled/PHerc0814-20260225160055-1.129um-0.22m-59keV-volume-20260521123630-L1-20260709123958-mrg20736-1um-s1z2-tile256-stride128-ds8.jpg,0.01,1.129,1um_s1z2,2.258,1,116,ok
PHerc0814,20260225160055-auto_grown_20260225160055913,PHerc0814/segments/20260225160055-auto_grown_20260225160055913/ink-detection/downsampled/PHerc0814-20260225160055-2.399um-0.22m-78keV-volume-20260309142202-20260417190342-new_canon_autoresearch_recipe-tile256-stride128-ds8.jpg,0.01,2.399,canon,2.399,0,109,ok
PHerc0814,20260226000000-46527_2um_try2,PHerc0814/segments/20260226000000-46527_2um_try2/ink-detection/downsampled/PHerc0814-20260226000000-1.129um-0.22m-59keV-volume-20260521123630-L1-20260709123958-mrg20736-1um-s1z2-tile256-stride128-ds8.jpg,0.15,1.129,1um_s1z2,2.258,1,116,ok
PHerc0814,20260226000000-46527_2um_try2,PHerc0814/segments/20260226000000-46527_2um_try2/ink-detection/downsampled/PHerc0814-20260226000000-2.399um-0.22m-78keV-volume-20260309142202-20260417190342-new_canon_autoresearch_recipe-tile256-stride128-ds8.jpg,0.13,2.399,canon,2.399,0,109,ok
PHerc0814,20260226110425-auto_grown_20260226110425097_abf,PHerc0814/segments/20260226110425-auto_grown_20260226110425097_abf/ink-detection/downsampled/PHerc0814-20260226110425-1.129um-0.22m-59keV-volume-20260521123630-L1-20260709123958-mrg20736-1um-s1z2-tile256-stride128-ds8.jpg,0.02,1.129,1um_s1z2,2.258,1,116,ok
PHerc0814,20260226110425-auto_grown_20260226110425097_abf,PHerc0814/segments/20260226110425-auto_grown_20260226110425097_abf/ink-detection/downsampled/PHerc0814-20260226110425-2.399um-0.22m-78keV-volume-20260309142202-20260417190342-new_canon_autoresearch_recipe-tile256-stride128-ds8.jpg,0.01,2.399,canon,2.399,0,109,ok
PHerc0814,20260226113324-auto_grown_20260226113324624_abf,PHerc0814/segments/20260226113324-auto_grown_20260226113324624_abf/ink-detection/downsampled/PHerc0814-20260226113324-1.129um-0.22m-59keV-volume-20260521123630-L1-20260709123958-mrg20736-1um-s1z2-tile256-stride128-ds8.jpg,0.01,1.129,1um_s1z2,2.258,1,116,ok
PHerc0814,20260226113324-auto_grown_20260226113324624_abf,PHerc0814/segments/20260226113324-auto_grown_20260226113324624_abf/ink-detection/downsampled/PHerc0814-20260226113324-2.399um-0.22m-78keV-volume-20260309142202-20260417190342-new_canon_autoresearch_recipe-tile256-stride128-ds8.jpg,0.01,2.399,canon,2.399,0,109,ok
PHerc0814,20260226121302-auto_grown_20260226121302716_abf,PHerc0814/segments/20260226121302-auto_grown_20260226121302716_abf/ink-detection/downsampled/PHerc0814-20260226121302-1.129um-0.22m-59keV-volume-20260521123630-L1-20260709123958-mrg20736-1um-s1z2-tile256-stride128-ds8.jpg,0.01,1.129,1um_s1z2,2.258,1,116,ok
PHerc0814,20260226121302-auto_grown_20260226121302716_abf,PHerc0814/segments/20260226121302-auto_grown_20260226121302716_abf/ink-detection/downsampled/PHerc0814-20260226121302-2.399um-0.22m-78keV-volume-20260309142202-20260417190342-new_canon_autoresearch_recipe-tile256-stride128-ds8.jpg,0.01,2.399,canon,2.399,0,109,ok
PHerc0814,20260226123353-auto_grown_20260226123353106,PHerc0814/segments/20260226123353-auto_grown_20260226123353106/ink-detection/downsampled/PHerc0814-20260226123353-1.129um-0.22m-59keV-volume-20260521123630-L1-20260709123958-mrg20736-1um-s1z2-tile256-stride128-ds8.jpg,0.0,1.129,1um_s1z2,2.258,1,116,ok
PHerc0814,20260226123353-auto_grown_20260226123353106,PHerc0814/segments/20260226123353-auto_grown_20260226123353106/ink-detection/downsampled/PHerc0814-20260226123353-2.399um-0.22m-78keV-volume-20260309142202-20260417190342-new_canon_autoresearch_recipe-tile256-stride128-ds8.jpg,0.01,2.399,canon,2.399,0,109,ok
PHerc1667,20240304141531-w013_20240304141531_flatboi,PHerc1667/segments/20240304141531-w013_20240304141531_flatboi/ink-detection/downsampled/PHerc1667-20240304141531-1.129um-0.22m-59keV-volume-20260323082859-L1-20260709123958-mrg20736-1um-s1z2-tile256-stride128-ds8.jpg,2.79,1.129,1um_s1z2,2.258,1,116,ok
PHerc1667,20240304141531-w013_20240304141531_flatboi,PHerc1667/segments/20240304141531-w013_20240304141531_flatboi/ink-detection/downsampled/PHerc1667-20240304141531-2.399um-0.22m-78keV-volume-20251217075048-20260417190342-new_canon_autoresearch_recipe-tile256-stride128-ds8.jpg,3.56,2.399,canon,2.399,0,109,ok
PHerc1667,20240304144031-w018_20240304144031_flatboi,PHerc1667/segments/20240304144031-w018_20240304144031_flatboi/ink-detection/downsampled/PHerc1667-20240304144031-1.129um-0.22m-59keV-volume-20260323082859-L1-20260709123958-mrg20736-1um-s1z2-tile256-stride128-ds8.jpg,3.17,1.129,1um_s1z2,2.258,1,116,ok
PHerc1667,20240304144031-w018_20240304144031_flatboi,PHerc1667/segments/20240304144031-w018_20240304144031_flatboi/ink-detection/downsampled/PHerc1667-20240304144031-2.399um-0.22m-78keV-volume-20251217075048-20260417190342-new_canon_autoresearch_recipe-tile256-stride128-ds8.jpg,4.27,2.399,canon,2.399,0,109,ok
PHerc1667,20240304161941-w023_20240304161941_flatboi,PHerc1667/segments/20240304161941-w023_20240304161941_flatboi/ink-detection/downsampled/PHerc1667-20240304161941-1.129um-0.22m-59keV-volume-20260323082859-L1-20260709123958-mrg20736-1um-s1z2-tile256-stride128-ds8.jpg,3.37,1.129,1um_s1z2,2.258,1,116,ok
PHerc1667,20240304161941-w023_20240304161941_flatboi,PHerc1667/segments/20240304161941-w023_20240304161941_flatboi/ink-detection/downsampled/PHerc1667-20240304161941-2.399um-0.22m-78keV-volume-20251217075048-20260417190342-new_canon_autoresearch_recipe-tile256-stride128-ds8.jpg,4.87,2.399,canon,2.399,0,109,ok
PHerc1667,20251206103305-w012_20251206103305555_flatboi,PHerc1667/segments/20251206103305-w012_20251206103305555_flatboi/ink-detection/downsampled/PHerc1667-20251206103305-1.129um-0.22m-59keV-volume-20260323082859-L1-20260709123958-mrg20736-1um-s1z2-tile256-stride128-ds8.jpg,0.47,1.129,1um_s1z2,2.258,1,116,ok
PHerc1667,20251206103305-w012_20251206103305555_flatboi,PHerc1667/segments/20251206103305-w012_20251206103305555_flatboi/ink-detection/downsampled/PHerc1667-20251206103305-2.399um-0.22m-78keV-volume-20251217075048-20260417190342-new_canon_autoresearch_recipe-tile256-stride128-ds8.jpg,0.56,2.399,canon,2.399,0,109,ok
PHerc1667,20251208130119-w028_20251208130119156_flatboi,PHerc1667/segments/20251208130119-w028_20251208130119156_flatboi/ink-detection/downsampled/PHerc1667-20251208130119-1.129um-0.22m-59keV-volume-20260323082859-L1-20260709123958-mrg20736-1um-s1z2-tile256-stride128-ds8.jpg,1.06,1.129,1um_s1z2,2.258,1,116,ok
PHerc1667,20251208130119-w028_20251208130119156_flatboi,PHerc1667/segments/20251208130119-w028_20251208130119156_flatboi/ink-detection/downsampled/PHerc1667-20251208130119-2.399um-0.22m-78keV-volume-20251217075048-20260417190342-new_canon_autoresearch_recipe-tile256-stride128-ds8.jpg,1.59,2.399,canon,2.399,0,109,ok
PHerc1667,20251212185248-w029_20251212185248662_flatboi,PHerc1667/segments/20251212185248-w029_20251212185248662_flatboi/ink-detection/downsampled/PHerc1667-20251212185248-1.129um-0.22m-59keV-volume-20260323082859-L1-20260709123958-mrg20736-1um-s1z2-tile256-stride128-ds8.jpg,1.06,1.129,1um_s1z2,2.258,1,116,ok
PHerc1667,20251212185248-w029_20251212185248662_flatboi,PHerc1667/segments/20251212185248-w029_20251212185248662_flatboi/ink-detection/downsampled/PHerc1667-20251212185248-2.399um-0.22m-78keV-volume-20251217075048-20260417190342-new_canon_autoresearch_recipe-tile256-stride128-ds8.jpg,1.59,2.399,canon,2.399,0,109,ok
PHerc1667,20251220020000-w030_2025122002_flatboi,PHerc1667/segments/20251220020000-w030_2025122002_flatboi/ink-detection/downsampled/PHerc1667-20251220020000-1.129um-0.22m-59keV-volume-20260323082859-L1-20260709123958-mrg20736-1um-s1z2-tile256-stride128-ds8.jpg,0.94,1.129,1um_s1z2,2.258,1,116,ok
PHerc1667,20251220020000-w030_2025122002_flatboi,PHerc1667/segments/20251220020000-w030_2025122002_flatboi/ink-detection/downsampled/PHerc1667-20251220020000-2.399um-0.22m-78keV-volume-20251217075048-20260417190342-new_canon_autoresearch_recipe-tile256-stride128-ds8.jpg,1.33,2.399,canon,2.399,0,109,ok
PHerc1667,20251223230000-w031_2025122323_flatboi,PHerc1667/segments/20251223230000-w031_2025122323_flatboi/ink-detection/downsampled/PHerc1667-20251223230000-1.129um-0.22m-59keV-volume-20260323082859-L1-20260709123958-mrg20736-1um-s1z2-tile256-stride128-ds8.jpg,0.91,1.129,1um_s1z2,2.258,1,116,ok
PHerc1667,20251223230000-w031_2025122323_flatboi,PHerc1667/segments/20251223230000-w031_2025122323_flatboi/ink-detection/downsampled/PHerc1667-20251223230000-2.399um-0.22m-78keV-volume-20251217075048-20260417190342-new_canon_autoresearch_recipe-tile256-stride128-ds8.jpg,1.22,2.399,canon,2.399,0,109,ok
PHerc1667,20260105050000-w032_2026010505_flatboi,PHerc1667/segments/20260105050000-w032_2026010505_flatboi/ink-detection/downsampled/PHerc1667-20260105050000-1.129um-0.22m-59keV-volume-20260323082859-L1-20260709123958-mrg20736-1um-s1z2-tile256-stride128-ds8.jpg,0.94,1.129,1um_s1z2,2.258,1,116,ok
PHerc1667,20260105050000-w032_2026010505_flatboi,PHerc1667/segments/20260105050000-w032_2026010505_flatboi/ink-detection/downsampled/PHerc1667-20260105050000-2.399um-0.22m-78keV-volume-20251217075048-20260417190342-new_canon_autoresearch_recipe-tile256-stride128-ds8.jpg,1.27,2.399,canon,2.399,0,109,ok
PHerc1667,20260108140509-w011_20260108140509268_flatboi,PHerc1667/segments/20260108140509-w011_20260108140509268_flatboi/ink-detection/downsampled/PHerc1667-20260108140509-1.129um-0.22m-59keV-volume-20260323082859-L1-20260709123958-mrg20736-1um-s1z2-tile256-stride128-ds8.jpg,0.42,1.129,1um_s1z2,2.258,1,116,ok
PHerc1667,20260108140509-w011_20260108140509268_flatboi,PHerc1667/segments/20260108140509-w011_20260108140509268_flatboi/ink-detection/downsampled/PHerc1667-20260108140509-2.399um-0.22m-78keV-volume-20251217075048-20260417190342-new_canon_autoresearch_recipe-tile256-stride128-ds8.jpg,0.51,2.399,canon,2.399,0,109,ok
PHerc1667,20260110010000-w033_2026011001_flatboi,PHerc1667/segments/20260110010000-w033_2026011001_flatboi/ink-detection/downsampled/PHerc1667-20260110010000-1.129um-0.22m-59keV-volume-20260323082859-L1-20260709123958-mrg20736-1um-s1z2-tile256-stride128-ds8.jpg,0.86,1.129,1um_s1z2,2.258,1,116,ok
PHerc1667,20260110010000-w033_2026011001_flatboi,PHerc1667/segments/20260110010000-w033_2026011001_flatboi/ink-detection/downsampled/PHerc1667-20260110010000-2.399um-0.22m-78keV-volume-20251217075048-20260417190342-new_canon_autoresearch_recipe-tile256-stride128-ds8.jpg,1.12,2.399,canon,2.399,0,109,ok
PHerc1667,20260115160000-w034_2026011516_flatboi,PHerc1667/segments/20260115160000-w034_2026011516_flatboi/ink-detection/downsampled/PHerc1667-20260115160000-1.129um-0.22m-59keV-volume-20260323082859-L1-20260709123958-mrg20736-1um-s1z2-tile256-stride128-ds8.jpg,0.86,1.129,1um_s1z2,2.258,1,116,ok
PHerc1667,20260115160000-w034_2026011516_flatboi,PHerc1667/segments/20260115160000-w034_2026011516_flatboi/ink-detection/downsampled/PHerc1667-20260115160000-2.399um-0.22m-78keV-volume-20251217075048-20260417190342-new_canon_autoresearch_recipe-tile256-stride128-ds8.jpg,1.02,2.399,canon,2.399,0,109,ok
PHerc1667,20260116230000-w035_2026011623_flatboi,PHerc1667/segments/20260116230000-w035_2026011623_flatboi/ink-detection/downsampled/PHerc1667-20260116230000-1.129um-0.22m-59keV-volume-20260323082859-L1-20260709123958-mrg20736-1um-s1z2-tile256-stride128-ds8.jpg,0.85,1.129,1um_s1z2,2.258,1,116,ok
PHerc1667,20260116230000-w035_2026011623_flatboi,PHerc1667/segments/20260116230000-w035_2026011623_flatboi/ink-detection/downsampled/PHerc1667-20260116230000-2.399um-0.22m-78keV-volume-20251217075048-20260417190342-new_canon_autoresearch_recipe-tile256-stride128-ds8.jpg,1.06,2.399,canon,2.399,0,109,ok
PHerc1667,20260119120000-w036_2026011912_flatboi,PHerc1667/segments/20260119120000-w036_2026011912_flatboi/ink-detection/downsampled/PHerc1667-20260119120000-1.129um-0.22m-59keV-volume-20260323082859-L1-20260709123958-mrg20736-1um-s1z2-tile256-stride128-ds8.jpg,0.81,1.129,1um_s1z2,2.258,1,116,ok
PHerc1667,20260119120000-w036_2026011912_flatboi,PHerc1667/segments/20260119120000-w036_2026011912_flatboi/ink-detection/downsampled/PHerc1667-20260119120000-2.399um-0.22m-78keV-volume-20251217075048-20260417190342-new_canon_autoresearch_recipe-tile256-stride128-ds8.jpg,1.11,2.399,canon,2.399,0,109,ok
PHerc1667,20260123230000-w037_2026012323_flatboi,PHerc1667/segments/20260123230000-w037_2026012323_flatboi/ink-detection/downsampled/PHerc1667-20260123230000-1.129um-0.22m-59keV-volume-20260323082859-L1-20260709123958-mrg20736-1um-s1z2-tile256-stride128-ds8.jpg,0.63,1.129,1um_s1z2,2.258,1,116,ok
PHerc1667,20260123230000-w037_2026012323_flatboi,PHerc1667/segments/20260123230000-w037_2026012323_flatboi/ink-detection/downsampled/PHerc1667-20260123230000-2.399um-0.22m-78keV-volume-20251217075048-20260417190342-new_canon_autoresearch_recipe-tile256-stride128-ds8.jpg,0.76,2.399,canon,2.399,0,109,ok
PHerc1667,20260128140000-w038_2026012814_flatboi,PHerc1667/segments/20260128140000-w038_2026012814_flatboi/ink-detection/downsampled/PHerc1667-20260128140000-1.129um-0.22m-59keV-volume-20260323082859-L1-20260709123958-mrg20736-1um-s1z2-tile256-stride128-ds8.jpg,0.57,1.129,1um_s1z2,2.258,1,116,ok
PHerc1667,20260128140000-w038_2026012814_flatboi,PHerc1667/segments/20260128140000-w038_2026012814_flatboi/ink-detection/downsampled/PHerc1667-20260128140000-2.399um-0.22m-78keV-volume-20251217075048-20260417190342-new_canon_autoresearch_recipe-tile256-stride128-ds8.jpg,0.73,2.399,canon,2.399,0,109,ok
PHerc1667,20260130150000-w039_2026013015_flatboi,PHerc1667/segments/20260130150000-w039_2026013015_flatboi/ink-detection/downsampled/PHerc1667-20260130150000-1.129um-0.22m-59keV-volume-20260323082859-L1-20260709123958-mrg20736-1um-s1z2-tile256-stride128-ds8.jpg,0.54,1.129,1um_s1z2,2.258,1,116,ok
PHerc1667,20260130150000-w039_2026013015_flatboi,PHerc1667/segments/20260130150000-w039_2026013015_flatboi/ink-detection/downsampled/PHerc1667-20260130150000-2.399um-0.22m-78keV-volume-20251217075048-20260417190342-new_canon_autoresearch_recipe-tile256-stride128-ds8.jpg,0.73,2.399,canon,2.399,0,109,ok
PHerc1667,20260203210000-w040_2026020321_flatboi,PHerc1667/segments/20260203210000-w040_2026020321_flatboi/ink-detection/downsampled/PHerc1667-20260203210000-1.129um-0.22m-59keV-volume-20260323082859-L1-20260709123958-mrg20736-1um-s1z2-tile256-stride128-ds8.jpg,0.42,1.129,1um_s1z2,2.258,1,116,ok
PHerc1667,20260203210000-w040_2026020321_flatboi,PHerc1667/segments/20260203210000-w040_2026020321_flatboi/ink-detection/downsampled/PHerc1667-20260203210000-2.399um-0.22m-78keV-volume-20251217075048-20260417190342-new_canon_autoresearch_recipe-tile256-stride128-ds8.jpg,0.59,2.399,canon,2.399,0,109,ok
PHerc1667,20260205070000-w041_2026020507_flatboi,PHerc1667/segments/20260205070000-w041_2026020507_flatboi/ink-detection/downsampled/PHerc1667-20260205070000-1.129um-0.22m-59keV-volume-20260323082859-L1-20260709123958-mrg20736-1um-s1z2-tile256-stride128-ds8.jpg,0.37,1.129,1um_s1z2,2.258,1,116,ok
PHerc1667,20260205070000-w041_2026020507_flatboi,PHerc1667/segments/20260205070000-w041_2026020507_flatboi/ink-detection/downsampled/PHerc1667-20260205070000-2.399um-0.22m-78keV-volume-20251217075048-20260417190342-new_canon_autoresearch_recipe-tile256-stride128-ds8.jpg,0.49,2.399,canon,2.399,0,109,ok
PHercParis4,20230702185753,PHercParis4/segments/20230702185753/ink-detection/downsampled/PHercParis4-20230702185753-1.129um-0.23m-78keV-volume-20260608103018-L1-20260709123958-mrg20736-1um-s1z2-tile256-stride128-ds8.jpg,1.9,1.129,1um_s1z2,2.258,1,116,ok
PHercParis4,20230702185753,PHercParis4/segments/20230702185753/ink-detection/downsampled/PHercParis4-20230702185753-2.4um-0.22m-78keV-volume-20260411134726-20260417190342-new_canon_autoresearch_recipe-tile256-stride128-ds8.jpg,2.14,2.4,canon,2.4,0,109,ok
PHercParis4,20230929220926,PHercParis4/segments/20230929220926/ink-detection/downsampled/PHercParis4-20230929220926-2.4um-0.22m-78keV-volume-20260411134726-20260417190342-new_canon_autoresearch_recipe-tile256-stride128-ds8.jpg,3.26,2.4,canon,2.4,0,109,ok
PHercParis4,20231005123336,PHercParis4/segments/20231005123336/ink-detection/downsampled/PHercParis4-20231005123336-2.4um-0.22m-78keV-volume-20260411134726-20260417190342-new_canon_autoresearch_recipe-tile256-stride128-ds8.jpg,4.1,2.4,canon,2.4,0,109,ok
PHercParis4,20231007101619,PHercParis4/segments/20231007101619/ink-detection/downsampled/PHercParis4-20231007101619-1.129um-0.23m-78keV-volume-20260608103018-L1-20260709123958-mrg20736-1um-s1z2-tile256-stride128-ds8.jpg,5.27,1.129,1um_s1z2,2.258,1,116,ok
PHercParis4,20231007101619,PHercParis4/segments/20231007101619/ink-detection/downsampled/PHercParis4-20231007101619-2.4um-0.22m-78keV-volume-20260411134726-20260417190342-new_canon_autoresearch_recipe-tile256-stride128-ds8.jpg,6.57,2.4,canon,2.4,0,109,ok
PHercParis4,20231012184424,PHercParis4/segments/20231012184424/ink-detection/downsampled/PHercParis4-20231012184424-1.129um-0.23m-78keV-volume-20260608103018-L1-20260709123958-mrg20736-1um-s1z2-tile256-stride128-ds8.jpg,3.71,1.129,1um_s1z2,2.258,1,116,ok
PHercParis4,20231012184424,PHercParis4/segments/20231012184424/ink-detection/downsampled/PHercParis4-20231012184424-2.4um-0.22m-78keV-volume-20260411134726-20260417190342-new_canon_autoresearch_recipe-tile256-stride128-ds8.jpg,4.4,2.4,canon,2.4,0,109,ok
PHercParis4,20231016151002,PHercParis4/segments/20231016151002/ink-detection/downsampled/PHercParis4-20231016151002-2.4um-0.22m-78keV-volume-20260411134726-20260417190342-new_canon_autoresearch_recipe-tile256-stride128-ds8.jpg,1.72,2.4,canon,2.4,0,109,ok
PHercParis4,20231022170901,PHercParis4/segments/20231022170901/ink-detection/downsampled/PHercParis4-20231022170901-2.4um-0.22m-78keV-volume-20260411134726-20260417190342-new_canon_autoresearch_recipe-tile256-stride128-ds8.jpg,2.83,2.4,canon,2.4,0,109,ok
PHercParis4,20231031143852,PHercParis4/segments/20231031143852/ink-detection/downsampled/PHercParis4-20231031143852-1.129um-0.23m-78keV-volume-20260608103018-L1-20260709123958-mrg20736-1um-s1z2-tile256-stride128-ds8.jpg,1.99,1.129,1um_s1z2,2.258,1,116,ok
PHercParis4,20231031143852,PHercParis4/segments/20231031143852/ink-detection/downsampled/PHercParis4-20231031143852-2.4um-0.22m-78keV-volume-20260411134726-20260417190342-new_canon_autoresearch_recipe-tile256-stride128-ds8.jpg,1.57,2.4,canon,2.4,0,109,ok
PHercParis4,20231106155351,PHercParis4/segments/20231106155351/ink-detection/downsampled/PHercParis4-20231106155351-1.129um-0.23m-78keV-volume-20260608103018-L1-20260709123958-mrg20736-1um-s1z2-tile256-stride128-ds8.jpg,2.49,1.129,1um_s1z2,2.258,1,116,ok
PHercParis4,20231106155351,PHercParis4/segments/20231106155351/ink-detection/downsampled/PHercParis4-20231106155351-2.4um-0.22m-78keV-volume-20260411134726-20260417190342-new_canon_autoresearch_recipe-tile256-stride128-ds8.jpg,2.08,2.4,canon,2.4,0,109,ok
PHercParis4,20231210121321,PHercParis4/segments/20231210121321/ink-detection/downsampled/PHercParis4-20231210121321-1.129um-0.23m-78keV-volume-20260608103018-L1-20260709123958-mrg20736-1um-s1z2-tile256-stride128-ds8.jpg,1.88,1.129,1um_s1z2,2.258,1,116,ok
PHercParis4,20231210121321,PHercParis4/segments/20231210121321/ink-detection/downsampled/PHercParis4-20231210121321-2.4um-0.22m-78keV-volume-20260411134726-20260417190342-new_canon_autoresearch_recipe-tile256-stride128-ds8.jpg,2.45,2.4,canon,2.4,0,109,ok
PHercParis4,20231221180251,PHercParis4/segments/20231221180251/ink-detection/downsampled/PHercParis4-20231221180251-1.129um-0.23m-78keV-volume-20260608103018-L1-20260709123958-mrg20736-1um-s1z2-tile256-stride128-ds8.jpg,1.86,1.129,1um_s1z2,2.258,1,116,ok
PHercParis4,20231221180251,PHercParis4/segments/20231221180251/ink-detection/downsampled/PHercParis4-20231221180251-2.4um-0.22m-78keV-volume-20260411134726-20260417190342-new_canon_autoresearch_recipe-tile256-stride128-ds8.jpg,1.51,2.4,canon,2.4,0,109,ok
PHercParis4,20260602204401-5753_-7,PHercParis4/segments/20260602204401-5753_-7/ink-detection/downsampled/PHercParis4-20260602204401-1.129um-0.23m-78keV-volume-20260608103018-L1-20260709123958-mrg20736-1um-s1z2-tile256-stride128-ds8.jpg,0.4,1.129,1um_s1z2,2.258,1,116,ok
PHercParis4,20260602204401-5753_-7,PHercParis4/segments/20260602204401-5753_-7/ink-detection/downsampled/PHercParis4-20260602204401-2.4um-0.22m-78keV-volume-20260411134726-20260417190342-new_canon_autoresearch_recipe-tile256-stride128-ds8.jpg,0.47,2.4,canon,2.4,0,109,ok
PHercParis4,20260602225659-5753_0,PHercParis4/segments/20260602225659-5753_0/ink-detection/downsampled/PHercParis4-20260602225659-2.4um-0.22m-78keV-volume-20260411134726-20260417190342-new_canon_autoresearch_recipe-tile256-stride128-ds8.jpg,1.21,2.4,canon,2.4,0,109,ok
PHercParis4,20260602230115-20230702185753_v14,PHercParis4/segments/20260602230115-20230702185753_v14/ink-detection/downsampled/PHercParis4-20260602230115-2.4um-0.22m-78keV-volume-20260411134726-20260417190342-new_canon_autoresearch_recipe-tile256-stride128-ds8.jpg,2.45,2.4,canon,2.4,0,109,ok
PHercParis4,20260603005223-5753_-1,PHercParis4/segments/20260603005223-5753_-1/ink-detection/downsampled/PHercParis4-20260603005223-2.4um-0.22m-78keV-volume-20260411134726-20260417190342-new_canon_autoresearch_recipe-tile256-stride128-ds8.jpg,0.95,2.4,canon,2.4,0,109,ok
PHercParis4,20260603024952-5753_-2,PHercParis4/segments/20260603024952-5753_-2/ink-detection/downsampled/PHercParis4-20260603024952-1.129um-0.23m-78keV-volume-20260608103018-L1-20260709123958-mrg20736-1um-s1z2-tile256-stride128-ds8.jpg,0.55,1.129,1um_s1z2,2.258,1,116,ok
PHercParis4,20260603024952-5753_-2,PHercParis4/segments/20260603024952-5753_-2/ink-detection/downsampled/PHercParis4-20260603024952-2.4um-0.22m-78keV-volume-20260411134726-20260417190342-new_canon_autoresearch_recipe-tile256-stride128-ds8.jpg,0.89,2.4,canon,2.4,0,109,ok
PHercParis4,20260603042357-5753_-3,PHercParis4/segments/20260603042357-5753_-3/ink-detection/downsampled/PHercParis4-20260603042357-1.129um-0.23m-78keV-volume-20260608103018-L1-20260709123958-mrg20736-1um-s1z2-tile256-stride128-ds8.jpg,0.54,1.129,1um_s1z2,2.258,1,116,ok
PHercParis4,20260603042357-5753_-3,PHercParis4/segments/20260603042357-5753_-3/ink-detection/downsampled/PHercParis4-20260603042357-2.4um-0.22m-78keV-volume-20260411134726-20260417190342-new_canon_autoresearch_recipe-tile256-stride128-ds8.jpg,0.86,2.4,canon,2.4,0,109,ok
PHercParis4,20260603145540-5753_-4,PHercParis4/segments/20260603145540-5753_-4/ink-detection/downsampled/PHercParis4-20260603145540-1.129um-0.23m-78keV-volume-20260608103018-L1-20260709123958-mrg20736-1um-s1z2-tile256-stride128-ds8.jpg,0.53,1.129,1um_s1z2,2.258,1,116,ok
PHercParis4,20260603145540-5753_-4,PHercParis4/segments/20260603145540-5753_-4/ink-detection/downsampled/PHercParis4-20260603145540-2.4um-0.22m-78keV-volume-20260411134726-20260417190342-new_canon_autoresearch_recipe-tile256-stride128-ds8.jpg,0.77,2.4,canon,2.4,0,109,ok
PHercParis4,20260603185441-5753_-6,PHercParis4/segments/20260603185441-5753_-6/ink-detection/downsampled/PHercParis4-20260603185441-1.129um-0.23m-78keV-volume-20260608103018-L1-20260709123958-mrg20736-1um-s1z2-tile256-stride128-ds8.jpg,0.49,1.129,1um_s1z2,2.258,1,116,ok
PHercParis4,20260603185441-5753_-6,PHercParis4/segments/20260603185441-5753_-6/ink-detection/downsampled/PHercParis4-20260603185441-2.4um-0.22m-78keV-volume-20260411134726-20260417190342-new_canon_autoresearch_recipe-tile256-stride128-ds8.jpg,0.66,2.4,canon,2.4,0,109,ok
PHercParis4,20260603190005-5753_-5,PHercParis4/segments/20260603190005-5753_-5/ink-detection/downsampled/PHercParis4-20260603190005-1.129um-0.23m-78keV-volume-20260608103018-L1-20260709123958-mrg20736-1um-s1z2-tile256-stride128-ds8.jpg,0.49,1.129,1um_s1z2,2.258,1,116,ok
PHercParis4,20260603190005-5753_-5,PHercParis4/segments/20260603190005-5753_-5/ink-detection/downsampled/PHercParis4-20260603190005-2.4um-0.22m-78keV-volume-20260411134726-20260417190342-new_canon_autoresearch_recipe-tile256-stride128-ds8.jpg,0.69,2.4,canon,2.4,0,109,ok
PHercParis4,20260603193311-5753_-1_copy,PHercParis4/segments/20260603193311-5753_-1_copy/ink-detection/downsampled/PHercParis4-20260603193311-1.129um-0.23m-78keV-volume-20260608103018-L1-20260709123958-mrg20736-1um-s1z2-tile256-stride128-ds8.jpg,0.55,1.129,1um_s1z2,2.258,1,116,ok
PHercParis4,20260603193311-5753_-1_copy,PHercParis4/segments/20260603193311-5753_-1_copy/ink-detection/downsampled/PHercParis4-20260603193311-2.4um-0.22m-78keV-volume-20260411134726-20260417190342-new_canon_autoresearch_recipe-tile256-stride128-ds8.jpg,0.86,2.4,canon,2.4,0,109,ok
PHercParis4,20260603222816-20231005123336_v2_flatboi,PHercParis4/segments/20260603222816-20231005123336_v2_flatboi/ink-detection/downsampled/PHercParis4-20260603222816-1.129um-0.23m-78keV-volume-20260608103018-L1-20260709123958-mrg20736-1um-s1z2-tile256-stride128-ds8.jpg,2.48,1.129,1um_s1z2,2.258,1,116,ok
PHercParis4,20260603222816-20231005123336_v2_flatboi,PHercParis4/segments/20260603222816-20231005123336_v2_flatboi/ink-detection/downsampled/PHercParis4-20260603222816-2.4um-0.22m-78keV-volume-20260411134726-20260417190342-new_canon_autoresearch_recipe-tile256-stride128-ds8.jpg,3.29,2.4,canon,2.4,0,109,ok
PHercParis4,20260604223808-20231210121321_v8,PHercParis4/segments/20260604223808-20231210121321_v8/ink-detection/downsampled/PHercParis4-20260604223808-1.129um-0.23m-78keV-volume-20260608103018-L1-20260709123958-mrg20736-1um-s1z2-tile256-stride128-ds8.jpg,2.49,1.129,1um_s1z2,2.258,1,116,ok
PHercParis4,20260604223808-20231210121321_v8,PHercParis4/segments/20260604223808-20231210121321_v8/ink-detection/downsampled/PHercParis4-20260604223808-2.4um-0.22m-78keV-volume-20260411134726-20260417190342-new_canon_autoresearch_recipe-tile256-stride128-ds8.jpg,3.89,2.4,canon,2.4,0,109,ok
PHercParis4,20260623141135-w046-052_jordi,PHercParis4/segments/20260623141135-w046-052_jordi/ink-detection/downsampled/PHercParis4-20260623141135-1.129um-0.23m-78keV-volume-20260608103018-L1-20260709123958-mrg20736-1um-s1z2-tile256-stride128-ds8.jpg,9.35,1.129,1um_s1z2,2.258,1,116,ok
PHercParis4,20260623141135-w046-052_jordi,PHercParis4/segments/20260623141135-w046-052_jordi/ink-detection/downsampled/PHercParis4-20260623141135-2.4um-0.22m-78keV-volume-20260411134726-20260417190342-new_canon_autoresearch_recipe-tile256-stride128-ds8.jpg,13.47,2.4,canon,2.4,0,109,ok
PHercParis4,20260623141649-w053-058_jordi,PHercParis4/segments/20260623141649-w053-058_jordi/ink-detection/downsampled/PHercParis4-20260623141649-1.129um-0.23m-78keV-volume-20260608103018-L1-20260709123958-mrg20736-1um-s1z2-tile256-stride128-ds8.jpg,8.48,1.129,1um_s1z2,2.258,1,116,ok
PHercParis4,20260623141649-w053-058_jordi,PHercParis4/segments/20260623141649-w053-058_jordi/ink-detection/downsampled/PHercParis4-20260623141649-2.4um-0.22m-78keV-volume-20260411134726-20260417190342-new_canon_autoresearch_recipe-tile256-stride128-ds8.jpg,13.08,2.4,canon,2.4,0,109,ok
PHercParis4,20260623141924-w010-027,PHercParis4/segments/20260623141924-w010-027/ink-detection/downsampled/PHercParis4-20260623141924-1.129um-0.23m-78keV-volume-20260608103018-L1-20260709123958-mrg20736-1um-s1z2-tile256-stride128-ds8.jpg,8.61,1.129,1um_s1z2,2.258,1,116,ok
PHercParis4,20260623141924-w010-027,PHercParis4/segments/20260623141924-w010-027/ink-detection/downsampled/PHercParis4-20260623141924-2.4um-0.22m-78keV-volume-20260411134726-20260417190342-new_canon_autoresearch_recipe-tile256-stride128-ds8.jpg,8.31,2.4,canon,2.4,0,109,ok
PHercParis4,20260623142658-w028-037,PHercParis4/segments/20260623142658-w028-037/ink-detection/downsampled/PHercParis4-20260623142658-1.129um-0.23m-78keV-volume-20260608103018-L1-20260709123958-mrg20736-1um-s1z2-tile256-stride128-ds8.jpg,9.37,1.129,1um_s1z2,2.258,1,116,ok
PHercParis4,20260623142658-w028-037,PHercParis4/segments/20260623142658-w028-037/ink-detection/downsampled/PHercParis4-20260623142658-2.4um-0.22m-78keV-volume-20260411134726-20260417190342-new_canon_autoresearch_recipe-tile256-stride128-ds8.jpg,10.0,2.4,canon,2.4,0,109,ok
PHercParis4,20260623143441-w038-045,PHercParis4/segments/20260623143441-w038-045/ink-detection/downsampled/PHercParis4-20260623143441-1.129um-0.23m-78keV-volume-20260608103018-L1-20260709123958-mrg20736-1um-s1z2-tile256-stride128-ds8.jpg,9.11,1.129,1um_s1z2,2.258,1,116,ok
PHercParis4,20260623143441-w038-045,PHercParis4/segments/20260623143441-w038-045/ink-detection/downsampled/PHercParis4-20260623143441-2.4um-0.22m-78keV-volume-20260411134726-20260417190342-new_canon_autoresearch_recipe-tile256-stride128-ds8.jpg,11.77,2.4,canon,2.4,0,109,ok
PHercParis4,20260623144224-w046-052,PHercParis4/segments/20260623144224-w046-052/ink-detection/downsampled/PHercParis4-20260623144224-1.129um-0.23m-78keV-volume-20260608103018-L1-20260709123958-mrg20736-1um-s1z2-tile256-stride128-ds8.jpg,9.33,1.129,1um_s1z2,2.258,1,116,ok
PHercParis4,20260623144224-w046-052,PHercParis4/segments/20260623144224-w046-052/ink-detection/downsampled/PHercParis4-20260623144224-2.4um-0.22m-78keV-volume-20260411134726-20260417190342-new_canon_autoresearch_recipe-tile256-stride128-ds8.jpg,13.67,2.4,canon,2.4,0,109,ok
PHercParis4,20260623144957-w053-058,PHercParis4/segments/20260623144957-w053-058/ink-detection/downsampled/PHercParis4-20260623144957-1.129um-0.23m-78keV-volume-20260608103018-L1-20260709123958-mrg20736-1um-s1z2-tile256-stride128-ds8.jpg,8.41,1.129,1um_s1z2,2.258,1,116,ok
PHercParis4,20260623144957-w053-058,PHercParis4/segments/20260623144957-w053-058/ink-detection/downsampled/PHercParis4-20260623144957-2.4um-0.22m-78keV-volume-20260411134726-20260417190342-new_canon_autoresearch_recipe-tile256-stride128-ds8.jpg,12.88,2.4,canon,2.4,0,109,ok
PHercParis4,20260623145652-w059-063,PHercParis4/segments/20260623145652-w059-063/ink-detection/downsampled/PHercParis4-20260623145652-1.129um-0.23m-78keV-volume-20260608103018-L1-20260709123958-mrg20736-1um-s1z2-tile256-stride128-ds8.jpg,8.13,1.129,1um_s1z2,2.258,1,116,ok
PHercParis4,20260623145652-w059-063,PHercParis4/segments/20260623145652-w059-063/ink-detection/downsampled/PHercParis4-20260623145652-2.4um-0.22m-78keV-volume-20260411134726-20260417190342-new_canon_autoresearch_recipe-tile256-stride128-ds8.jpg,12.39,2.4,canon,2.4,0,109,ok
PHercParis4,20260623150417-w064-068,PHercParis4/segments/20260623150417-w064-068/ink-detection/downsampled/PHercParis4-20260623150417-1.129um-0.23m-78keV-volume-20260608103018-L1-20260709123958-mrg20736-1um-s1z2-tile256-stride128-ds8.jpg,7.64,1.129,1um_s1z2,2.258,1,116,ok
PHercParis4,20260623150417-w064-068,PHercParis4/segments/20260623150417-w064-068/ink-detection/downsampled/PHercParis4-20260623150417-2.4um-0.22m-78keV-volume-20260411134726-20260417190342-new_canon_autoresearch_recipe-tile256-stride128-ds8.jpg,13.63,2.4,canon,2.4,0,109,ok
PHercParis4,20260623151041-w069-072,PHercParis4/segments/20260623151041-w069-072/ink-detection/downsampled/PHercParis4-20260623151041-1.129um-0.23m-78keV-volume-20260608103018-L1-20260709123958-mrg20736-1um-s1z2-tile256-stride128-ds8.jpg,6.95,1.129,1um_s1z2,2.258,1,116,ok
PHercParis4,20260623151041-w069-072,PHercParis4/segments/20260623151041-w069-072/ink-detection/downsampled/PHercParis4-20260623151041-2.4um-0.22m-78keV-volume-20260411134726-20260417190342-new_canon_autoresearch_recipe-tile256-stride128-ds8.jpg,12.11,2.4,canon,2.4,0,109,ok
PHercParis4,20260623151729-w073-076,PHercParis4/segments/20260623151729-w073-076/ink-detection/downsampled/PHercParis4-20260623151729-1.129um-0.23m-78keV-volume-20260608103018-L1-20260709123958-mrg20736-1um-s1z2-tile256-stride128-ds8.jpg,7.06,1.129,1um_s1z2,2.258,1,116,ok
PHercParis4,20260623151729-w073-076,PHercParis4/segments/20260623151729-w073-076/ink-detection/downsampled/PHercParis4-20260623151729-2.4um-0.22m-78keV-volume-20260411134726-20260417190342-new_canon_autoresearch_recipe-tile256-stride128-ds8.jpg,13.08,2.4,canon,2.4,0,109,ok
PHercParis4,20260623152443-w077-080,PHercParis4/segments/20260623152443-w077-080/ink-detection/downsampled/PHercParis4-20260623152443-1.129um-0.23m-78keV-volume-20260608103018-L1-20260709123958-mrg20736-1um-s1z2-tile256-stride128-ds8.jpg,7.34,1.129,1um_s1z2,2.258,1,116,ok
PHercParis4,20260623152443-w077-080,PHercParis4/segments/20260623152443-w077-080/ink-detection/downsampled/PHercParis4-20260623152443-2.4um-0.22m-78keV-volume-20260411134726-20260417190342-new_canon_autoresearch_recipe-tile256-stride128-ds8.jpg,13.49,2.4,canon,2.4,0,109,ok
PHercParis4,20260623153216-w081-084,PHercParis4/segments/20260623153216-w081-084/ink-detection/downsampled/PHercParis4-20260623153216-1.129um-0.23m-78keV-volume-20260608103018-L1-20260709123958-mrg20736-1um-s1z2-tile256-stride128-ds8.jpg,7.3,1.129,1um_s1z2,2.258,1,116,ok
PHercParis4,20260623153216-w081-084,PHercParis4/segments/20260623153216-w081-084/ink-detection/downsampled/PHercParis4-20260623153216-2.4um-0.22m-78keV-volume-20260411134726-20260417190342-new_canon_autoresearch_recipe-tile256-stride128-ds8.jpg,14.31,2.4,canon,2.4,0,109,ok
PHercParis4,20260623154006-w085-088,PHercParis4/segments/20260623154006-w085-088/ink-detection/downsampled/PHercParis4-20260623154006-1.129um-0.23m-78keV-volume-20260608103018-L1-20260709123958-mrg20736-1um-s1z2-tile256-stride128-ds8.jpg,7.3,1.129,1um_s1z2,2.258,1,116,ok
PHercParis4,20260623154006-w085-088,PHercParis4/segments/20260623154006-w085-088/ink-detection/downsampled/PHercParis4-20260623154006-2.4um-0.22m-78keV-volume-20260411134726-20260417190342-new_canon_autoresearch_recipe-tile256-stride128-ds8.jpg,14.8,2.4,canon,2.4,0,109,ok
PHercParis4,20260623154617-w089-091,PHercParis4/segments/20260623154617-w089-091/ink-detection/downsampled/PHercParis4-20260623154617-1.129um-0.23m-78keV-volume-20260608103018-L1-20260709123958-mrg20736-1um-s1z2-tile256-stride128-ds8.jpg,6.27,1.129,1um_s1z2,2.258,1,116,ok
PHercParis4,20260623154617-w089-091,PHercParis4/segments/20260623154617-w089-091/ink-detection/downsampled/PHercParis4-20260623154617-2.4um-0.22m-78keV-volume-20260411134726-20260417190342-new_canon_autoresearch_recipe-tile256-stride128-ds8.jpg,12.18,2.4,canon,2.4,0,109,ok
PHercParis4,20260623155240-w092-094,PHercParis4/segments/20260623155240-w092-094/ink-detection/downsampled/PHercParis4-20260623155240-1.129um-0.23m-78keV-volume-20260608103018-L1-20260709123958-mrg20736-1um-s1z2-tile256-stride128-ds8.jpg,6.73,1.129,1um_s1z2,2.258,1,116,ok
PHercParis4,20260623155240-w092-094,PHercParis4/segments/20260623155240-w092-094/ink-detection/downsampled/PHercParis4-20260623155240-2.4um-0.22m-78keV-volume-20260411134726-20260417190342-new_canon_autoresearch_recipe-tile256-stride128-ds8.jpg,12.31,2.4,canon,2.4,0,109,ok
PHercParis4,20260623155914-w095-097,PHercParis4/segments/20260623155914-w095-097/ink-detection/downsampled/PHercParis4-20260623155914-2.4um-0.22m-78keV-volume-20260411134726-20260417190342-new_canon_autoresearch_recipe-tile256-stride128-ds8.jpg,11.4,2.4,canon,2.4,0,109,ok
PHercParis4,20260623160554-w098-100,PHercParis4/segments/20260623160554-w098-100/ink-detection/downsampled/PHercParis4-20260623160554-2.4um-0.22m-78keV-volume-20260411134726-20260417190342-new_canon_autoresearch_recipe-tile256-stride128-ds8.jpg,11.29,2.4,canon,2.4,0,109,ok
PHercParis4,20260623161233-w101-103,PHercParis4/segments/20260623161233-w101-103/ink-detection/downsampled/PHercParis4-20260623161233-2.4um-0.22m-78keV-volume-20260411134726-20260417190342-new_canon_autoresearch_recipe-tile256-stride128-ds8.jpg,10.28,2.4,canon,2.4,0,109,ok
PHercParis4,20260623162614-w107-109,PHercParis4/segments/20260623162614-w107-109/ink-detection/downsampled/PHercParis4-20260623162614-2.4um-0.22m-78keV-volume-20260411134726-20260417190342-new_canon_autoresearch_recipe-tile256-stride128-ds8.jpg,10.36,2.4,canon,2.4,0,109,ok
PHercParis4,20260623163339-w110-112,PHercParis4/segments/20260623163339-w110-112/ink-detection/downsampled/PHercParis4-20260623163339-2.4um-0.22m-78keV-volume-20260411134726-20260417190342-new_canon_autoresearch_recipe-tile256-stride128-ds8.jpg,9.66,2.4,canon,2.4,0,109,ok
PHercParis4,20260623164141-w113-115,PHercParis4/segments/20260623164141-w113-115/ink-detection/downsampled/PHercParis4-20260623164141-1.129um-0.23m-78keV-volume-20260608103018-L1-20260709123958-mrg20736-1um-s1z2-tile256-stride128-ds8.jpg,6.29,1.129,1um_s1z2,2.258,1,116,ok
PHercParis4,20260623164141-w113-115,PHercParis4/segments/20260623164141-w113-115/ink-detection/downsampled/PHercParis4-20260623164141-2.4um-0.22m-78keV-volume-20260411134726-20260417190342-new_canon_autoresearch_recipe-tile256-stride128-ds8.jpg,10.36,2.4,canon,2.4,0,109,ok
PHercParis4,20260623164704-w116-117,PHercParis4/segments/20260623164704-w116-117/ink-detection/downsampled/PHercParis4-20260623164704-1.129um-0.23m-78keV-volume-20260608103018-L1-20260709123958-mrg20736-1um-s1z2-tile256-stride128-ds8.jpg,4.43,1.129,1um_s1z2,2.258,1,116,ok
PHercParis4,20260623164704-w116-117,PHercParis4/segments/20260623164704-w116-117/ink-detection/downsampled/PHercParis4-20260623164704-2.4um-0.22m-78keV-volume-20260411134726-20260417190342-new_canon_autoresearch_recipe-tile256-stride128-ds8.jpg,6.83,2.4,canon,2.4,0,109,ok
PHercParis4,20260623165230-w118-119,PHercParis4/segments/20260623165230-w118-119/ink-detection/downsampled/PHercParis4-20260623165230-1.129um-0.23m-78keV-volume-20260608103018-L1-20260709123958-mrg20736-1um-s1z2-tile256-stride128-ds8.jpg,3.9,1.129,1um_s1z2,2.258,1,116,ok
PHercParis4,20260623165230-w118-119,PHercParis4/segments/20260623165230-w118-119/ink-detection/downsampled/PHercParis4-20260623165230-2.4um-0.22m-78keV-volume-20260411134726-20260417190342-new_canon_autoresearch_recipe-tile256-stride128-ds8.jpg,6.57,2.4,canon,2.4,0,109,ok
PHercParis4,20260623165742-w120-121,PHercParis4/segments/20260623165742-w120-121/ink-detection/downsampled/PHercParis4-20260623165742-1.129um-0.23m-78keV-volume-20260608103018-L1-20260709123958-mrg20736-1um-s1z2-tile256-stride128-ds8.jpg,3.89,1.129,1um_s1z2,2.258,1,116,ok
PHercParis4,20260623165742-w120-121,PHercParis4/segments/20260623165742-w120-121/ink-detection/downsampled/PHercParis4-20260623165742-2.4um-0.22m-78keV-volume-20260411134726-20260417190342-new_canon_autoresearch_recipe-tile256-stride128-ds8.jpg,6.37,2.4,canon,2.4,0,109,ok
PHercParis4,20260623170305-w122-123,PHercParis4/segments/20260623170305-w122-123/ink-detection/downsampled/PHercParis4-20260623170305-1.129um-0.23m-78keV-volume-20260608103018-L1-20260709123958-mrg20736-1um-s1z2-tile256-stride128-ds8.jpg,4.0,1.129,1um_s1z2,2.258,1,116,ok
PHercParis4,20260623170305-w122-123,PHercParis4/segments/20260623170305-w122-123/ink-detection/downsampled/PHercParis4-20260623170305-2.4um-0.22m-78keV-volume-20260411134726-20260417190342-new_canon_autoresearch_recipe-tile256-stride128-ds8.jpg,6.61,2.4,canon,2.4,0,109,ok
PHercParis4,20260623170833-w124-125,PHercParis4/segments/20260623170833-w124-125/ink-detection/downsampled/PHercParis4-20260623170833-2.4um-0.22m-78keV-volume-20260411134726-20260417190342-new_canon_autoresearch_recipe-tile256-stride128-ds8.jpg,6.64,2.4,canon,2.4,0,109,ok
PHercParis4,20260623171400-w126-127,PHercParis4/segments/20260623171400-w126-127/ink-detection/downsampled/PHercParis4-20260623171400-2.4um-0.22m-78keV-volume-20260411134726-20260417190342-new_canon_autoresearch_recipe-tile256-stride128-ds8.jpg,6.29,2.4,canon,2.4,0,109,ok
PHercParis4,20260623171929-w128-129,PHercParis4/segments/20260623171929-w128-129/ink-detection/downsampled/PHercParis4-20260623171929-2.4um-0.22m-78keV-volume-20260411134726-20260417190342-new_canon_autoresearch_recipe-tile256-stride128-ds8.jpg,6.05,2.4,canon,2.4,0,109,ok
PHercParis4,20260701183124-w010-027,PHercParis4/segments/20260701183124-w010-027/ink-detection/downsampled/PHercParis4-20260701183124-2.4um-0.22m-78keV-volume-20260411134726-20260417190342-new_canon_autoresearch_recipe-tile256-stride128-ds8.jpg,12.93,2.4,canon,2.4,0,109,ok
PHercParis4,20260701183125-w028-037,PHercParis4/segments/20260701183125-w028-037/ink-detection/downsampled/PHercParis4-20260701183125-2.4um-0.22m-78keV-volume-20260411134726-20260417190342-new_canon_autoresearch_recipe-tile256-stride128-ds8.jpg,14.9,2.4,canon,2.4,0,109,ok
PHercParis4,20260701183126-w038-045,PHercParis4/segments/20260701183126-w038-045/ink-detection/downsampled/PHercParis4-20260701183126-2.4um-0.22m-78keV-volume-20260411134726-20260417190342-new_canon_autoresearch_recipe-tile256-stride128-ds8.jpg,17.07,2.4,canon,2.4,0,109,ok
PHercParis4,20260701183127-w046-052,PHercParis4/segments/20260701183127-w046-052/ink-detection/downsampled/PHercParis4-20260701183127-2.4um-0.22m-78keV-volume-20260411134726-20260417190342-new_canon_autoresearch_recipe-tile256-stride128-ds8.jpg,20.32,2.4,canon,2.4,0,109,ok
PHercParis4,20260701183128-w053-058,PHercParis4/segments/20260701183128-w053-058/ink-detection/downsampled/PHercParis4-20260701183128-2.4um-0.22m-78keV-volume-20260411134726-20260417190342-new_canon_autoresearch_recipe-tile256-stride128-ds8.jpg,18.99,2.4,canon,2.4,0,109,ok
PHercParis4,20260701183129-w059-063,PHercParis4/segments/20260701183129-w059-063/ink-detection/downsampled/PHercParis4-20260701183129-2.4um-0.22m-78keV-volume-20260411134726-20260417190342-new_canon_autoresearch_recipe-tile256-stride128-ds8.jpg,18.92,2.4,canon,2.4,0,109,ok
PHercParis4,20260701183130-w064-068,PHercParis4/segments/20260701183130-w064-068/ink-detection/downsampled/PHercParis4-20260701183130-2.4um-0.22m-78keV-volume-20260411134726-20260417190342-new_canon_autoresearch_recipe-tile256-stride128-ds8.jpg,19.84,2.4,canon,2.4,0,109,ok
PHercParis4,20260701183131-w069-072,PHercParis4/segments/20260701183131-w069-072/ink-detection/downsampled/PHercParis4-20260701183131-2.4um-0.22m-78keV-volume-20260411134726-20260417190342-new_canon_autoresearch_recipe-tile256-stride128-ds8.jpg,17.25,2.4,canon,2.4,0,109,ok
PHercParis4,20260701183132-w073-076,PHercParis4/segments/20260701183132-w073-076/ink-detection/downsampled/PHercParis4-20260701183132-2.4um-0.22m-78keV-volume-20260411134726-20260417190342-new_canon_autoresearch_recipe-tile256-stride128-ds8.jpg,18.73,2.4,canon,2.4,0,109,ok
PHercParis4,20260701183133-w077-080,PHercParis4/segments/20260701183133-w077-080/ink-detection/downsampled/PHercParis4-20260701183133-2.4um-0.22m-78keV-volume-20260411134726-20260417190342-new_canon_autoresearch_recipe-tile256-stride128-ds8.jpg,19.33,2.4,canon,2.4,0,109,ok
PHercParis4,20260701183134-w081-084,PHercParis4/segments/20260701183134-w081-084/ink-detection/downsampled/PHercParis4-20260701183134-2.4um-0.22m-78keV-volume-20260411134726-20260417190342-new_canon_autoresearch_recipe-tile256-stride128-ds8.jpg,20.42,2.4,canon,2.4,0,109,ok
PHercParis4,20260701183135-w085-088,PHercParis4/segments/20260701183135-w085-088/ink-detection/downsampled/PHercParis4-20260701183135-2.4um-0.22m-78keV-volume-20260411134726-20260417190342-new_canon_autoresearch_recipe-tile256-stride128-ds8.jpg,20.95,2.4,canon,2.4,0,109,ok
PHercParis4,20260701183136-w089-091,PHercParis4/segments/20260701183136-w089-091/ink-detection/downsampled/PHercParis4-20260701183136-2.4um-0.22m-78keV-volume-20260411134726-20260417190342-new_canon_autoresearch_recipe-tile256-stride128-ds8.jpg,17.09,2.4,canon,2.4,0,109,ok
PHercParis4,20260701183137-w092-094,PHercParis4/segments/20260701183137-w092-094/ink-detection/downsampled/PHercParis4-20260701183137-2.4um-0.22m-78keV-volume-20260411134726-20260417190342-new_canon_autoresearch_recipe-tile256-stride128-ds8.jpg,17.26,2.4,canon,2.4,0,109,ok
PHercParis4,20260701183138-w095-097,PHercParis4/segments/20260701183138-w095-097/ink-detection/downsampled/PHercParis4-20260701183138-2.4um-0.22m-78keV-volume-20260411134726-20260417190342-new_canon_autoresearch_recipe-tile256-stride128-ds8.jpg,16.23,2.4,canon,2.4,0,109,ok
PHercParis4,20260701183139-w098-100,PHercParis4/segments/20260701183139-w098-100/ink-detection/downsampled/PHercParis4-20260701183139-2.4um-0.22m-78keV-volume-20260411134726-20260417190342-new_canon_autoresearch_recipe-tile256-stride128-ds8.jpg,15.9,2.4,canon,2.4,0,109,ok
PHercParis4,20260701183140-w101-103,PHercParis4/segments/20260701183140-w101-103/ink-detection/downsampled/PHercParis4-20260701183140-2.4um-0.22m-78keV-volume-20260411134726-20260417190342-new_canon_autoresearch_recipe-tile256-stride128-ds8.jpg,14.89,2.4,canon,2.4,0,109,ok
PHercParis4,20260701183141-w104-106,PHercParis4/segments/20260701183141-w104-106/ink-detection/downsampled/PHercParis4-20260701183141-2.4um-0.22m-78keV-volume-20260411134726-20260417190342-new_canon_autoresearch_recipe-tile256-stride128-ds8.jpg,13.46,2.4,canon,2.4,0,109,ok
PHercParis4,20260701183142-w107-109,PHercParis4/segments/20260701183142-w107-109/ink-detection/downsampled/PHercParis4-20260701183142-2.4um-0.22m-78keV-volume-20260411134726-20260417190342-new_canon_autoresearch_recipe-tile256-stride128-ds8.jpg,15.38,2.4,canon,2.4,0,109,ok
PHercParis4,20260701183143-w110-112,PHercParis4/segments/20260701183143-w110-112/ink-detection/downsampled/PHercParis4-20260701183143-2.4um-0.22m-78keV-volume-20260411134726-20260417190342-new_canon_autoresearch_recipe-tile256-stride128-ds8.jpg,14.51,2.4,canon,2.4,0,109,ok
PHercParis4,20260701183144-w113-115,PHercParis4/segments/20260701183144-w113-115/ink-detection/downsampled/PHercParis4-20260701183144-2.4um-0.22m-78keV-volume-20260411134726-20260417190342-new_canon_autoresearch_recipe-tile256-stride128-ds8.jpg,15.19,2.4,canon,2.4,0,109,ok
PHercParis4,20260701183145-w116-117,PHercParis4/segments/20260701183145-w116-117/ink-detection/downsampled/PHercParis4-20260701183145-2.4um-0.22m-78keV-volume-20260411134726-20260417190342-new_canon_autoresearch_recipe-tile256-stride128-ds8.jpg,10.19,2.4,canon,2.4,0,109,ok
PHercParis4,20260701183146-w118-119,PHercParis4/segments/20260701183146-w118-119/ink-detection/downsampled/PHercParis4-20260701183146-2.4um-0.22m-78keV-volume-20260411134726-20260417190342-new_canon_autoresearch_recipe-tile256-stride128-ds8.jpg,10.06,2.4,canon,2.4,0,109,ok
PHercParis4,20260701183147-w120-121,PHercParis4/segments/20260701183147-w120-121/ink-detection/downsampled/PHercParis4-20260701183147-2.4um-0.22m-78keV-volume-20260411134726-20260417190342-new_canon_autoresearch_recipe-tile256-stride128-ds8.jpg,9.96,2.4,canon,2.4,0,109,ok
PHercParis4,20260701183148-w122-123,PHercParis4/segments/20260701183148-w122-123/ink-detection/downsampled/PHercParis4-20260701183148-2.4um-0.22m-78keV-volume-20260411134726-20260417190342-new_canon_autoresearch_recipe-tile256-stride128-ds8.jpg,9.95,2.4,canon,2.4,0,109,ok
PHercParis4,20260701183149-w124-125,PHercParis4/segments/20260701183149-w124-125/ink-detection/downsampled/PHercParis4-20260701183149-2.4um-0.22m-78keV-volume-20260411134726-20260417190342-new_canon_autoresearch_recipe-tile256-stride128-ds8.jpg,9.66,2.4,canon,2.4,0,109,ok
PHercParis4,20260701183150-w126-127,PHercParis4/segments/20260701183150-w126-127/ink-detection/downsampled/PHercParis4-20260701183150-2.4um-0.22m-78keV-volume-20260411134726-20260417190342-new_canon_autoresearch_recipe-tile256-stride128-ds8.jpg,9.15,2.4,canon,2.4,0,109,ok
PHercParis4,20260701183151-w128-129,PHercParis4/segments/20260701183151-w128-129/ink-detection/downsampled/PHercParis4-20260701183151-2.4um-0.22m-78keV-volume-20260411134726-20260417190342-new_canon_autoresearch_recipe-tile256-stride128-ds8.jpg,8.32,2.4,canon,2.4,0,109,ok
